campus_id,building_id,date,category,gross_floor_area,room_area,capacity,energy_consumption_kWh,water_consumption_L,energy_intensity,water_intensity,air_temperature,relative_humidity,environmental_deviation,energy_efficiency,water_efficiency,environmental_efficiency,is_holiday,is_semester,is_exam,CSEI
1.0,30.0,2020-01-05,mixed use,1466488.4200000006,4961.590000000004,994.0,40.716499999999996,,2.776462428527051e-05,,13.922083333333333,74.97291666666666,0.20793011826407531,0.9465789778901296,,0.8122637971328299,0.0,0.0,0.0,
1.0,30.0,2020-01-06,mixed use,1466488.4200000006,4961.590000000004,994.0,113.6655,,7.750862430949161e-05,,13.663680555555556,98.21180555555556,1.5860212450626316,0.8579040238872131,,0.20473859803288433,0.0,0.0,0.0,
1.0,30.0,2020-01-07,mixed use,1466488.4200000006,4961.590000000004,994.0,96.2053,,6.560249551783025e-05,,17.833958333333335,90.79375,1.1709573945245293,0.8783411105863559,,0.3100699398517722,0.0,0.0,0.0,
1.0,30.0,2020-01-08,mixed use,1466488.4200000006,4961.590000000004,994.0,109.7336,,7.482745755332998e-05,,20.913541666666667,75.96597222222222,1.0858167855374146,0.8624644109244638,,0.3376259052859109,0.0,0.0,0.0,
1.0,30.0,2020-01-09,mixed use,1466488.4200000006,4961.590000000004,994.0,176.7006,,0.00012049232546957304,,24.059166666666666,67.50347222222223,1.7603341711313982,0.7879996557290426,,0.17198738100134023,0.0,0.0,0.0,
1.0,30.0,2020-01-10,mixed use,1466488.4200000006,4961.590000000004,994.0,117.26599999999999,,7.996380905619421e-05,,21.781041666666667,71.49652777777777,1.2796371667487139,0.853749162634635,,0.2781381999346329,0.0,0.0,0.0,
1.0,30.0,2020-01-11,mixed use,1466488.4200000006,4961.590000000004,994.0,33.4734,,2.2825546757471145e-05,,15.17611111111111,73.94166666666666,0.1273285077399781,0.9558689110472613,,0.8804443922868614,0.0,0.0,0.0,
1.0,30.0,2020-01-12,mixed use,1466488.4200000006,4961.590000000004,994.0,43.312799999999996,,2.9535043993051085e-05,,17.024097222222224,66.54166666666667,0.7384269830672461,0.943271015572902,,0.4778650143797375,0.0,0.0,0.0,
1.0,30.0,2020-01-13,mixed use,1466488.4200000006,4961.590000000004,994.0,96.84599999999999,,6.6039389523444e-05,,21.976805555555554,60.01875,1.6845502250618933,0.8775826393069146,,0.18552785897416066,0.0,0.0,0.0,
1.0,30.0,2020-01-14,mixed use,1466488.4200000006,4961.590000000004,994.0,197.0356,,0.00013435878341269133,,25.590625,56.27361111111111,2.3714038898938816,0.7666869486496145,,0.09334958170897106,0.0,0.0,0.0,
1.0,30.0,2020-01-15,mixed use,1466488.4200000006,4961.590000000004,994.0,139.798,,9.532840361603397e-05,,25.178333333333335,59.03333333333333,2.202316377250051,0.8282010822780452,,0.11054679348058882,0.0,0.0,0.0,
1.0,30.0,2020-01-16,mixed use,1466488.4200000006,4961.590000000004,994.0,103.5934,,7.064044869853112e-05,,16.955694444444443,78.79791666666667,0.41650437407793967,0.8696346154607354,,0.659347628751214,0.0,0.0,0.0,
1.0,30.0,2020-01-17,mixed use,1466488.4200000006,4961.590000000004,994.0,66.93159999999999,,4.564072861891399e-05,,17.920625,70.66388888888889,0.6402691235162331,0.9137041014722723,,0.5271505363453215,0.0,0.0,0.0,
1.0,30.0,2020-01-18,mixed use,1466488.4200000006,4961.590000000004,994.0,42.967299999999994,,2.92994471787237e-05,,20.48423611111111,72.21388888888889,1.0358472065350626,0.9437105516138364,,0.3549255582610618,0.0,0.0,0.0,
1.0,30.0,2020-01-19,mixed use,1466488.4200000006,4961.590000000004,994.0,82.0312,,5.593716178133883e-05,,21.127361111111114,82.04027777777777,1.2080772590258515,0.8952893347192181,,0.29877118711853284,0.0,0.0,0.0,
1.0,30.0,2020-01-20,mixed use,1466488.4200000006,4961.590000000004,994.0,106.719,,7.277179863445491e-05,,18.349166666666665,95.32708333333333,1.4970164808585655,0.8659772853201836,,0.22379686732452336,0.0,0.0,0.0,
1.0,30.0,2020-01-21,mixed use,1466488.4200000006,4961.590000000004,994.0,93.2188,,6.356599801858644e-05,,17.669999999999998,71.74027777777778,0.5617459880711768,0.8818852372925362,,0.5702126097887766,0.0,0.0,0.0,
1.0,30.0,2020-01-22,mixed use,1466488.4200000006,4961.590000000004,994.0,111.6711,,7.614864084641046e-05,,22.136736111111112,60.66388888888889,1.6786263979977964,0.8602141933393728,,0.1866301556101624,0.0,0.0,0.0,
1.0,30.0,2020-01-23,mixed use,1466488.4200000006,4961.590000000004,994.0,99.701,,6.798621703402196e-05,,16.66125,74.14583333333333,0.3221465524124807,0.8742107969545887,,0.7245919918438019,0.0,0.0,0.0,
1.0,30.0,2020-01-24,mixed use,1466488.4200000006,4961.590000000004,994.0,60.546499999999995,,4.1286722195869755e-05,,17.142222222222223,58.60625,1.2544900076505354,0.921604571466907,,0.28522127180537005,0.0,0.0,0.0,
1.0,30.0,2020-01-25,mixed use,1466488.4200000006,4961.590000000004,994.0,42.655699999999996,,2.9086966810143634e-05,,19.92125,64.67361111111111,1.1862868121748273,0.9441071366138523,,0.3053529946243233,0.0,0.0,0.0,
1.0,30.0,2020-01-26,mixed use,1466488.4200000006,4961.590000000004,994.0,76.03699999999999,,5.184971048049596e-05,,19.281041666666667,77.25972222222222,0.7924565246696922,0.9025547372005942,,0.4527312825921889,0.0,0.0,0.0,
1.0,30.0,2020-01-27,mixed use,1466488.4200000006,4961.590000000004,994.0,100.0037,,6.819262848321703e-05,,18.437430555555558,70.13263888888889,0.7403810929337388,0.8738540594689557,,0.4769321254209023,0.0,0.0,0.0,
1.0,30.0,2020-01-28,mixed use,1466488.4200000006,4961.590000000004,994.0,95.92139999999999,,6.540890380845963e-05,,18.482777777777777,73.73958333333333,0.6529586966371046,0.8786774056680895,,0.5205034843896124,0.0,0.0,0.0,
1.0,30.0,2020-01-29,mixed use,1466488.4200000006,4961.590000000004,994.0,132.7678,,9.053450282273619e-05,,22.096805555555555,61.65069444444445,1.6306969585536533,0.8360891801555076,,0.19579306690976997,0.0,0.0,0.0,
1.0,30.0,2020-01-30,mixed use,1466488.4200000006,4961.590000000004,994.0,208.992,,0.00014251186518063328,,27.760972222222225,38.54375,3.4939473888043104,0.7544257980803228,,0.030380710687962404,0.0,0.0,0.0,
1.0,30.0,2020-01-31,mixed use,1466488.4200000006,4961.590000000004,994.0,82.3819,,5.617630448114958e-05,,30.863263888888888,38.64930555555556,3.8955672056259307,0.894866076613659,,0.02033183884456184,0.0,0.0,0.0,
1.0,30.0,2020-02-01,mixed use,1466488.4200000006,4961.590000000004,994.0,43.56759999999999,,2.9708792381735937e-05,,22.20888888888889,89.38958333333333,1.630819684734177,0.942946996856256,,0.19576903944892454,0.0,0.0,0.0,
1.0,30.0,2020-02-02,mixed use,1466488.4200000006,4961.590000000004,994.0,64.4297,,4.393468037067757e-05,,18.176180555555558,73.66180555555556,0.5991851353883214,0.9167916732056334,,0.5492590255309111,0.0,0.0,0.0,
1.0,30.0,2020-02-03,mixed use,1466488.4200000006,4961.590000000004,994.0,81.0026,,5.523575835668717e-05,,14.821736111111111,61.49930555555556,0.9910154681318545,0.8965319020190451,,0.3711995582493364,0.0,0.0,0.0,
1.0,30.0,2020-02-04,mixed use,1466488.4200000006,4961.590000000004,994.0,90.98639999999999,,6.204372210453592e-05,,14.87611111111111,57.77430555555556,1.2500539050599555,0.884543798547102,,0.28648935321818675,0.0,0.0,0.0,
1.0,30.0,2020-02-05,mixed use,1466488.4200000006,4961.590000000004,994.0,72.80789999999999,,4.964778378543211e-05,,15.598958333333334,68.42777777777778,0.5190825218046669,0.9064930448303515,,0.5950662579098398,0.0,0.0,0.0,
1.0,30.0,2020-02-06,mixed use,1466488.4200000006,4961.590000000004,994.0,109.80319999999999,,7.48749178667227e-05,,19.938958333333332,74.91944444444445,0.9079933689542332,0.8623834754661249,,0.4033327525761929,0.0,0.0,0.0,
1.0,30.0,2020-02-07,mixed use,1466488.4200000006,4961.590000000004,994.0,88.865,,6.059713720753414e-05,,20.387083333333333,91.02430555555556,1.453834804491583,0.887077596466196,,0.23367247945995814,0.0,0.0,0.0,
1.0,30.0,2020-02-08,mixed use,1466488.4200000006,4961.590000000004,994.0,43.26199999999999,,2.9500403419482833e-05,,22.619305555555556,70.0111111111111,1.4550544939991588,0.9433356291615018,,0.23338764532846334,0.0,0.0,0.0,
1.0,30.0,2020-02-09,mixed use,1466488.4200000006,4961.590000000004,994.0,85.1202,,5.804355413866818e-05,,22.215972222222224,61.87777777777778,1.6389327490568428,0.8915681093202288,,0.19418717818730985,0.0,0.0,0.0,
1.0,30.0,2020-02-10,mixed use,1466488.4200000006,4961.590000000004,994.0,159.0236,,0.00010843836052929755,,21.774444444444445,80.00347222222223,1.2794186270778574,0.8070073477513722,,0.27819899080766597,0.0,0.0,0.0,
1.0,30.0,2020-02-11,mixed use,1466488.4200000006,4961.590000000004,994.0,148.59709999999998,,0.00010132851918462467,,21.968055555555555,84.95694444444445,1.4323694552504282,0.8184330058020854,,0.23874256170941793,0.0,0.0,0.0,
1.0,30.0,2020-02-12,mixed use,1466488.4200000006,4961.590000000004,994.0,149.6253,,0.00010202964984885455,,22.238541666666666,82.27916666666667,1.4058665838584123,0.8172991221230104,,0.24515451742716343,0.0,0.0,0.0,
1.0,30.0,2020-02-13,mixed use,1466488.4200000006,4961.590000000004,994.0,211.9823,,0.00014455095390388418,,24.246180555555554,73.30277777777778,1.707477047135731,0.7513900562969701,,0.18132268460277148,0.0,0.0,0.0,
1.0,30.0,2020-02-14,mixed use,1466488.4200000006,4961.590000000004,994.0,130.2099,,8.879026811544816e-05,,23.58152777777778,86.32569444444445,1.7412194893449877,0.8389778247118517,,0.17530648581853556,0.0,0.0,0.0,
1.0,30.0,2020-02-15,mixed use,1466488.4200000006,4961.590000000004,994.0,43.645199999999996,,2.976170790356461e-05,,18.241319444444443,99.99513888888889,1.7918118702877064,0.9428483382290184,,0.16665793338554336,0.0,0.0,0.0,
1.0,30.0,2020-02-16,mixed use,1466488.4200000006,4961.590000000004,994.0,75.4619,,5.145754918405695e-05,,20.063958333333332,79.64583333333333,0.9686711462019942,0.903254892049224,,0.3795871188889976,0.0,0.0,0.0,
1.0,30.0,2020-02-17,mixed use,1466488.4200000006,4961.590000000004,994.0,158.8703,,0.00010833382509764374,,21.003888888888888,76.49791666666667,1.1036430440586926,0.8071741774310802,,0.33166062588861106,0.0,0.0,0.0,
1.0,30.0,2020-02-18,mixed use,1466488.4200000006,4961.590000000004,994.0,91.4674,,6.237171651174713e-05,,18.38326388888889,97.18402777777777,1.618238663609748,0.8839702999262933,,0.1982475724153489,0.0,0.0,0.0,
1.0,30.0,2020-02-19,mixed use,1466488.4200000006,4961.590000000004,994.0,104.00479999999999,,7.09209827923496e-05,,14.996041666666667,89.09861111111111,0.9317151168562366,0.8691523463552834,,0.3938775846353181,0.0,0.0,0.0,
1.0,30.0,2020-02-20,mixed use,1466488.4200000006,4961.590000000004,994.0,115.85849999999999,,7.90040333219951e-05,,15.342361111111112,77.0201388888889,0.10868572911277687,0.855370971439399,,0.8970122780501056,0.0,0.0,0.0,
1.0,30.0,2020-02-21,mixed use,1466488.4200000006,4961.590000000004,994.0,65.688,,4.4792716467546316e-05,,15.426597222222222,78.72083333333333,0.22224317513391065,0.9152375148367792,,0.8007206253124896,0.0,0.0,0.0,
1.0,30.0,2020-02-22,mixed use,1466488.4200000006,4961.590000000004,994.0,40.628699999999995,,2.770475337268601e-05,,16.11486111111111,74.5423611111111,0.21832900571092967,0.9466910469850973,,0.8038609233203569,0.0,0.0,0.0,
1.0,30.0,2020-02-23,mixed use,1466488.4200000006,4961.590000000004,994.0,79.4037,,5.414546676065807e-05,,21.049930555555555,70.23125,1.1747224723807737,0.8984668267252852,,0.30890469737818765,0.0,0.0,0.0,
1.0,30.0,2020-02-24,mixed use,1466488.4200000006,4961.590000000004,994.0,130.9891,,8.932160541710922e-05,,20.888194444444444,84.49791666666667,1.2418893129455262,0.838096816236688,,0.28883799674373334,0.0,0.0,0.0,
1.0,30.0,2020-02-25,mixed use,1466488.4200000006,4961.590000000004,994.0,134.344,,9.16093152648283e-05,,21.825277777777778,83.46736111111112,1.3646969796632022,0.8343141272928064,,0.25545807325240755,0.0,0.0,0.0,
1.0,30.0,2020-02-26,mixed use,1466488.4200000006,4961.590000000004,994.0,107.28599999999999,,7.315843653235254e-05,,16.374583333333334,68.84513888888888,0.540197882929579,0.8653154768190743,,0.5826329478513774,0.0,0.0,0.0,
1.0,30.0,2020-02-27,mixed use,1466488.4200000006,4961.590000000004,994.0,85.6587,,5.8410757856512746e-05,,14.65125,62.78125,0.9035883866812255,0.8909209795803358,,0.40511334506138313,0.0,0.0,0.0,
1.0,30.0,2020-02-28,mixed use,1466488.4200000006,4961.590000000004,994.0,57.3174,,3.9084795500805915e-05,,16.337569444444444,77.59027777777777,0.27599492022997907,0.9256260032602683,,0.7588167853662088,0.0,0.0,0.0,
1.0,30.0,2020-02-29,mixed use,1466488.4200000006,4961.590000000004,994.0,42.4473,,2.8944858630387262e-05,,17.74659722222222,77.01041666666667,0.510675225709361,0.9443724681069808,,0.6000902456201906,0.0,0.0,0.0,
1.0,30.0,2020-03-01,mixed use,1466488.4200000006,4961.590000000004,994.0,33.8452,,2.30790775695317e-05,,21.073194444444447,66.10277777777777,1.3007621826894233,0.9553898314766228,,0.2723241531588557,0.0,0.0,0.0,
1.0,30.0,2020-03-02,mixed use,1466488.4200000006,4961.590000000004,994.0,68.4502,,4.66762635602673e-05,,15.750694444444445,70.61458333333333,0.3804351403919616,0.9118350847206641,,0.683563898224922,0.0,0.0,0.0,
1.0,30.0,2020-03-03,mixed use,1466488.4200000006,4961.590000000004,994.0,93.69709999999999,,6.389215129295052e-05,,15.912777777777778,62.96388888888889,0.9035929363123523,0.8813166708764584,,0.40511150194929135,0.0,0.0,0.0,
1.0,30.0,2020-03-04,mixed use,1466488.4200000006,4961.590000000004,994.0,20.8025,,1.4185246686093838e-05,,16.37076388888889,87.55347222222223,0.8610250127260921,0.9723402854734742,,0.42272855802009146,0.0,0.0,0.0,
1.0,30.0,2020-03-05,mixed use,1466488.4200000006,4961.590000000004,994.0,87.4232,,5.961397226716591e-05,,17.662083333333335,100.0,1.7596815824292653,0.8888038224041656,,0.17209965465336505,0.0,0.0,0.0,
1.0,30.0,2020-03-06,mixed use,1466488.4200000006,4961.590000000004,994.0,21.360999999999997,,1.4566088425028265e-05,,16.297638888888887,87.97222222222223,0.8852944973448664,0.9716083265200737,,0.41259264794615247,0.0,0.0,0.0,
1.0,30.0,2020-03-07,mixed use,1466488.4200000006,4961.590000000004,994.0,42.496599999999994,,2.897847635237377e-05,,16.51986111111111,77.82083333333334,0.31316156071903045,0.9443096934153631,,0.731131780850196,0.0,0.0,0.0,
1.0,30.0,2020-03-08,mixed use,1466488.4200000006,4961.590000000004,994.0,59.023199999999996,,4.024798231956033e-05,,15.620694444444444,80.875,0.3758744557040593,0.9234994655462038,,0.6866885374599173,0.0,0.0,0.0,
1.0,30.0,2020-03-09,mixed use,1466488.4200000006,4961.590000000004,994.0,78.7802,,5.372030145318158e-05,,15.201458333333333,74.84097222222222,0.07012925525459665,0.8992224926878244,,0.9322733108937512,0.0,0.0,0.0,
1.0,30.0,2020-03-10,mixed use,1466488.4200000006,4961.590000000004,994.0,104.2234,,7.10700463628618e-05,,16.09201388888889,77.99861111111112,0.25383901393892583,0.8688961984272735,,0.7758166876664473,0.0,0.0,0.0,
1.0,30.0,2020-03-11,mixed use,1466488.4200000006,4961.590000000004,994.0,70.34819999999999,,4.79705117616953e-05,,20.397430555555555,68.4173611111111,1.1135951722454351,0.9095044957494303,,0.3283762671132362,0.0,0.0,0.0,
1.0,30.0,2020-03-12,mixed use,1466488.4200000006,4961.590000000004,994.0,81.0739,,5.528437790187253e-05,,22.320555555555554,52.44097222222222,2.1063051767913286,0.8964457147364978,,0.1216867478589923,0.0,0.0,0.0,
1.0,30.0,2020-03-13,mixed use,1466488.4200000006,4961.590000000004,994.0,21.2777,,1.4509286067188986e-05,,19.371875,60.60625,1.3232249607506885,0.971717462865157,,0.2662751887630053,0.0,0.0,0.0,
1.0,30.0,2020-03-14,mixed use,1466488.4200000006,4961.590000000004,994.0,42.3195,,2.8857711675623037e-05,,13.939027777777778,58.010416666666664,1.2491694633991188,0.9445352178744881,,0.2867428484218941,0.0,0.0,0.0,
1.0,30.0,2020-03-15,mixed use,1466488.4200000006,4961.590000000004,994.0,94.1199,,6.418045905879022e-05,,14.661458333333334,77.59027777777777,0.14565294584060326,0.8808143838485322,,0.8644576647583528,0.0,0.0,0.0,
1.0,30.0,2020-03-16,mixed use,1466488.4200000006,4961.590000000004,994.0,60.5173,,4.126681068507856e-05,,16.351041666666667,71.28333333333333,0.394839342827227,0.9216408579440879,,0.6737882794738784,0.0,0.0,0.0,
1.0,30.0,2020-03-17,mixed use,1466488.4200000006,4961.590000000004,994.0,63.130199999999995,,4.3048549950363717e-05,,19.630555555555556,63.229166666666664,1.2158912076471922,0.9183994889315827,,0.296445701856435,0.0,0.0,0.0,
1.0,30.0,2020-03-18,mixed use,1466488.4200000006,4961.590000000004,994.0,160.5721,,0.00010949428431218021,,23.425416666666667,43.732638888888886,2.7127659652656937,0.8053241150067525,,0.06635302250629285,0.0,0.0,0.0,
1.0,30.0,2020-03-19,mixed use,1466488.4200000006,4961.590000000004,994.0,138.976,,9.47678809492406e-05,,23.81388888888889,52.82361111111111,2.272814990600095,0.8291195356155471,,0.10302176621521913,0.0,0.0,0.0,
1.0,30.0,2020-03-20,mixed use,1466488.4200000006,4961.590000000004,994.0,89.1826,,6.0813708982441164e-05,,17.762569444444445,67.71458333333334,0.7526714345165706,0.8866977938931827,,0.4711063404643012,0.0,0.0,0.0,
1.0,30.0,2020-03-21,mixed use,1466488.4200000006,4961.590000000004,994.0,42.67949999999999,,2.9103196055240567e-05,,15.447638888888887,72.01597222222222,0.269942896147166,0.9440768395839826,,0.763423087491811,0.0,0.0,0.0,
1.0,30.0,2020-03-22,mixed use,1466488.4200000006,4961.590000000004,994.0,84.1017,,5.73490379146669e-05,,14.043194444444445,82.93541666666667,0.5334254821342194,0.8927933533373024,,0.5865921632550074,0.0,0.0,0.0,
1.0,30.0,2020-03-23,mixed use,1466488.4200000006,4961.590000000004,994.0,157.7223,,0.00010755100268708561,,13.530555555555555,68.72569444444444,0.5585834627696504,0.8084245922312644,,0.5720187761124577,0.0,0.0,0.0,
1.0,30.0,2020-03-24,mixed use,1466488.4200000006,4961.590000000004,994.0,99.8272,,6.8072272947099e-05,,12.323958333333334,75.22569444444444,0.496692614275892,0.8740620502487075,,0.6085400115769783,0.0,0.0,0.0,
1.0,30.0,2020-03-25,mixed use,1466488.4200000006,4961.590000000004,994.0,170.8332,,0.00011649133922243991,,14.207569444444445,65.93402777777777,0.697574109903732,0.7942585784027284,,0.4977914275321507,0.0,0.0,0.0,
1.0,30.0,2020-03-26,mixed use,1466488.4200000006,4961.590000000004,994.0,140.68189999999998,,9.593113595810045e-05,,15.714861111111112,80.99930555555555,0.38953003810182546,0.8272146007939192,,0.6773751402125978,0.0,0.0,0.0,
1.0,30.0,2020-03-27,mixed use,1466488.4200000006,4961.590000000004,994.0,84.823,,5.784089314527281e-05,,19.07173611111111,69.42291666666667,0.8659103737788918,0.8919254637239021,,0.4206684127609531,0.0,0.0,0.0,
1.0,30.0,2020-03-28,mixed use,1466488.4200000006,4961.590000000004,994.0,42.3257,,2.8861939462160894e-05,,20.08388888888889,58.33541666666667,1.5284753094394044,0.9445273216985622,,0.21686606902016928,0.0,0.0,0.0,
1.0,30.0,2020-03-29,mixed use,1466488.4200000006,4961.590000000004,994.0,75.64099999999999,,5.157967766291667e-05,,20.712916666666665,61.90486111111111,1.4232246800755555,0.9030367887396403,,0.24093582191203985,0.0,0.0,0.0,
1.0,30.0,2020-03-30,mixed use,1466488.4200000006,4961.590000000004,994.0,82.8005,,5.646174826256041e-05,,17.596180555555556,74.04375,0.48915501893842245,0.8943611322873605,,0.613144270652415,0.0,0.0,0.0,
1.0,30.0,2020-03-31,mixed use,1466488.4200000006,4961.590000000004,994.0,92.3475,,6.297185762980656e-05,,15.555208333333333,77.49444444444444,0.15853099429059686,0.8829219148804641,,0.8533965129615066,0.0,0.0,0.0,
1.0,30.0,2020-04-01,mixed use,1466488.4200000006,4961.590000000004,994.0,65.79289999999999,,4.4864247888162636e-05,,16.100208333333335,75.69166666666666,0.1996482833629999,0.9151080692127205,,0.8190187649513777,0.0,0.0,0.0,
1.0,30.0,2020-04-02,mixed use,1466488.4200000006,4961.590000000004,994.0,77.6986,,5.2982757272641785e-05,,16.549444444444443,95.35763888888889,1.3964405847873034,0.9005348719262904,,0.2474762689038366,0.0,0.0,0.0,
1.0,30.0,2020-04-03,mixed use,1466488.4200000006,4961.590000000004,994.0,57.26669999999999,,3.905022311734311e-05,,17.07375,84.31736111111111,0.7085230860467586,0.9256892833573387,,0.4923708501058548,0.0,0.0,0.0,
1.0,30.0,2020-04-04,mixed use,1466488.4200000006,4961.590000000004,994.0,29.954699999999995,,2.042614151702608e-05,,11.797222222222222,89.12708333333333,1.1057971345224584,0.9604148126127516,,0.3309469678151571,0.0,0.0,0.0,
1.0,30.0,2020-04-05,mixed use,1466488.4200000006,4961.590000000004,994.0,95.3606,,6.502649369709988e-05,,12.235555555555557,86.50833333333334,0.9090565195182929,0.8793420823751459,,0.40290417699334197,0.0,0.0,0.0,
1.0,30.0,2020-04-06,mixed use,1466488.4200000006,4961.590000000004,994.0,103.577,,7.062926552123743e-05,,12.566527777777777,81.07986111111111,0.5853093521461239,0.8696538461235988,,0.5569335465726228,0.0,0.0,0.0,
1.0,30.0,2020-04-07,mixed use,1466488.4200000006,4961.590000000004,994.0,1.7758999999999998,,1.2109880826743923e-06,,13.057291666666666,81.86875,0.5597518081733965,0.9976082960377075,,0.5713508508642053,0.0,0.0,0.0,
1.0,30.0,2020-04-08,mixed use,1466488.4200000006,4961.590000000004,994.0,21.8523,,1.4901106413100754e-05,,14.032916666666667,81.57222222222222,0.4459012879379881,0.9709648941051614,,0.6402469690409547,0.0,0.0,0.0,
1.0,30.0,2020-04-12,mixed use,1466488.4200000006,4961.590000000004,994.0,70.9508,,4.838142533713288e-05,,12.402083333333334,80.37638888888888,0.5801941475102277,0.9087657987458064,,0.5597896742430661,0.0,0.0,0.0,
1.0,30.0,2020-04-13,mixed use,1466488.4200000006,4961.590000000004,994.0,148.2619,,0.00010109994595115858,,14.046180555555555,74.95138888888889,0.1863263131545425,0.8188029992894885,,0.8300027099850934,0.0,0.0,0.0,
1.0,30.0,2020-04-14,mixed use,1466488.4200000006,4961.590000000004,994.0,117.0209,,7.979667510773795e-05,,16.094791666666666,73.01805555555555,0.27362358423518157,0.8540313607791679,,0.7606183301125469,0.0,0.0,0.0,
1.0,30.0,2020-04-15,mixed use,1466488.4200000006,4961.590000000004,994.0,94.3951,,6.436811822898673e-05,,19.30770833333333,56.584722222222226,1.5492386151981399,0.8804875996569252,,0.2124096377446556,0.0,0.0,0.0,
1.0,30.0,2020-04-16,mixed use,1466488.4200000006,4961.590000000004,994.0,106.7505,,7.279327851767146e-05,,17.02347222222222,67.6763888888889,0.6711240161669892,0.8659405049058431,,0.5111337322007116,0.0,0.0,0.0,
1.0,30.0,2020-04-17,mixed use,1466488.4200000006,4961.590000000004,994.0,71.13109999999999,,4.850437209725799e-05,,14.002986111111111,68.08541666666666,0.563433544293915,0.9085448946862441,,0.569251155433157,0.0,0.0,0.0,
1.0,30.0,2020-04-18,mixed use,1466488.4200000006,4961.590000000004,994.0,42.452299999999994,,2.8948268135659724e-05,,13.622638888888888,76.61458333333333,0.2638923208129256,0.9443661013152479,,0.7680562388755635,0.0,0.0,0.0,
1.0,30.0,2020-04-19,mixed use,1466488.4200000006,4961.590000000004,994.0,63.9153,,4.35839104682463e-05,,13.680069444444444,72.36875,0.33900385713846526,0.917427781455824,,0.7124797009510315,0.0,0.0,0.0,
1.0,30.0,2020-04-20,mixed use,1466488.4200000006,4961.590000000004,994.0,159.5016,,0.00010876430923334527,,15.1825,69.18333333333334,0.45627279907790597,0.8064873826173159,,0.6336409568500828,0.0,0.0,0.0,
1.0,30.0,2020-04-21,mixed use,1466488.4200000006,4961.590000000004,994.0,95.0712,,6.482915153192957e-05,,13.31590277777778,71.21111111111111,0.44329913197126636,0.8796852844524465,,0.6419151610181665,0.0,0.0,0.0,
1.0,30.0,2020-04-22,mixed use,1466488.4200000006,4961.590000000004,994.0,122.6895,,8.366209942523783e-05,,14.87875,75.88125,0.027593101184787708,0.8475285706377615,,0.9727841109840839,0.0,0.0,0.0,
1.0,30.0,2020-04-23,mixed use,1466488.4200000006,4961.590000000004,994.0,103.0796,,7.029008793673254e-05,,15.015694444444444,75.42847222222223,0.020312348777764486,0.8702373001390925,,0.979892557259157,0.0,0.0,0.0,
1.0,30.0,2020-04-24,mixed use,1466488.4200000006,4961.590000000004,994.0,21.536799999999996,,1.468596663040816e-05,,17.424374999999998,70.375,0.5789346911666637,0.9713780405857422,,0.5604951490634682,0.0,0.0,0.0,
1.0,30.0,2020-04-25,mixed use,1466488.4200000006,4961.590000000004,994.0,42.79569999999999,,2.918243295777267e-05,,15.571041666666666,79.35763888888889,0.2731735683169838,0.9439289327519134,,0.7609606974983795,0.0,0.0,0.0,
1.0,30.0,2020-04-26,mixed use,1466488.4200000006,4961.590000000004,994.0,105.9277,,7.223221033003449e-05,,14.218333333333334,91.00972222222222,1.0748712089960344,0.8669017453982173,,0.3413417142122455,0.0,0.0,0.0,
1.0,30.0,2020-04-27,mixed use,1466488.4200000006,4961.590000000004,994.0,147.6881,,0.0001007086711260904,,10.97076388888889,83.26944444444445,0.9115021264934244,0.8194367475365907,,0.4019200356297809,0.0,0.0,0.0,
1.0,30.0,2020-04-28,mixed use,1466488.4200000006,4961.590000000004,994.0,122.6626,,8.364375628687197e-05,,12.646388888888888,79.38541666666667,0.5053500613529672,0.8475593120128253,,0.6032943484221459,0.0,0.0,0.0,
1.0,30.0,2020-04-29,mixed use,1466488.4200000006,4961.590000000004,994.0,60.363299999999995,,4.116179792268661e-05,,13.734375,97.98611111111111,1.5684903750681707,0.9218322554690864,,0.20835948973468904,0.0,0.0,0.0,
1.0,30.0,2020-04-30,mixed use,1466488.4200000006,4961.590000000004,994.0,51.9281,,3.540982614782596e-05,,10.009652777777777,90.01041666666667,1.3563310278533047,0.9323768089205708,,0.25760418781112837,0.0,0.0,0.0,
1.0,30.0,2020-05-01,mixed use,1466488.4200000006,4961.590000000004,994.0,19.809199999999997,,1.3507914368665788e-05,,9.408819444444445,82.23263888888889,1.1273748529306524,0.9736434473500998,,0.32388238027851557,0.0,0.0,0.0,
1.0,30.0,2020-05-02,mixed use,1466488.4200000006,4961.590000000004,994.0,42.579299999999996,,2.9034869569580357e-05,,10.277569444444445,86.59652777777778,1.1551936378570637,0.9442043991959272,,0.31499653574337316,0.0,0.0,0.0,
1.0,30.0,2020-05-03,mixed use,1466488.4200000006,4961.590000000004,994.0,115.7646,,7.89400028129782e-05,,11.277847222222222,78.79027777777777,0.7205215544969651,0.8554792784027672,,0.4864984543234135,0.0,0.0,0.0,
1.0,30.0,2020-05-04,mixed use,1466488.4200000006,4961.590000000004,994.0,189.5654,,0.00012926484615541657,,11.207083333333333,97.31736111111111,1.6594551317469828,0.774448493224465,,0.19024260902493037,0.0,0.0,0.0,
1.0,30.0,2020-05-05,mixed use,1466488.4200000006,4961.590000000004,994.0,86.6646,,5.90966821272274e-05,,12.641388888888887,82.73402777777778,0.6554557144362899,0.8897134207690292,,0.5192053992698519,0.0,0.0,0.0,
1.0,30.0,2020-05-06,mixed use,1466488.4200000006,4961.590000000004,994.0,76.8817,,5.242571230122633e-05,,15.101111111111111,72.05694444444444,0.2555975203777452,0.9015273420060683,,0.7744536078694017,0.0,0.0,0.0,
1.0,30.0,2020-05-07,mixed use,1466488.4200000006,4961.590000000004,994.0,115.7498,,7.892991067737169e-05,,18.45611111111111,55.99305555555556,1.5127872974827123,0.855496350399902,,0.22029509346499548,0.0,0.0,0.0,
1.0,30.0,2020-05-08,mixed use,1466488.4200000006,4961.590000000004,994.0,81.859,,5.5819738419755106e-05,,15.548819444444444,67.58958333333334,0.5746725524268924,0.8954972353295301,,0.5628891553210617,0.0,0.0,0.0,
1.0,30.0,2020-05-09,mixed use,1466488.4200000006,4961.590000000004,994.0,42.2611,,2.881788865404064e-05,,11.616805555555556,79.32916666666667,0.6742674068551213,0.9446095979967792,,0.5095295617745992,0.0,0.0,0.0,
1.0,30.0,2020-05-10,mixed use,1466488.4200000006,4961.590000000004,994.0,111.5238,,7.604819682108363e-05,,9.728472222222223,78.01527777777778,0.9863149632491296,0.8603850615479626,,0.37294849079816156,0.0,0.0,0.0,
1.0,30.0,2020-05-11,mixed use,1466488.4200000006,4961.590000000004,994.0,167.115,,0.00011395589472162347,,11.031527777777777,81.66597222222222,0.8422310850243309,0.798250597134637,,0.4307484142182312,0.0,0.0,0.0,
1.0,30.0,2020-05-12,mixed use,1466488.4200000006,4961.590000000004,994.0,175.6505,,0.00011977626117224977,,11.953958333333334,76.47361111111111,0.5660449976444621,0.7891161923505274,,0.5677665219652483,0.0,0.0,0.0,
1.0,30.0,2020-05-13,mixed use,1466488.4200000006,4961.590000000004,994.0,188.45329999999998,,0.00012850650399271471,,10.739097222222222,86.40902777777778,1.0834563657019165,0.7756106663366805,,0.3384237854653722,0.0,0.0,0.0,
1.0,30.0,2020-05-14,mixed use,1466488.4200000006,4961.590000000004,994.0,182.3532,,0.00012434683937020104,,8.350138888888889,85.96041666666666,1.4191996043545763,0.7820165170630184,,0.24190756118927048,0.0,0.0,0.0,
1.0,30.0,2020-05-15,mixed use,1466488.4200000006,4961.590000000004,994.0,119.7755,,8.167503975244478e-05,,7.636319444444444,87.59236111111112,1.5902428362156225,0.8508651861439693,,0.20387609722259303,0.0,0.0,0.0,
1.0,30.0,2020-05-16,mixed use,1466488.4200000006,4961.590000000004,994.0,42.71479999999999,,2.9127267162464176e-05,,9.126875,82.61180555555555,1.1855180282785325,0.9440319050233772,,0.3055878353485929,0.0,0.0,0.0,
1.0,30.0,2020-05-17,mixed use,1466488.4200000006,4961.590000000004,994.0,106.33949999999999,,7.251301718427476e-05,,8.852986111111111,85.53958333333334,1.3246125779811495,0.8664205245454473,,0.26590595695848623,0.0,0.0,0.0,
1.0,30.0,2020-05-18,mixed use,1466488.4200000006,4961.590000000004,994.0,155.7979,,0.00010623875229781898,,10.217430555555556,85.50277777777778,1.1154887677948675,0.8105250174611462,,0.3277550436339261,0.0,0.0,0.0,
1.0,30.0,2020-05-19,mixed use,1466488.4200000006,4961.590000000004,994.0,195.6951,,0.00013344469504914325,,14.609027777777778,71.66944444444445,0.29186345988580664,0.7680739798326686,,0.7468705067959304,0.0,0.0,0.0,
1.0,30.0,2020-05-20,mixed use,1466488.4200000006,4961.590000000004,994.0,192.37879999999998,,0.0001311833065821276,,12.505347222222223,75.85347222222222,0.46220059249221546,0.7715161870134981,,0.6298959748649585,0.0,0.0,0.0,
1.0,30.0,2020-05-21,mixed use,1466488.4200000006,4961.590000000004,994.0,166.2295,,0.00011335207133786977,,9.750902777777778,93.25763888888889,1.5591505263023595,0.799204262255315,,0.2103146521053272,0.0,0.0,0.0,
1.0,30.0,2020-05-22,mixed use,1466488.4200000006,4961.590000000004,994.0,135.2003,,9.21932271377908e-05,,9.97625,89.90833333333333,1.355324381160524,0.8333513770616191,,0.2578636347786419,0.0,0.0,0.0,
1.0,30.0,2020-05-23,mixed use,1466488.4200000006,4961.590000000004,994.0,42.91,,2.9260374248301245e-05,,10.641319444444445,97.8861111111111,1.7410886995810193,0.9437834669690974,,0.17532941561189633,0.0,0.0,0.0,
1.0,30.0,2020-05-24,mixed use,1466488.4200000006,4961.590000000004,994.0,107.2006,,7.310020218229882e-05,,11.126111111111111,87.35972222222222,1.0815446764331975,0.8654151242561263,,0.33907136537288746,0.0,0.0,0.0,
1.0,30.0,2020-05-25,mixed use,1466488.4200000006,4961.590000000004,994.0,199.52009999999999,,0.00013605296658257955,,9.394444444444444,88.06111111111112,1.3451398114831552,0.764122827078836,,0.26050328396329775,0.0,0.0,0.0,
1.0,30.0,2020-05-26,mixed use,1466488.4200000006,4961.590000000004,994.0,184.55859999999998,,0.00012585070395578025,,8.895555555555555,89.2388888888889,1.4681997605963784,0.7796944940857514,,0.2303397789071048,0.0,0.0,0.0,
1.0,30.0,2020-05-27,mixed use,1466488.4200000006,4961.590000000004,994.0,118.36789999999999,,8.071519582814022e-05,,11.423124999999999,87.71944444444445,1.0656812032585992,0.8524816314021184,,0.3444931049944557,0.0,0.0,0.0,
1.0,30.0,2020-05-31,mixed use,1466488.4200000006,4961.590000000004,994.0,95.00319999999999,,6.478278226022402e-05,,14.026041666666666,64.45,0.8057437451488535,0.8797659457002205,,0.4467555307070905,0.0,0.0,0.0,
1.0,30.0,2020-06-01,mixed use,1466488.4200000006,4961.590000000004,994.0,223.64849999999998,,0.00015250614798581217,,9.533819444444445,92.55277777777778,1.5467724704964627,0.7396629105170415,,0.21293411710254165,0.0,0.0,0.0,
1.0,30.0,2020-06-02,mixed use,1466488.4200000006,4961.590000000004,994.0,201.0101,,0.00013706899915377438,,11.355902777777779,83.60138888888889,0.8689799380329504,0.76258919198707,,0.4193791238282717,0.0,0.0,0.0,
1.0,30.0,2020-06-03,mixed use,1466488.4200000006,4961.590000000004,994.0,201.6287,,0.00013749082314608383,,11.188194444444445,74.04097222222222,0.7142088755684467,0.7619533806941814,,0.48957927675533264,0.0,0.0,0.0,
1.0,30.0,2020-06-04,mixed use,1466488.4200000006,4961.590000000004,994.0,192.6584,,0.00013137396611696389,,10.150902777777777,74.6048611111111,0.8988778519576681,0.7712253771499682,,0.4070261471636813,0.0,0.0,0.0,
1.0,30.0,2020-06-05,mixed use,1466488.4200000006,4961.590000000004,994.0,121.7545,,8.302452193928674e-05,,7.036527777777778,90.44513888888889,1.7913761768976724,0.8485977449994523,,0.16673056096604566,0.0,0.0,0.0,
1.0,30.0,2020-06-06,mixed use,1466488.4200000006,4961.590000000004,994.0,42.6902,,2.9110492396523648e-05,,8.537847222222222,95.32986111111111,1.8130031101530981,0.9440632189671968,,0.1631634026360686,0.0,0.0,0.0,
1.0,30.0,2020-06-07,mixed use,1466488.4200000006,4961.590000000004,994.0,119.7645,,8.166753884084536e-05,,9.432986111111111,87.02916666666667,1.2947588975950706,0.850877806320981,,0.2739639097267728,0.0,0.0,0.0,
1.0,30.0,2020-06-08,mixed use,1466488.4200000006,4961.590000000004,994.0,193.18,,0.00013172964570698752,,7.087152777777778,91.79027777777777,1.8391973350240447,0.770683157855487,,0.15894495446685517,0.0,0.0,0.0,
1.0,30.0,2020-06-09,mixed use,1466488.4200000006,4961.590000000004,994.0,176.1337,,0.00012010575576178088,,6.283194444444444,87.11527777777778,1.7927052721212082,0.7886022253971876,,0.16650910737290436,0.0,0.0,0.0,
1.0,30.0,2020-06-10,mixed use,1466488.4200000006,4961.590000000004,994.0,153.3493,,0.00010456904937578705,,8.669930555555556,88.97361111111111,1.4887823908719047,0.8132054827618521,,0.22564723847546722,0.0,0.0,0.0,
1.0,30.0,2020-06-11,mixed use,1466488.4200000006,4961.590000000004,994.0,110.3476,,7.524614480078878e-05,,7.652708333333333,87.98958333333333,1.6022469268361401,0.8617506733233476,,0.2014433805642219,0.0,0.0,0.0,
1.0,30.0,2020-06-12,mixed use,1466488.4200000006,4961.590000000004,994.0,127.2601,,8.677879638490425e-05,,8.290555555555555,86.68680555555555,1.454605224995587,0.8423214362186039,,0.2334925227206427,0.0,0.0,0.0,
1.0,30.0,2020-06-13,mixed use,1466488.4200000006,4961.590000000004,994.0,42.965599999999995,,2.9298287946931062e-05,,13.801944444444445,74.28333333333333,0.24481162696829872,0.9437127148155388,,0.7828519925564352,0.0,0.0,0.0,
1.0,30.0,2020-06-14,mixed use,1466488.4200000006,4961.590000000004,994.0,102.04169999999999,,6.958234283227408e-05,,12.330486111111112,82.89930555555556,0.7030664376918612,0.8714560256975928,,0.4950648882198244,0.0,0.0,0.0,
1.0,30.0,2020-06-15,mixed use,1466488.4200000006,4961.590000000004,994.0,106.0842,,7.233892784506266e-05,,14.320972222222222,80.91319444444444,0.3836014450493857,0.86671883129857,,0.6814029495865741,0.0,0.0,0.0,
1.0,30.0,2020-06-17,mixed use,1466488.4200000006,4961.590000000004,994.0,50.9592,,3.474913221612754e-05,,10.01548611111111,84.38194444444444,1.100500230410057,0.9335956944587002,,0.3327046130996843,0.0,0.0,0.0,
1.0,30.0,2020-06-18,mixed use,1466488.4200000006,4961.590000000004,994.0,14.2853,,9.741161133751055e-06,,9.15076388888889,85.28125,1.268444615093937,0.9809224673285836,,0.2812687629172752,0.0,0.0,0.0,
1.0,30.0,2020-06-19,mixed use,1466488.4200000006,4961.590000000004,994.0,105.6381,,7.203473178465327e-05,,14.840416666666668,70.83194444444445,0.3419509184065759,0.8672403259566541,,0.7103830705865798,0.0,0.0,0.0,
1.0,30.0,2020-06-20,mixed use,1466488.4200000006,4961.590000000004,994.0,40.85699999999999,,2.7860431383426794e-05,,13.146597222222221,83.95625,0.6688627051785276,0.9463996694103775,,0.5122908723596998,0.0,0.0,0.0,
1.0,30.0,2020-06-22,mixed use,1466488.4200000006,4961.590000000004,994.0,24.2379,,1.652784956869962e-05,,9.496597222222222,95.33680555555556,1.7025111729997644,0.9678466390400293,,0.18222534963801157,0.0,0.0,0.0,
1.0,30.0,2020-06-24,mixed use,1466488.4200000006,4961.590000000004,994.0,119.7631,,8.166658417936906e-05,,12.02763888888889,98.02916666666667,1.6481462381845668,0.8508794125387557,,0.19240625359531988,0.0,0.0,0.0,
1.0,30.0,2020-06-25,mixed use,1466488.4200000006,4961.590000000004,994.0,205.6422,,0.00014022763302829212,,11.398680555555554,90.28333333333333,1.2132407169511703,0.7578410706325045,,0.297232470632147,0.0,0.0,0.0,
1.0,30.0,2020-06-26,mixed use,1466488.4200000006,4961.590000000004,994.0,126.7962,,8.646246248572487e-05,,8.413263888888888,91.18888888888888,1.6240954443248732,0.842848480185385,,0.19708987336042502,0.0,0.0,0.0,
1.0,30.0,2020-06-27,mixed use,1466488.4200000006,4961.590000000004,994.0,42.681599999999996,,2.9104628047455006e-05,,8.454027777777778,94.86666666666666,1.7991524820055367,0.9440741663633199,,0.1654390413865946,0.0,0.0,0.0,
1.0,30.0,2020-06-28,mixed use,1466488.4200000006,4961.590000000004,994.0,94.3494,,6.43369553507964e-05,,4.980972222222222,94.02361111111111,2.2443276896621014,0.8805418573857685,,0.10599878049905972,0.0,0.0,0.0,
1.0,30.0,2020-06-29,mixed use,1466488.4200000006,4961.590000000004,994.0,193.3906,,0.0001318732540690638,,5.7894444444444435,89.42013888888889,1.9480229578737325,0.770464340704102,,0.14255563165586377,0.0,0.0,0.0,
1.0,30.0,2020-06-30,mixed use,1466488.4200000006,4961.590000000004,994.0,174.1492,,0.00011875252311913921,,11.019097222222221,72.28888888888889,0.7735329221624987,0.7907152233098923,,0.4613801653386435,0.0,0.0,0.0,
1.0,30.0,2020-07-01,mixed use,1466488.4200000006,4961.590000000004,994.0,168.564,,0.00011494396934958404,,13.782916666666667,66.35,0.6908908223961704,0.7966925082360644,,0.5011294528277571,0.0,0.0,0.0,
1.0,30.0,2020-07-02,mixed use,1466488.4200000006,4961.590000000004,994.0,174.1275,,0.00011873772586625671,,11.281319444444446,69.17361111111111,0.8248731175712607,0.7907383596667182,,0.43829060031290656,0.0,0.0,0.0,
1.0,30.0,2020-07-03,mixed use,1466488.4200000006,4961.590000000004,994.0,113.6051,,7.746743748580023e-05,,7.763333333333334,90.22291666666666,1.6740367181513627,0.8579738957166402,,0.18748869698201018,0.0,0.0,0.0,
1.0,30.0,2020-07-04,mixed use,1466488.4200000006,4961.590000000004,994.0,28.734099999999998,,1.959381308991174e-05,,8.9525,98.43680555555555,1.9361244965319049,0.9619967833120133,,0.14426195551160884,0.0,0.0,0.0,
1.0,30.0,2020-07-05,mixed use,1466488.4200000006,4961.590000000004,994.0,105.83149999999999,,7.216661144859224e-05,,10.02576388888889,98.86875,1.8554457383413432,0.8670142012093752,,0.15638322113972364,0.0,0.0,0.0,
1.0,30.0,2020-07-06,mixed use,1466488.4200000006,4961.590000000004,994.0,175.9149,,0.00011995655581105776,,9.791805555555555,97.55625,1.7992480641686908,0.7888349156368935,,0.16542322912084606,0.0,0.0,0.0,
1.0,30.0,2020-07-07,mixed use,1466488.4200000006,4961.590000000004,994.0,128.7981,,8.782756020671473e-05,,9.684097222222222,99.84375,1.9456924401094702,0.8405764470549925,,0.14288824752087936,0.0,0.0,0.0,
1.0,30.0,2020-07-08,mixed use,1466488.4200000006,4961.590000000004,994.0,72.5271,,4.945630596933045e-05,,7.754444444444444,93.5625,1.8250123446105915,0.9068363280581154,,0.1612156539730234,0.0,0.0,0.0,
1.0,30.0,2020-07-09,mixed use,1466488.4200000006,4961.590000000004,994.0,117.9952,,8.046105130513062e-05,,9.134166666666667,88.57569444444445,1.4048974717165301,0.8529101427602311,,0.24539221480574386,0.0,0.0,0.0,
1.0,30.0,2020-07-11,mixed use,1466488.4200000006,4961.590000000004,994.0,37.327299999999994,,2.545352523138231e-05,,8.629166666666666,100.0,2.059439324511698,0.9509146412709926,,0.12752545024839607,0.0,0.0,0.0,
1.0,30.0,2020-07-12,mixed use,1466488.4200000006,4961.590000000004,994.0,26.651199999999996,,1.817348138350795e-05,,9.843055555555555,98.23680555555555,1.8345667386025324,0.9647023661191414,,0.1596826711200718,0.0,0.0,0.0,
1.0,30.0,2020-07-13,mixed use,1466488.4200000006,4961.590000000004,994.0,151.9244,,0.00010359740856323975,,10.490972222222222,92.68680555555555,1.4456565792081013,0.8147693891023139,,0.23559134138711157,0.0,0.0,0.0,
1.0,30.0,2020-07-14,mixed use,1466488.4200000006,4961.590000000004,994.0,205.6116,,0.00014020676685602462,,9.47201388888889,90.93888888888888,1.471297249262935,0.7578723398713554,,0.2296274079026057,0.0,0.0,0.0,
1.0,30.0,2020-07-15,mixed use,1466488.4200000006,4961.590000000004,994.0,180.7331,,0.0001232420914718167,,8.188472222222222,90.80555555555556,1.6380406336850348,0.7837266937303854,,0.19436049285082185,0.0,0.0,0.0,
1.0,30.0,2020-07-16,mixed use,1466488.4200000006,4961.590000000004,994.0,199.9597,,0.00013635273028613477,,7.038749999999999,98.12569444444445,2.1426576588063244,0.7636700327931243,,0.1173425717311899,0.0,0.0,0.0,
1.0,30.0,2020-07-17,mixed use,1466488.4200000006,4961.590000000004,994.0,76.59519999999999,,5.223034764911404e-05,,5.880277777777778,98.59930555555556,2.3166272678022803,0.9018756762759849,,0.09860559566650126,0.0,0.0,0.0,
1.0,30.0,2020-07-18,mixed use,1466488.4200000006,4961.590000000004,994.0,42.686699999999995,,2.910810574283292e-05,,8.182361111111112,78.92013888888889,1.2774757960813503,0.9440676742875094,,0.27874000981427477,0.0,0.0,0.0,
1.0,30.0,2020-07-19,mixed use,1466488.4200000006,4961.590000000004,994.0,105.0607,,7.164100211578892e-05,,11.497777777777777,65.0826388888889,0.9839598220613034,0.8679157773472443,,0.373827872277077,0.0,0.0,0.0,
1.0,30.0,2020-07-20,mixed use,1466488.4200000006,4961.590000000004,994.0,214.027,,0.0001459452369900063,,9.190138888888889,86.45972222222223,1.3074346769284484,0.7493213192742267,,0.2705131205872111,0.0,0.0,0.0,
1.0,30.0,2020-07-21,mixed use,1466488.4200000006,4961.590000000004,994.0,215.3005,,0.00014681363798290333,,9.051458333333333,97.37361111111112,1.8653283199490356,0.7480357277403139,,0.1548453627166984,0.0,0.0,0.0,
1.0,30.0,2020-07-22,mixed use,1466488.4200000006,4961.590000000004,994.0,125.3023,,8.544377050041755e-05,,9.743541666666667,90.15972222222223,1.3975409987731402,0.844547965047835,,0.24720409233728746,0.0,0.0,0.0,
1.0,30.0,2020-07-23,mixed use,1466488.4200000006,4961.590000000004,994.0,76.85379999999999,,5.240668726180597e-05,,8.794652777777777,91.24027777777778,1.5747009964841152,0.901561257649526,,0.20706945792170006,0.0,0.0,0.0,
1.0,30.0,2020-07-25,mixed use,1466488.4200000006,4961.590000000004,994.0,7.164399999999999,,4.885411914810753e-06,,6.679722222222222,92.00763888888889,1.908221303426533,0.9903862549204824,,0.1483440110561562,0.0,0.0,0.0,
1.0,30.0,2020-07-26,mixed use,1466488.4200000006,4961.590000000004,994.0,7.134599999999999,,4.865091263386857e-06,,8.536458333333334,96.75763888888889,1.8891966598006513,0.990426050824959,,0.1511932196539632,0.0,0.0,0.0,
1.0,30.0,2020-07-27,mixed use,1466488.4200000006,4961.590000000004,994.0,65.2255,,4.447733722984323e-05,,11.024375000000001,96.13263888888889,1.6002174568485497,0.9158084539035367,,0.201852618987362,0.0,0.0,0.0,
1.0,30.0,2020-07-28,mixed use,1466488.4200000006,4961.590000000004,994.0,64.211,,4.378554861005992e-05,,11.434930555555555,90.94097222222223,1.2482428668045775,0.917062064226166,,0.28700866650279633,0.0,0.0,0.0,
1.0,30.0,2020-07-29,mixed use,1466488.4200000006,4961.590000000004,994.0,64.6743,,4.4101473368606605e-05,,10.712569444444444,89.79097222222222,1.2600453964153184,0.9164893550125137,,0.2836411499160542,0.0,0.0,0.0,
1.0,30.0,2020-07-30,mixed use,1466488.4200000006,4961.590000000004,994.0,76.8986,,5.2437236429047265e-05,,9.341111111111111,84.55,1.2121450237562612,0.901506798742168,,0.2975583247129739,0.0,0.0,0.0,
1.0,30.0,2020-07-31,mixed use,1466488.4200000006,4961.590000000004,994.0,25.045599999999997,,1.707862105041374e-05,,8.085208333333334,79.66597222222222,1.3050307152475205,0.966793152608654,,0.27116420604197955,0.0,0.0,0.0,
1.0,30.0,2020-08-01,mixed use,1466488.4200000006,4961.590000000004,994.0,42.720099999999995,,2.9130881238052993e-05,,10.330972222222222,79.54513888888889,0.9025734188009542,0.9440251586592816,,0.40552473083084484,0.0,0.0,0.0,
1.0,30.0,2020-08-02,mixed use,1466488.4200000006,4961.590000000004,994.0,23.278999999999996,,1.5873974647546134e-05,,10.975833333333334,78.52430555555556,0.76887617014033,0.9690988267643217,,0.4635337087236373,0.0,0.0,0.0,
1.0,30.0,2020-08-05,mixed use,1466488.4200000006,4961.590000000004,994.0,72.9798,,4.976500257669949e-05,,7.213958333333333,88.84166666666667,1.7022301070094603,0.9062829580097919,,0.18227657418476784,0.0,0.0,0.0,
1.0,30.0,2020-08-06,mixed use,1466488.4200000006,4961.590000000004,994.0,68.6628,,4.682123572445255e-05,,7.107708333333334,93.16388888888889,1.8960191378769793,0.9115737325580615,,0.1501652179745067,0.0,0.0,0.0,
1.0,30.0,2020-08-07,mixed use,1466488.4200000006,4961.590000000004,994.0,73.2026,,4.9916930131640574e-05,,6.135416666666667,91.79861111111111,1.9814229103158363,0.906010736428146,,0.13787291687513387,0.0,0.0,0.0,
1.0,30.0,2020-08-08,mixed use,1466488.4200000006,4961.590000000004,994.0,28.467999999999996,,1.941235921931111e-05,,11.700486111111111,87.18472222222222,1.00493825950191,0.962342010662655,,0.3660672352797664,0.0,0.0,0.0,
1.0,30.0,2020-08-09,mixed use,1466488.4200000006,4961.590000000004,994.0,72.8656,,4.9687129476276374e-05,,10.853819444444444,87.50763888888889,1.1228690900692184,0.9064225216025773,,0.3253450101361809,0.0,0.0,0.0,
1.0,30.0,2020-08-10,mixed use,1466488.4200000006,4961.590000000004,994.0,196.1689,,0.00013376777976876212,,8.884166666666667,86.40486111111112,1.351908784626723,0.7675834468924752,,0.258745898787,0.0,0.0,0.0,
1.0,30.0,2020-08-11,mixed use,1466488.4200000006,4961.590000000004,994.0,159.51319999999998,,0.00010877221928557739,,9.264305555555556,75.45347222222222,1.0588844737680039,0.8064747683811953,,0.3468425065194793,0.0,0.0,0.0,
1.0,30.0,2020-08-12,mixed use,1466488.4200000006,4961.590000000004,994.0,170.82229999999998,,0.00011648390650094592,,12.134722222222223,86.37013888888889,0.9117882392342526,0.7942702518839637,,0.40180505763591196,0.0,0.0,0.0,
1.0,30.0,2020-08-13,mixed use,1466488.4200000006,4961.590000000004,994.0,170.7989,,0.00011646795001627079,,14.096527777777778,85.85555555555555,0.7258505821265001,0.794295312964484,,0.48391278628590023,0.0,0.0,0.0,
1.0,30.0,2020-08-14,mixed use,1466488.4200000006,4961.590000000004,994.0,89.6515,,6.113345238689301e-05,,12.602430555555555,93.97222222222223,1.346508857066312,0.8861373561668268,,0.2601468871104244,0.0,0.0,0.0,
1.0,30.0,2020-08-15,mixed use,1466488.4200000006,4961.590000000004,994.0,37.67659999999999,,2.5691713269716767e-05,,10.826458333333333,94.16458333333334,1.498219914277609,0.9504668798864654,,0.22352770468744873,0.0,0.0,0.0,
1.0,30.0,2020-08-16,mixed use,1466488.4200000006,4961.590000000004,994.0,112.8185,,7.693105411633591e-05,,11.698472222222222,95.71180555555556,1.5202908195180147,0.8588843688502874,,0.21864829051465812,0.0,0.0,0.0,
1.0,30.0,2020-08-17,mixed use,1466488.4200000006,4961.590000000004,994.0,128.89679999999998,,8.789486384079319e-05,,11.641041666666666,76.72152777777778,0.6251118809615047,0.8404645871986945,,0.5352015463056135,0.0,0.0,0.0,
1.0,30.0,2020-08-18,mixed use,1466488.4200000006,4961.590000000004,994.0,154.3822,,0.00010527338497497304,,11.865208333333335,79.31805555555556,0.6317593562075303,0.8120736950639452,,0.5316556061073563,0.0,0.0,0.0,
1.0,30.0,2020-08-19,mixed use,1466488.4200000006,4961.590000000004,994.0,172.485,,0.0001176177033842517,,10.046388888888888,90.27569444444444,1.3654045566491653,0.79249154559269,,0.2552773809332978,0.0,0.0,0.0,
1.0,30.0,2020-08-20,mixed use,1466488.4200000006,4961.590000000004,994.0,166.6804,,0.00011365954052334073,,11.062152777777778,74.1625,0.7358121520827887,0.7987185100306567,,0.4791161857136208,0.0,0.0,0.0,
1.0,30.0,2020-08-21,mixed use,1466488.4200000006,4961.590000000004,994.0,89.6109,,6.110576720408058e-05,,9.153333333333332,72.19375,1.1067411987453901,0.8861858680073839,,0.3306346800561994,0.0,0.0,0.0,
1.0,30.0,2020-08-22,mixed use,1466488.4200000006,4961.590000000004,994.0,33.803599999999996,,2.3050710485664785e-05,,6.817569444444444,93.46875,1.950710777500511,0.9554434228530596,,0.14217298230777212,0.0,0.0,0.0,
1.0,30.0,2020-08-23,mixed use,1466488.4200000006,4961.590000000004,994.0,99.1325,,6.75985562845426e-05,,8.26013888888889,89.05902777777777,1.552229425276895,0.8748811782453516,,0.2117753099091416,0.0,0.0,0.0,
1.0,30.0,2020-08-24,mixed use,1466488.4200000006,4961.590000000004,994.0,190.7522,,0.00013007412632688904,,7.6275,87.32916666666667,1.5821857138848958,0.7732101774067366,,0.20552538722159983,0.0,0.0,0.0,
1.0,30.0,2020-08-25,mixed use,1466488.4200000006,4961.590000000004,994.0,112.2162,,7.652034511121469e-05,,7.6757638888888895,88.59930555555556,1.6217513984019416,0.8595821716542617,,0.1975524029580527,0.0,0.0,0.0,
1.0,30.0,2020-08-26,mixed use,1466488.4200000006,4961.590000000004,994.0,14.2742,,9.733592032046181e-06,,10.206527777777778,76.70902777777778,0.8879510784582907,0.9809371488038113,,0.4114980167421453,0.0,0.0,0.0,
1.0,30.0,2020-08-27,mixed use,1466488.4200000006,4961.590000000004,994.0,145.5905,,9.927831547418556e-05,,12.065555555555557,63.989583333333336,0.9809768426937258,0.8217576730734457,,0.37494465795330817,0.0,0.0,0.0,
1.0,30.0,2020-08-28,mixed use,1466488.4200000006,4961.590000000004,994.0,99.3955,,6.77778962618743e-05,,10.537708333333333,76.80902777777777,0.827793082549834,0.8745709819511077,,0.43701267376792075,0.0,0.0,0.0,
1.0,30.0,2020-08-29,mixed use,1466488.4200000006,4961.590000000004,994.0,42.51389999999999,,2.8990273240616502e-05,,13.158819444444445,64.9798611111111,0.8223800796065397,0.9442876659629561,,0.43938463859190685,0.0,0.0,0.0,
1.0,30.0,2020-08-30,mixed use,1466488.4200000006,4961.590000000004,994.0,104.7685,,7.144175062766603e-05,,14.983611111111113,58.86388888888889,1.1739235274264563,0.8682577978477797,,0.30915159384273205,0.0,0.0,0.0,
1.0,30.0,2020-08-31,mixed use,1466488.4200000006,4961.590000000004,994.0,173.4717,,0.00011829053515472009,,8.976111111111111,80.89722222222223,1.1687731725092578,0.7914378875571497,,0.310747941624317,0.0,0.0,0.0,
1.0,30.0,2020-09-01,mixed use,1466488.4200000006,4961.590000000004,994.0,146.1993,,9.969345683616099e-05,,10.067638888888888,73.00694444444444,0.9302357786943437,0.8210833795993482,,0.39446069397899397,0.0,0.0,0.0,
1.0,30.0,2020-09-02,mixed use,1466488.4200000006,4961.590000000004,994.0,152.434,,0.00010394490534060947,,16.33451388888889,51.65277777777778,1.6935975986731995,0.8142097298216758,,0.1838568894595426,0.0,0.0,0.0,
1.0,30.0,2020-09-03,mixed use,1466488.4200000006,4961.590000000004,994.0,155.53379999999999,,0.00010605866222932733,,14.879722222222222,55.509027777777774,1.4077715758762102,0.8108137002822907,,0.24468794457821327,0.0,0.0,0.0,
1.0,30.0,2020-09-04,mixed use,1466488.4200000006,4961.590000000004,994.0,114.39089999999999,,7.800327533442094e-05,,12.45423611111111,61.40555555555556,1.1027869073196725,0.85706531225536,,0.33194469431867923,0.0,0.0,0.0,
1.0,30.0,2020-09-05,mixed use,1466488.4200000006,4961.590000000004,994.0,42.72379999999999,,2.9133404271954614e-05,,12.327499999999999,68.25555555555556,0.7177167134490094,0.9440204489619806,,0.4878649206224022,0.0,0.0,0.0,
1.0,30.0,2020-09-06,mixed use,1466488.4200000006,4961.590000000004,994.0,12.563599999999997,,8.56713208823019e-06,,12.027430555555556,70.45138888888889,0.6612315696998375,0.9832023114243897,,0.5162151878586846,0.0,0.0,0.0,
1.0,30.0,2020-09-07,mixed use,1466488.4200000006,4961.590000000004,994.0,11.4666,,7.819086631451201e-06,,17.01076388888889,52.00347222222222,1.6920213645280444,0.9846577019377367,,0.184146919484096,0.0,0.0,0.0,
1.0,30.0,2020-09-08,mixed use,1466488.4200000006,4961.590000000004,994.0,66.5546,,4.538365192137007e-05,,17.008472222222224,70.26944444444445,0.5278841092261035,0.9141686874512759,,0.5898517120233417,0.0,0.0,0.0,
1.0,30.0,2020-09-11,mixed use,1466488.4200000006,4961.590000000004,994.0,1.7456,,1.1903264807232499e-06,,15.526597222222222,56.50694444444444,1.3413528762778124,0.9976490547390716,,0.26149166330352025,0.0,0.0,0.0,
1.0,30.0,2020-09-12,mixed use,1466488.4200000006,4961.590000000004,994.0,14.008799999999999,,9.552615492183698e-06,,13.992916666666666,81.1361111111111,0.42155969975536445,0.9812882469985476,,0.6560228228224443,0.0,0.0,0.0,
1.0,30.0,2020-09-13,mixed use,1466488.4200000006,4961.590000000004,994.0,17.706799999999998,,1.2074285591699381e-05,,13.185208333333334,79.68888888888888,0.4358137776767302,0.9764074585348154,,0.6467381518032752,0.0,0.0,0.0,
1.0,30.0,2020-09-18,mixed use,1466488.4200000006,4961.590000000004,994.0,1.2413,,8.464437789423524e-07,,13.227986111111111,88.49513888888889,0.9485925424692411,0.9983276693629037,,0.38728572825493357,0.0,0.0,0.0,
1.0,30.0,2020-09-19,mixed use,1466488.4200000006,4961.590000000004,994.0,10.006599999999999,,6.823511091891196e-06,,18.875416666666666,70.48680555555555,0.7985266649152745,0.9865980269153489,,0.4499914641670808,0.0,0.0,0.0,
1.0,30.0,2020-09-20,mixed use,1466488.4200000006,4961.590000000004,994.0,8.726700000000001,,5.950745932245409e-06,,18.840416666666666,68.94791666666667,0.8474295684325658,0.9883021457221588,,0.42851498598332644,0.0,0.0,0.0,
1.0,30.0,2020-09-25,mixed use,1466488.4200000006,4961.590000000004,994.0,1.2384,,8.444662658843221e-07,,7.278194444444445,92.90972222222223,1.860594079851013,0.9983315731016124,,0.15558017586034073,0.0,0.0,0.0,
1.0,30.0,2020-09-26,mixed use,1466488.4200000006,4961.590000000004,994.0,9.9503,,6.785120062523232e-06,,9.314444444444444,81.82986111111111,1.1324662100257237,0.986672925551205,,0.32223757013466514,0.0,0.0,0.0,
1.0,30.0,2020-09-27,mixed use,1466488.4200000006,4961.590000000004,994.0,18.8572,,1.2858744564788306e-05,,9.795277777777779,73.73819444444445,0.9708416373028862,0.9748940647019646,,0.37876412190235065,0.0,0.0,0.0,
1.0,30.0,2020-09-28,mixed use,1466488.4200000006,4961.590000000004,994.0,76.6859,,5.2292196074756576e-05,,8.776805555555557,80.62361111111112,1.198156016535025,0.901765386262213,,0.30175012144518737,0.0,0.0,0.0,
1.0,30.0,2020-09-29,mixed use,1466488.4200000006,4961.590000000004,994.0,82.1584,,5.602389959547036e-05,,11.686874999999999,71.17569444444445,0.6896762895820433,0.8951357945321904,,0.5017384607475315,0.0,0.0,0.0,
1.0,30.0,2020-10-02,mixed use,1466488.4200000006,4961.590000000004,994.0,1.2463,,8.49853284214818e-07,,19.695069444444446,46.90347222222222,2.183911629362231,0.9983209388147708,,0.11260021775896256,0.0,0.0,0.0,
1.0,30.0,2020-10-03,mixed use,1466488.4200000006,4961.590000000004,994.0,10.5447,,7.190442049313963e-06,,23.28659722222222,41.24722222222222,2.8428461673435823,0.9858824530388476,,0.058259613161133615,0.0,0.0,0.0,
1.0,30.0,2020-10-04,mixed use,1466488.4200000006,4961.590000000004,994.0,8.9904,,6.130563240315253e-06,,18.70268115942029,72.80724637681159,0.7083727814006819,0.9879508026079796,,0.49244486129419185,0.0,0.0,0.0,
1.0,30.0,2020-10-06,mixed use,1466488.4200000006,4961.590000000004,994.0,8.8307,,6.021663641912697e-06,,10.071736111111111,88.17916666666666,1.257427236091432,0.9881635654489244,,0.2843847409164515,0.0,0.0,0.0,
1.0,30.0,2020-10-07,mixed use,1466488.4200000006,4961.590000000004,994.0,59.8945,,4.0842122708340226e-05,,12.082777777777778,99.70625,1.7555299267532827,0.9224151440651531,,0.17281563839201194,0.0,0.0,0.0,
1.0,30.0,2020-10-09,mixed use,1466488.4200000006,4961.590000000004,994.0,1.4178,,9.66799315060394e-07,,12.799652777777778,72.86111111111111,0.45392999500214753,0.9980901084822551,,0.6351271937675164,0.0,0.0,0.0,
1.0,30.0,2020-10-10,mixed use,1466488.4200000006,4961.590000000004,994.0,10.6925,,7.291227025168051e-06,,14.110277777777778,69.67361111111111,0.45287894594286576,0.985685997135869,,0.6357950945438052,0.0,0.0,0.0,
1.0,30.0,2020-10-11,mixed use,1466488.4200000006,4961.590000000004,994.0,8.7151,,5.942835880013288e-06,,12.846944444444443,72.96527777777777,0.4429328622262194,0.9883176039573244,,0.6421503181833829,0.0,0.0,0.0,
1.0,30.0,2020-10-16,mixed use,1466488.4200000006,4961.590000000004,994.0,1.7701999999999998,,1.2071012466637813e-06,,13.00763888888889,80.3125,0.488798510982498,0.9976159633890178,,0.6133629004323444,0.0,0.0,0.0,
1.0,30.0,2020-10-17,mixed use,1466488.4200000006,4961.590000000004,994.0,14.267899999999997,,9.729296055402873e-06,,15.345555555555555,87.11458333333333,0.7958555532508763,0.9809454816307449,,0.45119504835416296,0.0,0.0,0.0,
1.0,30.0,2020-10-18,mixed use,1466488.4200000006,4961.590000000004,994.0,12.460899999999997,,8.497100849933742e-06,,12.011319444444444,71.05277777777778,0.6414962628231698,0.983338472254618,,0.526504045949515,0.0,0.0,0.0,
1.0,30.0,2020-10-23,mixed use,1466488.4200000006,4961.590000000004,994.0,1.7717999999999998,,1.2081922883509705e-06,,15.913055555555555,90.63333333333334,1.0516441612303093,0.9976138111441043,,0.34936286775936515,0.0,0.0,0.0,
1.0,30.0,2020-10-24,mixed use,1466488.4200000006,4961.590000000004,994.0,14.270799999999998,,9.731273568460903e-06,,12.518263888888889,87.9263888888889,0.9664229713455229,0.9809416458762212,,0.3804414570965234,0.0,0.0,0.0,
1.0,30.0,2020-10-25,mixed use,1466488.4200000006,4961.590000000004,994.0,12.560799999999999,,8.565222765277611e-06,,10.626805555555556,67.95972222222223,0.9720136626238646,0.9832060234462748,,0.3783204608026104,0.0,0.0,0.0,
1.0,30.0,2020-10-30,mixed use,1466488.4200000006,4961.590000000004,994.0,1.743,,1.1885535379815679e-06,,15.749166666666666,91.05972222222222,1.0767830003958991,0.9976525522629697,,0.34068976345409613,0.0,0.0,0.0,
1.0,30.0,2020-10-31,mixed use,1466488.4200000006,4961.590000000004,994.0,13.9942,,9.542659736788098e-06,,14.148055555555556,90.47222222222223,1.0397102567036574,0.9813075650142113,,0.3535571079213401,0.0,0.0,0.0,
1.0,30.0,2020-11-01,mixed use,1466488.4200000006,4961.590000000004,994.0,23.818499999999997,,1.624186026644519e-05,,14.361736111111112,76.89027777777778,0.14537015016154112,0.9683941169015906,,0.864702164220745,0.0,0.0,0.0,
1.0,30.0,2020-11-02,mixed use,1466488.4200000006,4961.590000000004,994.0,62.4799,,4.2605109694626825e-05,,18.107222222222223,71.46041666666666,0.641771504415602,0.9192051355557427,,0.5263591500790857,0.0,0.0,0.0,
1.0,30.0,2020-11-03,mixed use,1466488.4200000006,4961.590000000004,994.0,6.2863999999999995,,4.2867027889657644e-06,,22.253333333333334,59.859027777777776,1.7306667188420275,0.9915594358785187,,0.17716625050730014,0.0,0.0,0.0,
1.0,30.0,2020-11-04,mixed use,1466488.4200000006,4961.590000000004,994.0,51.5993,,3.518561708110861e-05,,18.179861111111112,72.11319444444445,0.6343206428601892,0.9327902640002791,,0.5302956260924294,0.0,0.0,0.0,
1.0,30.0,2020-11-05,mixed use,1466488.4200000006,4961.590000000004,994.0,75.6768,,5.160408972066753e-05,,11.727361111111112,71.66805555555555,0.6678674663019586,0.9029931987491775,,0.5128009779483352,0.0,0.0,0.0,
1.0,30.0,2020-11-06,mixed use,1466488.4200000006,4961.590000000004,994.0,47.4708,,3.237038857763362e-05,,11.924375,78.42569444444445,0.599436555789268,0.9379973463106523,,0.5491209479649743,0.0,0.0,0.0,
1.0,30.0,2020-11-07,mixed use,1466488.4200000006,4961.590000000004,994.0,14.320099999999998,,9.764891290447415e-06,,12.308611111111112,67.98402777777778,0.7338860832741504,0.9808764403440879,,0.4800398857239695,0.0,0.0,0.0,
1.0,30.0,2020-11-08,mixed use,1466488.4200000006,4961.590000000004,994.0,19.5388,,1.332352832353084e-05,,14.25340277777778,68.94513888888889,0.4922511941414523,0.973998501499706,,0.6112488044277116,0.0,0.0,0.0,
1.0,30.0,2020-11-09,mixed use,1466488.4200000006,4961.590000000004,994.0,41.3406,,2.819019873337969e-05,,19.524583333333336,62.696527777777774,1.2294474289925965,0.9457827505178055,,0.2924541347167214,0.0,0.0,0.0,
1.0,30.0,2020-11-10,mixed use,1466488.4200000006,4961.590000000004,994.0,52.0875,,3.551852117591217e-05,,23.259305555555557,51.58958333333333,2.2642640171667057,0.9321764346773201,,0.10390647979154476,0.0,0.0,0.0,
1.0,30.0,2020-11-11,mixed use,1466488.4200000006,4961.590000000004,994.0,90.38550000000001,,6.1633967760891e-05,,22.88215277777778,55.454166666666666,2.022092705930581,0.8852607772972693,,0.1323781464759762,0.0,0.0,0.0,
1.0,30.0,2020-11-12,mixed use,1466488.4200000006,4961.590000000004,994.0,95.756,,6.529611737404647e-05,,21.18763888888889,59.96041666666667,1.5796873043555073,0.8788733903730347,,0.20603951579199065,0.0,0.0,0.0,
1.0,30.0,2020-11-13,mixed use,1466488.4200000006,4961.590000000004,994.0,1.7687999999999997,,1.2061465851874908e-06,,16.994097222222223,67.21875,0.6950991118576862,0.9976178466071259,,0.4990249862406356,0.0,0.0,0.0,
1.0,30.0,2020-11-14,mixed use,1466488.4200000006,4961.590000000004,994.0,14.166299999999996,,9.660014908266367e-06,,16.48763888888889,70.29097222222222,0.4651636609717793,0.9810798747745475,,0.6280323123997301,0.0,0.0,0.0,
1.0,30.0,2020-11-15,mixed use,1466488.4200000006,4961.590000000004,994.0,12.374899999999998,,8.438457359247333e-06,,22.028055555555557,55.009027777777774,1.9356411447816702,0.9834525065408909,,0.14433170163489514,0.0,0.0,0.0,
1.0,30.0,2020-11-17,mixed use,1466488.4200000006,4961.590000000004,994.0,7.6994,,5.250228978964591e-06,,15.599513888888888,62.925,0.8975407721376003,0.9896720702293316,,0.4075707376106081,0.0,0.0,0.0,
1.0,30.0,2020-11-18,mixed use,1466488.4200000006,4961.590000000004,994.0,66.2867,,4.520097062887136e-05,,19.26083333333333,55.725,1.5967913391037882,0.9144989704988081,,0.20254537588279942,0.0,0.0,0.0,
1.0,30.0,2020-11-19,mixed use,1466488.4200000006,4961.590000000004,994.0,105.2662,,7.178113278248726e-05,,24.986319444444447,38.544444444444444,3.173584233934255,0.8676753200133275,,0.04185331666492183,0.0,0.0,0.0,
1.0,30.0,2020-11-20,mixed use,1466488.4200000006,4961.590000000004,994.0,79.5845,,5.4268754471310435e-05,,19.249791666666667,63.918055555555554,1.1327184240711887,0.8982478205692261,,0.32215630754171504,0.0,0.0,0.0,
1.0,30.0,2020-11-21,mixed use,1466488.4200000006,4961.590000000004,994.0,14.1151,,9.62510157427632e-06,,19.668819444444445,75.70277777777778,0.8565529073470919,0.9811476074304217,,0.42462327821463425,0.0,0.0,0.0,
1.0,30.0,2020-11-22,mixed use,1466488.4200000006,4961.590000000004,994.0,19.5745,,1.3347872191176247e-05,,21.094930555555557,82.58611111111111,1.2169476241766501,0.9739516174801849,,0.29613269707772794,0.0,0.0,0.0,
1.0,30.0,2020-11-23,mixed use,1466488.4200000006,4961.590000000004,994.0,41.007999999999996,,2.7963398442655263e-05,,16.651319444444447,91.41666666666667,1.1338496872033443,0.9462069985210622,,0.3217920700512685,0.0,0.0,0.0,
1.0,30.0,2020-11-24,mixed use,1466488.4200000006,4961.590000000004,994.0,33.3305,,2.2728103096784077e-05,,16.409583333333334,71.875,0.37087218934794514,0.9560531074704165,,0.6901321421612744,0.0,0.0,0.0,
1.0,30.0,2020-11-25,mixed use,1466488.4200000006,4961.590000000004,994.0,44.8871,,3.060856082313966e-05,,20.91326388888889,66.85347222222222,1.2489573767115008,0.941270822558269,,0.2868036692122261,0.0,0.0,0.0,
1.0,30.0,2020-11-26,mixed use,1466488.4200000006,4961.590000000004,994.0,11.8582,,8.086119084390722e-06,,17.41722222222222,70.54583333333333,0.5703363845251475,0.9841379189057847,,0.565335236685682,0.0,0.0,0.0,
1.0,30.0,2020-11-27,mixed use,1466488.4200000006,4961.590000000004,994.0,76.771,,5.235022585449394e-05,,22.168541666666666,56.12986111111111,1.8960636636738804,0.9016619180391593,,0.1501585318973621,0.0,0.0,0.0,
1.0,30.0,2020-11-28,mixed use,1466488.4200000006,4961.590000000004,994.0,14.284699999999997,,9.740751993118357e-06,,19.53909722222222,78.08402777777778,0.8487907367290611,0.9809232609162214,,0.42793210176159063,0.0,0.0,0.0,
1.0,30.0,2020-11-29,mixed use,1466488.4200000006,4961.590000000004,994.0,19.4517,,1.3264134741684487e-05,,15.774166666666666,83.18541666666667,0.5383207515503129,0.9741128974716041,,0.5837276535721693,0.0,0.0,0.0,
1.0,30.0,2020-11-30,mixed use,1466488.4200000006,4961.590000000004,994.0,64.0049,,4.364500880272889e-05,,19.143055555555556,67.375,0.9565631921716881,0.9173169501503513,,0.38421107913381725,0.0,0.0,0.0,
1.0,30.0,2020-12-01,mixed use,1466488.4200000006,4961.590000000004,994.0,87.9064,,5.994346685669701e-05,,21.107420494699646,63.41224970553593,1.411446016353543,0.8882249269295243,,0.24379050309772526,0.0,0.0,0.0,
1.0,30.0,2020-12-02,mixed use,1466488.4200000006,4961.590000000004,994.0,41.7663,,2.8480484012277427e-05,,14.689583333333333,53.104166666666664,1.576172793842285,0.9452400263162138,,0.20676491780621625,0.0,0.0,0.0,
1.0,30.0,2020-12-03,mixed use,1466488.4200000006,4961.590000000004,994.0,51.0897,,3.48381203037389e-05,,16.160416666666666,60.166666666666664,1.1034867082885726,0.9334314313912054,,0.3317124803612267,0.0,0.0,0.0,
1.0,30.0,2020-12-04,mixed use,1466488.4200000006,4961.590000000004,994.0,54.9191,,3.7449392201814984e-05,,16.741666666666667,62.458333333333336,0.9767041748950598,0.9286241317313925,,0.37655009923589333,0.0,0.0,0.0,
1.0,30.0,2020-12-05,mixed use,1466488.4200000006,4961.590000000004,994.0,14.166699999999999,,9.660287668688167e-06,,18.581481481481482,62.666666666666664,1.1212800321644547,0.9810793456315816,,0.32586241317913617,0.0,0.0,0.0,
1.0,30.0,2020-12-06,mixed use,1466488.4200000006,4961.590000000004,994.0,24.0461,,1.6397060946447835e-05,,15.614,56.8,1.3222376607608177,0.9680969731872764,,0.2665382120742647,0.0,0.0,0.0,
1.0,30.0,2020-12-07,mixed use,1466488.4200000006,4961.590000000004,994.0,75.6743,,5.16023849680313e-05,,13.706,65.94,0.7225216614817996,0.9029962426745867,,0.48552637781937297,0.0,0.0,0.0,
1.0,30.0,2020-12-08,mixed use,1466488.4200000006,4961.590000000004,994.0,79.3028,,5.407666294425971e-05,,13.183333333333332,72.16666666666667,0.41834879163135263,0.8985890718483908,,0.658132637231225,0.0,0.0,0.0,
1.0,30.0,2020-12-09,mixed use,1466488.4200000006,4961.590000000004,994.0,52.226,,3.561296447195947e-05,,17.008333333333333,64.5,0.8632080947994564,0.9320023678042303,,0.4218067134804373,0.0,0.0,0.0,
1.0,30.0,2020-12-10,mixed use,1466488.4200000006,4961.590000000004,994.0,44.5714,,3.039328466023617e-05,,14.960416666666667,68.64583333333333,0.4927762550336414,0.941671588127465,,0.6109279458276321,0.0,0.0,0.0,
1.0,30.0,2020-12-11,mixed use,1466488.4200000006,4961.590000000004,994.0,39.5363,,2.695984466075769e-05,,16.329166666666666,57.5,1.2917235766633475,0.9480865109800255,,0.2747967414328397,0.0,0.0,0.0,
1.0,30.0,2020-12-12,mixed use,1466488.4200000006,4961.590000000004,994.0,12.413399999999998,,8.464710549845318e-06,,19.864583333333332,58.416666666666664,1.4996232799264293,0.9834014546732587,,0.22321423359385978,0.0,0.0,0.0,
1.0,30.0,2020-12-13,mixed use,1466488.4200000006,4961.590000000004,994.0,6.9936,,4.768943214703323e-06,,22.973055555555554,51.12847222222222,2.253598930536769,0.9906143685669991,,0.1050205818371602,0.0,0.0,0.0,
1.0,30.0,2020-12-14,mixed use,1466488.4200000006,4961.590000000004,994.0,3.5791999999999993,,2.4406602542418967e-06,,25.517916666666668,44.69513888888889,2.8992960648137656,0.9951855442027546,,0.055061966472947844,0.0,0.0,0.0,
1.0,30.0,2020-12-15,mixed use,1466488.4200000006,4961.590000000004,994.0,3.4934000000000003,,2.382153143766385e-06,,22.616180555555555,62.09791666666667,1.690412950755294,0.9953006839455085,,0.18444334224692724,0.0,0.0,0.0,
1.0,30.0,2020-12-16,mixed use,1466488.4200000006,4961.590000000004,994.0,4.728199999999999,,3.224164565854531e-06,,18.882916666666667,74.40069444444444,0.7177882526178597,0.9936449207810508,,0.4878300204198503,0.0,0.0,0.0,
1.0,30.0,2020-12-17,mixed use,1466488.4200000006,4961.590000000004,994.0,3.538,,2.412565930796779e-06,,20.75,79.45555555555555,1.0871600728645083,0.9952408310881076,,0.33717268115930515,0.0,0.0,0.0,
1.0,30.0,2020-12-18,mixed use,1466488.4200000006,4961.590000000004,994.0,3.5894,,2.4476156449977274e-06,,15.42013888888889,68.75347222222223,0.4908539759798096,0.9951718571471942,,0.6121034492821588,0.0,0.0,0.0,
1.0,30.0,2020-12-19,mixed use,1466488.4200000006,4961.590000000004,994.0,3.5798,,2.4410693948745932e-06,,14.52611111111111,62.980555555555554,0.891779965472536,0.9951847390766284,,0.40992544984114804,0.0,0.0,0.0,
1.0,30.0,2020-12-20,mixed use,1466488.4200000006,4961.590000000004,994.0,3.5671999999999997,,2.4324774415879796e-06,,14.824930555555557,65.48958333333333,0.7133446718348697,0.9952016468620659,,0.4900025558675373,0.0,0.0,0.0,
1.0,30.0,2020-12-21,mixed use,1466488.4200000006,4961.590000000004,994.0,3.5504,,2.4210215038724943e-06,,15.646041666666665,79.69583333333334,0.30020792450435674,0.9952241910228269,,0.7406642024330031,0.0,0.0,0.0,
1.0,30.0,2020-12-22,mixed use,1466488.4200000006,4961.590000000004,994.0,3.5899999999999994,,2.448024785630423e-06,,15.214166666666667,95.35833333333333,1.3681376932120426,0.9951710520321412,,0.2545806255872815,0.0,0.0,0.0,
1.0,30.0,2020-12-23,mixed use,1466488.4200000006,4961.590000000004,994.0,3.5505999999999998,,2.4211578840833933e-06,,16.09951388888889,69.91111111111111,0.45107498905762056,0.9952239226369571,,0.6369430766259839,0.0,0.0,0.0,
1.0,30.0,2020-12-24,mixed use,1466488.4200000006,4961.590000000004,994.0,3.567599999999999,,2.4327502020097763e-06,,15.853819444444444,64.6048611111111,0.7893191020933389,0.9952011101025579,,0.4541539224835015,0.0,0.0,0.0,
1.0,30.0,2020-12-25,mixed use,1466488.4200000006,4961.590000000004,994.0,3.5699999999999994,,2.43438676454056e-06,,15.515902777777779,62.78541666666667,0.9054981582288614,0.9951978895515887,,0.4043404094215865,0.0,0.0,0.0,
1.0,30.0,2020-12-26,mixed use,1466488.4200000006,4961.590000000004,994.0,3.5441999999999996,,2.4167937173346367e-06,,20.033611111111114,58.59513888888889,1.5085033177787557,0.99523251102069,,0.2212408575449162,0.0,0.0,0.0,
1.0,30.0,2020-12-27,mixed use,1466488.4200000006,4961.590000000004,994.0,3.5547999999999993,,2.424021868512264e-06,,20.532152777777778,60.24791666666667,1.4806225977658662,0.9952182865504101,,0.22749600577781168,0.0,0.0,0.0,
1.0,30.0,2020-12-28,mixed use,1466488.4200000006,4961.590000000004,994.0,3.5589999999999993,,2.4268858529411353e-06,,14.241527777777778,61.93402777777778,0.9706158944572031,0.995212650495781,,0.3788496348446759,0.0,0.0,0.0,
1.0,30.0,2020-12-29,mixed use,1466488.4200000006,4961.590000000004,994.0,3.597199999999999,,2.4529344732227737e-06,,15.80013888888889,61.9875,0.967213126420918,0.9951613907023096,,0.38014096808040254,0.0,0.0,0.0,
1.0,30.0,2020-12-30,mixed use,1466488.4200000006,4961.590000000004,994.0,3.5529999999999995,,2.4227944466141763e-06,,18.007569444444446,74.82916666666667,0.5542317819781851,0.9952207020121647,,0.5745134432936329,0.0,0.0,0.0,
1.0,30.0,2020-12-31,mixed use,1466488.4200000006,4961.590000000004,994.0,3.5671999999999997,,2.4324774415879796e-06,,17.75909722222222,86.04097222222222,0.8784414935281398,0.9952016468620659,,0.41542985753755635,0.0,0.0,0.0,
1.0,30.0,2021-01-01,mixed use,1466488.4200000006,4961.590000000004,994.0,5.355499999999999,,3.6519210973380868e-06,,21.876041666666666,69.07083333333334,1.3450842545660497,0.9928048195263944,,0.26051775712468894,1.0,0.0,0.0,
1.0,30.0,2021-01-02,mixed use,1466488.4200000006,4961.590000000004,994.0,5.082999999999998,,3.4661030599887017e-06,,21.231458333333332,74.53888888888889,1.1471577316916677,0.9931696733973858,,0.31753801621985284,0.0,0.0,0.0,
1.0,30.0,2021-01-03,mixed use,1466488.4200000006,4961.590000000004,994.0,5.390799999999999,,3.675992204561695e-06,,19.591458333333335,86.61527777777778,1.1336708572926164,0.9927575656944373,,0.3218496212442127,0.0,0.0,0.0,
1.0,30.0,2021-01-04,mixed use,1466488.4200000006,4961.590000000004,994.0,5.3873,,3.6736055508709696e-06,,16.298402777777778,98.87569444444445,1.629802196701998,0.9927622508181229,,0.19596833347608494,0.0,0.0,0.0,
1.0,30.0,2021-01-05,mixed use,1466488.4200000006,4961.590000000004,994.0,5.363599999999998,,3.6574444958794803e-06,,16.827708333333334,97.20138888888889,1.5327393637808073,0.9927939763802813,,0.2159433090645053,0.0,0.0,0.0,
1.0,30.0,2021-01-06,mixed use,1466488.4200000006,4961.590000000004,994.0,3.595999999999999,,2.452116191957382e-06,,15.897152777777778,80.55625,0.37384646807808763,0.9951630009174347,,0.6880825463554123,0.0,0.0,0.0,
1.0,30.0,2021-01-07,mixed use,1466488.4200000006,4961.590000000004,994.0,5.3687,,3.6609221912573965e-06,,19.485694444444444,69.19166666666666,0.9400974813731632,0.9927871492749664,,0.39058975827666786,0.0,0.0,0.0,
1.0,30.0,2021-01-08,mixed use,1466488.4200000006,4961.590000000004,994.0,5.358599999999999,,3.6540349906070153e-06,,19.70923611111111,66.80972222222222,1.063745674091214,0.9928006696663624,,0.3451605271462943,0.0,0.0,0.0,
1.0,30.0,2021-01-09,mixed use,1466488.4200000006,4961.590000000004,994.0,3.560599999999999,,2.427976894628324e-06,,22.80034722222222,63.325694444444444,1.6728972658644223,0.9952105034357465,,0.18770245316592055,0.0,0.0,0.0,
1.0,30.0,2021-01-10,mixed use,1466488.4200000006,4961.590000000004,994.0,3.249399999999999,4.915019074000031,2.215769286470055e-06,1.0725846833233017e-07,24.50027777777778,61.10625,2.0209116432156944,0.9956281937899072,0.7597730150465375,0.13253458573314678,0.0,0.0,0.0,27.521337232983047
1.0,30.0,2021-01-11,mixed use,1466488.4200000006,4961.590000000004,994.0,5.314699999999999,16.223999999999997,3.624099534314766e-06,3.5404977356629345e-07,28.771458333333335,41.52986111111111,3.475845973399855,0.9928594386556043,0.403783938668157,0.03093565201147134,0.0,0.0,0.0,10.065577194626954
1.0,30.0,2021-01-12,mixed use,1466488.4200000006,4961.590000000004,994.0,5.386399999999999,31.45299999999994,3.672991839921925e-06,6.863860655806588e-07,19.779791666666668,65.8013888888889,1.1163556863098303,0.9927634555677871,0.17236636554803084,0.3274710298444212,0.0,0.0,0.0,36.83709520205602
1.0,30.0,2021-01-13,mixed use,1466488.4200000006,4961.590000000004,994.0,5.326699999999999,,3.6322823469686835e-06,,21.245416666666667,63.670833333333334,1.4210027819823934,0.99284337389392,,0.24147175192577547,0.0,0.0,0.0,
1.0,30.0,2021-01-14,mixed use,1466488.4200000006,4961.590000000004,994.0,7.0642,,4.817085429150539e-06,,18.174444444444443,64.39444444444445,0.9799111347206872,0.9905200716619339,,0.375344452458995,0.0,0.0,0.0,
1.0,30.0,2021-01-15,mixed use,1466488.4200000006,4961.590000000004,994.0,5.368599999999999,,3.660854001151947e-06,,15.091041666666666,60.90555555555556,1.0318154563745496,0.9927872831393252,,0.35635941797733856,0.0,0.0,0.0,
1.0,30.0,2021-01-16,mixed use,1466488.4200000006,4961.590000000004,994.0,5.347899999999999,,3.6467386493239385e-06,,14.909097222222222,73.11944444444444,0.18217830289820097,0.992814993450188,,0.8334527201309024,0.0,0.0,0.0,
1.0,30.0,2021-01-17,mixed use,1466488.4200000006,4961.590000000004,994.0,7.101899999999999,,4.842793098904931e-06,,16.29083333333333,63.09861111111111,0.9097943923322657,0.9904697213253257,,0.40260699460938704,0.0,0.0,0.0,
1.0,30.0,2021-01-18,mixed use,1466488.4200000006,4961.590000000004,994.0,5.373399999999999,,3.6641271262135143e-06,,17.09798611111111,70.46458333333334,0.5299901719506669,0.9927808576704606,,0.5886107545454619,0.0,0.0,0.0,
1.0,30.0,2021-01-19,mixed use,1466488.4200000006,4961.590000000004,994.0,3.5853999999999995,,2.4448880407797547e-06,,16.07340277777778,57.28125,1.298804335231606,0.9951772245975272,,0.2728578445825412,0.0,0.0,0.0,
1.0,30.0,2021-01-20,mixed use,1466488.4200000006,4961.590000000004,994.0,28.9928,,1.9770220892709118e-05,,17.725555555555555,59.01111111111111,1.2660687756236935,0.9616612751492605,,0.28193780680168684,0.0,0.0,0.0,
1.0,30.0,2021-01-21,mixed use,1466488.4200000006,4961.590000000004,994.0,74.12039999999999,,5.054277891945438e-05,,22.792222222222225,56.3375,1.967568481625397,0.9048902115988322,,0.1397963607118428,0.0,0.0,0.0,
1.0,30.0,2021-01-22,mixed use,1466488.4200000006,4961.590000000004,994.0,97.5778,,6.65384047151221e-05,,20.860555555555557,64.4875,1.3302493165725549,0.8767171235774845,,0.2644113309546234,0.0,0.0,0.0,
1.0,30.0,2021-01-23,mixed use,1466488.4200000006,4961.590000000004,994.0,14.197799999999999,,9.681494791482904e-06,,21.766875,66.875,1.3870523923829687,0.9810382056396787,,0.2498105639925095,0.0,0.0,0.0,
1.0,30.0,2021-01-24,mixed use,1466488.4200000006,4961.590000000004,994.0,33.482,,2.2831411106539787e-05,,27.22236111111111,52.42986111111111,2.771268603259031,0.9558578268803773,,0.06258256192008564,0.0,0.0,0.0,
1.0,30.0,2021-01-25,mixed use,1466488.4200000006,4961.590000000004,994.0,115.9411,,7.906035834909624e-05,,28.009236111111115,42.954861111111114,3.3057311033228265,0.8552757095575966,,0.03667239072636386,0.0,0.0,0.0,
1.0,30.0,2021-01-26,mixed use,1466488.4200000006,4961.590000000004,994.0,53.4212,,3.6427972612289686e-05,,18.166458333333335,87.62986111111111,1.0120939937029614,0.9305015896995117,,0.3634571052801753,0.0,0.0,0.0,
1.0,30.0,2021-01-27,mixed use,1466488.4200000006,4961.590000000004,994.0,63.309,,4.31704738589071e-05,,18.612291666666668,52.67638888888889,1.736024133734797,0.918178100163722,,0.1762196353674963,0.0,0.0,0.0,
1.0,30.0,2021-01-28,mixed use,1466488.4200000006,4961.590000000004,994.0,69.536,,4.741667172523597e-05,,20.39986111111111,67.62222222222222,1.1403390643126243,0.9105010809896005,,0.3197106009813642,0.0,0.0,0.0,
1.0,30.0,2021-01-29,mixed use,1466488.4200000006,4961.590000000004,994.0,11.4169,,7.785196149042893e-06,,18.906180555555558,92.93819444444445,1.396691179961069,0.984723689944309,,0.2474142603150788,0.0,0.0,0.0,
1.0,30.0,2021-01-30,mixed use,1466488.4200000006,4961.590000000004,994.0,14.846499999999997,,1.0123844005532612e-05,,18.45486111111111,80.66944444444445,0.7208343778658279,0.980180479426594,,0.4863462900394983,0.0,0.0,0.0,
1.0,30.0,2021-01-31,mixed use,1466488.4200000006,4961.590000000004,994.0,17.594599999999996,,1.1997776293385248e-05,,18.66263888888889,58.91041666666667,1.3495009541720664,0.9765551874753162,,0.2593696657032406,0.0,0.0,0.0,
1.0,30.0,2021-02-01,mixed use,1466488.4200000006,4961.590000000004,994.0,46.4809,,3.169537472379085e-05,,16.475833333333334,79.79583333333333,0.39090973821590935,0.9392501747103285,,0.6764412100742784,0.0,0.0,0.0,
1.0,30.0,2021-02-02,mixed use,1466488.4200000006,4961.590000000004,994.0,24.546699999999998,,1.6738420614327105e-05,,15.945416666666668,67.40277777777777,0.6039949330511509,0.9674437344527572,,0.5466235439011172,0.0,0.0,0.0,
1.0,30.0,2021-02-03,mixed use,1466488.4200000006,4961.590000000004,994.0,1.7803999999999998,,1.2140566374196115e-06,,18.380277777777778,67.16875,0.8592253432239947,0.997602242907246,,0.423490014693284,0.0,0.0,0.0,
1.0,30.0,2021-02-04,mixed use,1466488.4200000006,4961.590000000004,994.0,1.7798999999999998,,1.213715686892365e-06,,21.830833333333334,61.890277777777776,1.5816166461320704,0.9976029154754835,,0.20564237837664426,0.0,0.0,0.0,
1.0,30.0,2021-02-05,mixed use,1466488.4200000006,4961.590000000004,994.0,1.8021999999999996,,1.2289220804075622e-06,,23.01534722222222,73.56597222222223,1.480206406987431,0.997572919372951,,0.2275907072231144,0.0,0.0,0.0,
1.0,30.0,2021-02-06,mixed use,1466488.4200000006,4961.590000000004,994.0,1.8034999999999997,,1.2298085517784034e-06,,19.50875,63.71319444444445,1.1761327736704779,0.9975711707490561,,0.3084693557386734,0.0,0.0,0.0,
1.0,30.0,2021-02-07,mixed use,1466488.4200000006,4961.590000000004,994.0,1.7885999999999997,,1.2196482260664554e-06,,16.530416666666667,75.03263888888888,0.282912507921915,0.9975912128528464,,0.7535857177559651,0.0,0.0,0.0,
1.0,30.0,2021-02-08,mixed use,1466488.4200000006,4961.590000000004,994.0,16.123,,1.0994290701593126e-05,,16.11722222222222,61.68055555555556,0.9985538273399984,0.978494850577221,,0.36841184324131043,0.0,0.0,0.0,
1.0,30.0,2021-02-09,mixed use,1466488.4200000006,4961.590000000004,994.0,4.7032,,3.2071170394922026e-06,,18.80826388888889,67.67083333333333,0.8953441151557116,0.993678416347873,,0.408467014763326,0.0,0.0,0.0,
1.0,30.0,2021-02-10,mixed use,1466488.4200000006,4961.590000000004,994.0,15.732199999999999,3.2179999999999787,1.0727803769497199e-05,7.022510918000032e-08,22.52402777777778,66.40833333333333,1.5267163375354564,0.9790105971072449,0.8353729340193041,0.21724786602916188,0.0,0.0,0.0,37.774785116500084
1.0,30.0,2021-02-11,mixed use,1466488.4200000006,4961.590000000004,994.0,21.4067,14.110000000000017,1.4597251303218604e-05,3.0791680874139596e-07,25.878541666666667,56.418055555555554,2.4094737624183833,0.971548457405755,0.4544311891427584,0.08986257119393205,0.0,0.0,0.0,19.690923539220346
1.0,30.0,2021-02-12,mixed use,1466488.4200000006,4961.590000000004,994.0,11.347299999999999,25.38600000000005,7.737735835650167e-06,5.539883846002185e-07,19.962847222222223,71.72083333333333,0.9523163994817486,0.9848161071408928,0.24195463459648872,0.3858462135169453,0.0,0.0,0.0,43.19306747333067
1.0,30.0,2021-02-13,mixed use,1466488.4200000006,4961.590000000004,994.0,3.5575999999999994,,2.425931191464845e-06,,17.46472222222222,64.99166666666666,0.8726283344144042,0.995214529177111,,0.41785185029415883,0.0,0.0,0.0,
1.0,30.0,2021-02-14,mixed use,1466488.4200000006,4961.590000000004,994.0,4.528099999999999,,3.087716164850451e-06,,16.029166666666665,72.99861111111112,0.2659473286806621,0.9939130509495179,,0.7664794979242292,0.0,0.0,0.0,
1.0,30.0,2021-02-15,mixed use,1466488.4200000006,4961.590000000004,994.0,6.302299999999999,,4.297545015732205e-06,,18.83548611111111,72.74861111111112,0.7329716773662408,0.9915381779958035,,0.4804790377825268,0.0,0.0,0.0,
1.0,30.0,2021-02-16,mixed use,1466488.4200000006,4961.590000000004,994.0,3.5532,,2.4229308268250752e-06,,22.672430555555554,62.170833333333334,1.6961627836165385,0.9952204336272359,,0.18338586692321507,0.0,0.0,0.0,
1.0,30.0,2021-02-17,mixed use,1466488.4200000006,4961.590000000004,994.0,3.5383999999999993,,2.4128386912185763e-06,,24.156875,60.59930555555555,1.9850577897814468,0.9952402943074655,,0.13737267515068718,0.0,0.0,0.0,
1.0,30.0,2021-02-18,mixed use,1466488.4200000006,4961.590000000004,994.0,17.5679,,1.1979569535230285e-05,,24.560555555555553,57.327777777777776,2.174354757387699,0.9765903455153514,,0.11368148214740176,0.0,0.0,0.0,
1.0,30.0,2021-02-19,mixed use,1466488.4200000006,4961.590000000004,994.0,14.0777,,9.599598474838276e-06,,26.08465277777778,44.75486111111111,2.966853838268504,0.9811970869743487,,0.05146497301871453,0.0,0.0,0.0,
1.0,30.0,2021-02-20,mixed use,1466488.4200000006,4961.590000000004,994.0,5.356999999999999,,3.6529439489198265e-06,,23.06951388888889,69.8236111111111,1.5383765066549533,0.9928028115274388,,0.2147294303968222,0.0,0.0,0.0,
1.0,30.0,2021-02-21,mixed use,1466488.4200000006,4961.590000000004,994.0,12.2914,,8.381518621197155e-06,,18.750486111111112,83.85694444444445,0.8909392329317484,0.9835632385300732,,0.41027023242078503,0.0,0.0,0.0,
1.0,30.0,2021-02-22,mixed use,1466488.4200000006,4961.590000000004,994.0,13.145,,8.963589361312512e-06,,17.580416666666665,63.27708333333333,0.9868264653497006,0.9824318400911983,,0.3727577756414733,0.0,0.0,0.0,
1.0,30.0,2021-02-23,mixed use,1466488.4200000006,4961.590000000004,994.0,3.5189999999999997,,2.3996098107614094e-06,,15.696666666666667,53.733333333333334,1.536335101046476,0.9952663285020873,,0.21516822798988836,0.0,0.0,0.0,
1.0,30.0,2021-02-24,mixed use,1466488.4200000006,4961.590000000004,994.0,3.5126,,2.3952456440126533e-06,,14.98,62.7125,0.9059062220819326,0.9952749172517658,,0.4041754463761826,0.0,0.0,0.0,
1.0,30.0,2021-02-25,mixed use,1466488.4200000006,4961.590000000004,994.0,3.5547999999999997,,2.4240218685122645e-06,,15.400347222222223,71.57291666666667,0.2973751261881286,0.9952182865504101,,0.7427653293678833,0.0,0.0,0.0,
1.0,30.0,2021-02-26,mixed use,1466488.4200000006,4961.590000000004,994.0,2.3569999999999993,,1.607240785440364e-06,,15.329305555555557,68.02708333333334,0.5388636790822597,0.9968269389038789,,0.5834108177751077,0.0,0.0,0.0,
1.0,30.0,2021-02-27,mixed use,1466488.4200000006,4961.590000000004,994.0,0.196,,1.3365260668065822e-07,,14.256319444444443,76.22777777777777,0.1441877975721109,0.9997357545786729,,0.8657251517104766,0.0,0.0,0.0,
1.0,30.0,2021-02-28,mixed use,1466488.4200000006,4961.590000000004,994.0,0.7847999999999996,,5.351559475662272e-07,,18.655555555555555,66.22291666666666,0.9414886836115558,0.9989423596397722,,0.3900467467376751,0.0,0.0,0.0,
1.0,30.0,2021-03-01,mixed use,1466488.4200000006,4961.590000000004,994.0,18.881,,1.2874973809885244e-05,,17.38340277777778,71.1451388888889,0.5398889529156684,0.9748627796989681,,0.5828129684615151,0.0,0.0,0.0,
1.0,30.0,2021-03-02,mixed use,1466488.4200000006,4961.590000000004,994.0,12.1548,,8.28837093715339e-06,,14.763819444444445,55.06736111111111,1.4390548699990504,0.9837444149901674,,0.23715179206857048,0.0,0.0,0.0,
1.0,30.0,2021-03-03,mixed use,1466488.4200000006,4961.590000000004,994.0,3.5263999999999998,,2.4046558785646587e-06,,15.103402777777779,59.00555555555555,1.1641546375867566,0.9952563978526643,,0.3121864612142143,0.0,0.0,0.0,
1.0,30.0,2021-03-04,mixed use,1466488.4200000006,4961.590000000004,994.0,3.5469999999999997,,2.4187030402872177e-06,,16.349166666666665,66.34305555555555,0.697651697699894,0.9952287535936873,,0.4977528064906203,0.0,0.0,0.0,
1.0,30.0,2021-03-05,mixed use,1466488.4200000006,4961.590000000004,994.0,3.5503999999999993,,2.4210215038724943e-06,,15.387152777777779,65.35694444444445,0.7249490868420371,0.9952241910228269,,0.48434922807637854,0.0,0.0,0.0,
1.0,30.0,2021-03-06,mixed use,1466488.4200000006,4961.590000000004,994.0,3.285599999999999,,2.240454104642707e-06,,16.33798611111111,61.99236111111111,0.9865342925881047,0.995579597407186,,0.37286670122195775,0.0,0.0,0.0,
1.0,30.0,2021-03-07,mixed use,1466488.4200000006,4961.590000000004,994.0,3.262799999999999,,2.2249067606002626e-06,,18.938263888888887,63.65138888888889,1.1080701615042041,0.9956102047971388,,0.3301955707242344,0.0,0.0,0.0,
1.0,30.0,2021-03-08,mixed use,1466488.4200000006,4961.590000000004,994.0,5.322899999999999,,3.6296911229616098e-06,,16.807916666666667,93.38680555555555,1.2738129706294699,0.9928484610403299,,0.2797628579301674,0.0,0.0,0.0,
1.0,30.0,2021-03-09,mixed use,1466488.4200000006,4961.590000000004,994.0,5.357299999999999,,3.653148519236174e-06,,15.597222222222221,84.96458333333334,0.6526437433417556,0.992802409928135,,0.520667444495794,0.0,0.0,0.0,
1.0,30.0,2021-03-10,mixed use,1466488.4200000006,4961.590000000004,994.0,0.8043999999999998,3.0369999999999604,5.485212082342931e-07,6.627521957105642e-08,16.520069444444445,75.61319444444445,0.27702703898668973,0.9989159599059456,0.8438676223384907,0.7580340003621577,0.0,0.0,0.0,81.84073970852283
1.0,30.0,2021-03-11,mixed use,1466488.4200000006,4961.590000000004,994.0,2.502,18.206000000000092,1.7061164383418716e-06,3.9730215591395297e-07,17.696527777777778,82.92986111111111,0.7040165305025959,0.996632064814035,0.3614384556066499,0.49459475399961583,0.0,0.0,0.0,54.15131280834133
1.0,30.0,2021-03-12,mixed use,1466488.4200000006,4961.590000000004,994.0,3.5286,24.27399999999995,2.406156060884544e-06,5.297216594889171e-07,21.968194444444446,69.13194444444444,1.3595812461258685,0.9952534455165385,0.2574712023200917,0.25676827715473477,0.0,0.0,0.0,34.08652031720029
1.0,30.0,2021-03-13,mixed use,1466488.4200000006,4961.590000000004,994.0,2.3616,,1.610377530291033e-06,,19.603819444444444,72.89791666666666,0.8671546759235564,0.9968207561061752,,0.42014529967562314,0.0,0.0,0.0,
1.0,30.0,2021-03-14,mixed use,1466488.4200000006,4961.590000000004,994.0,1.9601999999999997,,1.3366624470174807e-06,,13.429236111111111,71.85347222222222,0.397239550025478,0.9973604167655146,,0.672172987288827,0.0,0.0,0.0,
1.0,30.0,2021-03-15,mixed use,1466488.4200000006,4961.590000000004,994.0,7.4514,,5.081117517450289e-06,,14.424513888888889,78.83472222222223,0.24267570408821543,0.9900030674872974,,0.78452589106173,0.0,0.0,0.0,
1.0,30.0,2021-03-16,mixed use,1466488.4200000006,4961.590000000004,994.0,0.7843999999999998,,5.3488318714443e-07,,18.03875,78.90833333333333,0.5991467133315115,0.9989428984171149,,0.5492801295978216,0.0,0.0,0.0,
1.0,30.0,2021-03-17,mixed use,1466488.4200000006,4961.590000000004,994.0,13.318999999999999,,9.08224014479432e-06,,19.29513888888889,72.64722222222223,0.8163156086178911,0.9822013726827596,,0.44205737014556007,0.0,0.0,0.0,
1.0,30.0,2021-03-18,mixed use,1466488.4200000006,4961.590000000004,994.0,9.7742,,6.6650372868269876e-06,,18.663958333333333,74.90694444444445,0.6739598205556423,0.9869072366795307,,0.5096863101925777,0.0,0.0,0.0,
1.0,30.0,2021-03-19,mixed use,1466488.4200000006,4961.590000000004,994.0,3.5941999999999994,,2.4508887700592942e-06,,19.032013888888887,77.55694444444444,0.7503130101873381,0.9951654162450074,,0.47221872033558043,0.0,0.0,0.0,
1.0,30.0,2021-03-21,mixed use,1466488.4200000006,4961.590000000004,994.0,3.1428,,2.1430786340610847e-06,,18.500833333333333,97.79166666666667,1.66562288324174,0.9957713118329757,,0.1890728509854422,0.0,0.0,0.0,
1.0,30.0,2021-03-22,mixed use,1466488.4200000006,4961.590000000004,994.0,3.5511999999999992,,2.4215670247160885e-06,,18.949930555555557,94.05902777777777,1.468209003553596,0.995223117479782,,0.23033764989622205,0.0,0.0,0.0,
1.0,30.0,2021-03-23,mixed use,1466488.4200000006,4961.590000000004,994.0,1.967,,1.3412993741880344e-06,,18.702222222222222,96.44652777777777,1.5950006770580263,0.9973512720997729,,0.20290839112174275,0.0,0.0,0.0,
1.0,30.0,2021-03-24,mixed use,1466488.4200000006,4961.590000000004,994.0,2.8112,,1.916960244391155e-06,,18.057569444444447,95.90972222222223,1.5134469636951977,0.9962166398432635,,0.22014982015627507,0.0,0.0,0.0,
1.0,30.0,2021-03-25,mixed use,1466488.4200000006,4961.590000000004,994.0,3.5681999999999996,,2.4331593426424723e-06,,16.74,81.54375,0.5150119276217688,0.9952003049638385,,0.5974934678996408,0.0,0.0,0.0,
1.0,30.0,2021-03-26,mixed use,1466488.4200000006,4961.590000000004,994.0,38.183899999999994,,2.6037641674661145e-05,,15.672152777777779,73.01180555555555,0.22400483816036254,0.9498169565817182,,0.7993112671639199,0.0,0.0,0.0,
1.0,30.0,2021-03-27,mixed use,1466488.4200000006,4961.590000000004,994.0,43.25769999999999,,2.9497471244948512e-05,,16.78875,69.79513888888889,0.5261102334315156,0.9433410986251265,,0.5908989642707924,0.0,0.0,0.0,
1.0,30.0,2021-03-28,mixed use,1466488.4200000006,4961.590000000004,994.0,42.58239999999999,,2.9036983462849282e-05,,14.671111111111113,77.31041666666667,0.12762928225545944,0.9442004524825136,,0.8801796168722077,0.0,0.0,0.0,
1.0,30.0,2021-03-29,mixed use,1466488.4200000006,4961.590000000004,994.0,69.2802,,4.7242241435496615e-05,,15.169791666666667,74.97152777777778,0.059352442861196786,0.9108151786423324,,0.9423745774288487,0.0,0.0,0.0,
1.0,30.0,2021-03-30,mixed use,1466488.4200000006,4961.590000000004,994.0,99.51429999999999,,6.78589061071481e-05,,13.349791666666667,81.98333333333333,0.5331951663849412,0.8744308989276904,,0.5867272802277943,0.0,0.0,0.0,
1.0,30.0,2021-03-31,mixed use,1466488.4200000006,4961.590000000004,994.0,76.21039999999999,,5.196795212334507e-05,,16.56875,77.98194444444445,0.3264103688567863,0.9023437380730454,,0.7215090418307488,0.0,0.0,0.0,
1.0,30.0,2021-04-01,mixed use,1466488.4200000006,4961.590000000004,994.0,104.3903,,7.118385564885671e-05,,19.483402777777776,64.73055555555555,1.12344158885842,0.8687006815945403,,0.3251588038183368,0.0,0.0,0.0,
1.0,30.0,2021-04-02,mixed use,1466488.4200000006,4961.590000000004,994.0,101.2515,,6.904350461901359e-05,,20.421944444444442,59.63125,1.498615200046738,0.872385040588836,,0.22343936482767465,0.0,0.0,0.0,
1.0,30.0,2021-04-03,mixed use,1466488.4200000006,4961.590000000004,994.0,42.80539999999999,,2.9189047398001256e-05,,22.348333333333333,57.39375,1.857654995935547,0.9439165870161302,,0.15603811167903114,0.0,0.0,0.0,
1.0,30.0,2021-04-04,mixed use,1466488.4200000006,4961.590000000004,994.0,42.94029999999999,,2.9281035850252383e-05,,19.587916666666665,69.89722222222223,0.9342581222303624,0.9437449089327821,,0.39287722432077127,0.0,0.0,0.0,
1.0,30.0,2021-04-05,mixed use,1466488.4200000006,4961.590000000004,994.0,91.0599,,6.209384183204117e-05,,16.171805555555558,67.48263888888889,0.6118814266634643,0.8844561400648423,,0.5423295553265327,0.0,0.0,0.0,
1.0,30.0,2021-04-06,mixed use,1466488.4200000006,4961.590000000004,994.0,71.13719999999999,,4.85085316936904e-05,,15.451944444444443,80.40347222222222,0.3358990575851977,0.9085374218885116,,0.7146952452389345,0.0,0.0,0.0,
1.0,30.0,2021-04-07,mixed use,1466488.4200000006,4961.590000000004,994.0,76.32939999999999,,5.204909834882976e-05,,17.645,86.85902777777778,0.9143472969734043,0.9021989632928836,,0.40077812983772987,0.0,0.0,0.0,
1.0,30.0,2021-04-08,mixed use,1466488.4200000006,4961.590000000004,994.0,95.8299,,6.534650986197352e-05,,21.732152777777777,62.30694444444445,1.5495834862532543,0.8787858198582749,,0.21233639643889923,0.0,0.0,0.0,
1.0,30.0,2021-04-09,mixed use,1466488.4200000006,4961.590000000004,994.0,68.3078,,4.657916085010748e-05,,14.847708333333333,75.55625,0.03296218788856088,0.9120101809398169,,0.9675751449565495,0.0,0.0,0.0,
1.0,30.0,2021-04-10,mixed use,1466488.4200000006,4961.590000000004,994.0,42.90209999999999,4.865076294000083,2.9254987229970744e-05,1.0616858729496252e-07,12.658541666666666,72.42708333333333,0.4907855217984927,0.9437935203133817,0.7618970055920287,0.612145351756844,0.0,0.0,0.0,69.65689245331788
1.0,30.0,2021-04-11,mixed use,1466488.4200000006,4961.590000000004,994.0,42.83899999999999,8.821999999999807,2.9211959273432226e-05,1.9251892889557281e-07,9.652222222222223,85.93194444444444,1.2167811813583984,0.9438738236539536,0.6107151382865506,0.29618199034054704,0.0,0.0,0.0,42.892838065688544
1.0,30.0,2021-04-12,mixed use,1466488.4200000006,4961.590000000004,994.0,138.3254,19.091999999999896,9.432423612318735e-05,4.1663697466269966e-07,11.875416666666666,91.0375,1.213296054809246,0.8298471989615608,0.3439742863473161,0.2972160228789676,0.0,0.0,0.0,37.793547316557884
1.0,30.0,2021-04-13,mixed use,1466488.4200000006,4961.590000000004,994.0,133.7511,,9.120501612961932e-05,,13.497083333333332,70.77361111111111,0.4436424507279134,0.8349813847610736,,0.6416948173294377,0.0,0.0,0.0,
1.0,30.0,2021-04-14,mixed use,1466488.4200000006,4961.590000000004,994.0,102.2295,,6.971040385030791e-05,,17.736666666666665,52.93888888888889,1.6637270876816896,0.8712353803038385,,0.18943163443944913,0.0,0.0,0.0,
1.0,30.0,2021-04-15,mixed use,1466488.4200000006,4961.590000000004,994.0,117.2235,,7.993482826137826e-05,,14.692777777777776,68.23680555555555,0.5245358867001872,0.853798088717959,,0.5918299767997052,0.0,0.0,0.0,
1.0,30.0,2021-04-16,mixed use,1466488.4200000006,4961.590000000004,994.0,142.0407,,9.685770311094575e-05,,12.155277777777776,77.81805555555556,0.5464426782684396,0.8257003956159686,,0.579005861328134,0.0,0.0,0.0,
1.0,30.0,2021-04-17,mixed use,1466488.4200000006,4961.590000000004,994.0,42.441599999999994,,2.894097179437665e-05,,13.511527777777777,59.19444444444444,1.183727367460079,0.9443797263019151,,0.3061355297330381,0.0,0.0,0.0,
1.0,30.0,2021-04-18,mixed use,1466488.4200000006,4961.590000000004,994.0,42.56229999999999,,2.902327725165397e-05,,14.702083333333333,79.89236111111111,0.2962427640627528,0.9442260427563273,,0.7436068850778847,0.0,0.0,0.0,
1.0,30.0,2021-04-19,mixed use,1466488.4200000006,4961.590000000004,994.0,163.28379999999999,,0.00011134339540164928,,15.746944444444443,70.35277777777777,0.39729433337656317,0.8023849267630716,,0.672136164408724,0.0,0.0,0.0,
1.0,30.0,2021-04-20,mixed use,1466488.4200000006,4961.590000000004,994.0,130.492,,8.898263240292066e-05,,12.694027777777778,76.04652777777778,0.42797884532247454,0.8386587592763622,,0.6518252038048699,0.0,0.0,0.0,
1.0,30.0,2021-04-21,mixed use,1466488.4200000006,4961.590000000004,994.0,177.173,,0.0001208144555277156,,10.063749999999999,75.7375,0.9115598476966614,0.7874978837627806,,0.4018968369912524,0.0,0.0,0.0,
1.0,30.0,2021-04-22,mixed use,1466488.4200000006,4961.590000000004,994.0,140.404,,9.574163565505682e-05,,13.27625,64.3,0.85736186543594,0.827524625921077,,0.4242799146810884,0.0,0.0,0.0,
1.0,30.0,2021-04-23,mixed use,1466488.4200000006,4961.590000000004,994.0,164.8637,,0.00011242073087764302,,13.680069444444444,74.61736111111111,0.2575790576670355,0.800677434900581,,0.7729205186049939,0.0,0.0,0.0,
1.0,30.0,2021-04-24,mixed use,1466488.4200000006,4961.590000000004,994.0,42.60509999999999,,2.9052462616786278e-05,,13.749722222222221,74.48263888888889,0.2484667654096753,0.9441715528579409,,0.7799957832446811,0.0,0.0,0.0,
1.0,30.0,2021-04-25,mixed use,1466488.4200000006,4961.590000000004,994.0,42.756899999999995,,2.915597519685834e-05,,12.694861111111111,89.67361111111111,1.0615182156631975,0.9439783173097986,,0.3459302147768665,0.0,0.0,0.0,
1.0,30.0,2021-04-26,mixed use,1466488.4200000006,4961.590000000004,994.0,147.2058,,0.00010037979024750836,,13.061874999999999,87.95694444444445,0.9249867742492803,0.8199698156515862,,0.396536663535375,0.0,0.0,0.0,
1.0,30.0,2021-04-27,mixed use,1466488.4200000006,4961.590000000004,994.0,147.1221,,0.00010032271512924728,,13.00173611111111,95.15555555555555,1.4033814736731394,0.8200623614308704,,0.24576451105214073,0.0,0.0,0.0,
1.0,30.0,2021-04-28,mixed use,1466488.4200000006,4961.590000000004,994.0,121.2225,,8.266175057829637e-05,,11.645486111111111,89.275,1.129604732845356,0.8492066899978431,,0.32316096609643136,0.0,0.0,0.0,
1.0,30.0,2021-04-29,mixed use,1466488.4200000006,4961.590000000004,994.0,166.1038,,0.00011326635637531998,,12.646111111111113,86.79305555555555,0.8859622790168834,0.7993397308606948,,0.41231721811157807,0.0,0.0,0.0,
1.0,30.0,2021-04-30,mixed use,1466488.4200000006,4961.590000000004,994.0,187.532,,0.00012787826855121018,,14.864444444444445,74.85763888888889,0.0662055715503166,0.7765747692822054,,0.9359384421974789,0.0,0.0,0.0,
1.0,30.0,2021-05-01,mixed use,1466488.4200000006,4961.590000000004,994.0,42.67229999999999,,2.9098286367648217e-05,,15.677708333333335,72.10277777777777,0.27984874339902416,0.9440860049694354,,0.7558980673815884,0.0,0.0,0.0,
1.0,30.0,2021-05-02,mixed use,1466488.4200000006,4961.590000000004,994.0,42.609399999999994,,2.90553947913206e-05,,18.405763888888888,64.72708333333334,0.987699959606183,0.9441660785793672,,0.3724323160296357,0.0,0.0,0.0,
1.0,30.0,2021-05-03,mixed use,1466488.4200000006,4961.590000000004,994.0,187.8789,,0.00012811482002701385,,13.962222222222222,93.72222222222223,1.2686166955123168,0.7762116119678919,,0.2812203662350553,0.0,0.0,0.0,
1.0,30.0,2021-05-04,mixed use,1466488.4200000006,4961.590000000004,994.0,166.5161,,0.0001135475041800875,,11.529305555555556,92.19027777777778,1.3143559831524145,0.7988954753669173,,0.26864728091439716,0.0,0.0,0.0,
1.0,30.0,2021-05-05,mixed use,1466488.4200000006,4961.590000000004,994.0,169.81889999999999,,0.00011579968698286749,,11.44513888888889,84.18888888888888,0.8830914657208232,0.7953455899085751,,0.4135026045609971,0.0,0.0,0.0,
1.0,30.0,2021-05-06,mixed use,1466488.4200000006,4961.590000000004,994.0,138.7717,,9.462856856380765e-05,,12.125069444444444,91.68958333333333,1.2328895550410963,0.8293479661311365,,0.291449201267646,0.0,0.0,0.0,
1.0,30.0,2021-05-07,mixed use,1466488.4200000006,4961.590000000004,994.0,120.28139999999999,,8.202001349591287e-05,,14.088402777777777,85.3548611111111,0.6923566402669435,0.8502849749497734,,0.5003954264261686,0.0,0.0,0.0,
1.0,30.0,2021-05-08,mixed use,1466488.4200000006,4961.590000000004,994.0,30.100399999999997,,2.0525494500665738e-05,,13.632083333333334,87.55347222222223,0.8625617712674163,0.9602261505719856,,0.4220794252058416,0.0,0.0,0.0,
1.0,30.0,2021-05-09,mixed use,1466488.4200000006,4961.590000000004,994.0,22.862599999999997,,1.5590031048455183e-05,,14.567152777777778,77.47361111111111,0.14741021459508624,0.9696430906275783,,0.8629399142528369,0.0,0.0,0.0,
1.0,30.0,2021-05-10,mixed use,1466488.4200000006,4961.590000000004,994.0,153.3414,5.399076292999974,0.00010456366235745654,1.1782185274924706e-07,13.823055555555555,76.36041666666667,0.22402474014611728,0.813214145166925,0.7394911434270158,0.7992953594407654,0.0,0.0,0.0,79.1191352697282
1.0,30.0,2021-05-11,mixed use,1466488.4200000006,4961.590000000004,994.0,161.056,10.874000000000077,0.00010982425623244945,2.3729889285995459e-07,11.52951388888889,89.92083333333333,1.1789362480250711,0.8047988318969773,0.5445336161343381,0.30760578088126833,0.0,0.0,0.0,41.60892955908359
1.0,30.0,2021-05-12,mixed use,1466488.4200000006,4961.590000000004,994.0,159.34199999999998,17.89000000000012,0.00010865547782504816,3.904062160441959e-07,11.060625,86.62013888888889,1.0518063668927282,0.8066609571406074,0.36787944117144233,0.349306203719714,0.0,0.0,0.0,41.983344366729966
1.0,30.0,2021-05-13,mixed use,1466488.4200000006,4961.590000000004,994.0,152.5444,,0.0001040201872170255,,9.909305555555555,91.54930555555555,1.4487311796302036,0.8140885356253303,,0.23486810455131926,0.0,0.0,0.0,
1.0,30.0,2021-05-14,mixed use,1466488.4200000006,4961.590000000004,994.0,184.91819999999998,,0.00012609591557497597,,10.501597222222221,76.51527777777778,0.8328027452004303,0.7793165325092672,,0.43482886234477636,0.0,0.0,0.0,
1.0,30.0,2021-05-15,mixed use,1466488.4200000006,4961.590000000004,994.0,42.724999999999994,,2.913422255322001e-05,,8.860208333333334,79.82430555555555,1.1686015166005579,0.9440189214976316,,0.31080128792308587,0.0,0.0,0.0,
1.0,30.0,2021-05-16,mixed use,1466488.4200000006,4961.590000000004,994.0,42.75019999999999,,2.9151406459793234e-05,,10.819652777777778,75.91180555555556,0.7725270084804972,0.9439868453172141,,0.4618445074644563,0.0,0.0,0.0,
1.0,30.0,2021-05-17,mixed use,1466488.4200000006,4961.590000000004,994.0,168.944,,0.00011520309175029143,,11.284930555555555,85.84444444444445,0.9842669809617672,0.7962844032896309,,0.37371306535175275,0.0,0.0,0.0,
1.0,30.0,2021-05-18,mixed use,1466488.4200000006,4961.590000000004,994.0,187.56799999999998,,0.00012790281698917192,,11.58423611111111,82.79097222222222,0.800930156634999,0.7765370742583474,,0.44891121211746754,0.0,0.0,0.0,
1.0,30.0,2021-05-19,mixed use,1466488.4200000006,4961.590000000004,994.0,167.13569999999999,,0.00011397001007345145,,12.706597222222221,72.8013888888889,0.4711634198977416,0.7982283172815536,,0.6242755510282745,0.0,0.0,0.0,
1.0,30.0,2021-05-20,mixed use,1466488.4200000006,4961.590000000004,994.0,181.3504,,0.0001236630289927553,,13.389999999999999,70.52916666666667,0.46930457125854225,0.7830746316091315,,0.6254370639907338,0.0,0.0,0.0,
1.0,30.0,2021-05-21,mixed use,1466488.4200000006,4961.590000000004,994.0,168.7177,,0.00011504877754165964,,9.605,86.52708333333334,1.2483855917613016,0.7965274153403809,,0.2869677061263938,0.0,0.0,0.0,
1.0,30.0,2021-05-22,mixed use,1466488.4200000006,4961.590000000004,994.0,42.80799999999999,,2.919082034074294e-05,,8.828125,78.1138888888889,1.1511491169787975,0.9439132778772789,,0.31627312566584576,0.0,0.0,0.0,
1.0,30.0,2021-05-23,mixed use,1466488.4200000006,4961.590000000004,994.0,43.048199999999994,,2.9354612974032197e-05,,9.931597222222223,84.51875,1.1186384988335911,0.9436076143946736,,0.32672432749133506,0.0,0.0,0.0,
1.0,30.0,2021-05-24,mixed use,1466488.4200000006,4961.590000000004,994.0,204.4311,,0.00013940178266119544,,12.3675,76.225,0.4887486712300319,0.7590796435507384,,0.6133934710492834,0.0,0.0,0.0,
1.0,30.0,2021-05-25,mixed use,1466488.4200000006,4961.590000000004,994.0,195.7415,,0.00013347633525807173,,16.083055555555553,68.18541666666667,0.5603144549291895,0.7680259273054205,,0.5710294725812494,0.0,0.0,0.0,
1.0,30.0,2021-05-26,mixed use,1466488.4200000006,4961.590000000004,994.0,180.1558,,0.0001228484299930578,,11.389999999999999,73.79652777777778,0.6807335177919779,0.7843369946493361,,0.5062455160468717,0.0,0.0,0.0,
1.0,30.0,2021-05-27,mixed use,1466488.4200000006,4961.590000000004,994.0,112.1881,,7.650118369158343e-05,,11.08375,91.75,1.3304639063121864,0.8596147411273669,,0.26435459708342923,0.0,0.0,0.0,
1.0,30.0,2021-05-28,mixed use,1466488.4200000006,4961.590000000004,994.0,198.4403,,0.00013531664982393787,,10.779861111111112,71.41458333333334,0.8354032088014723,0.7652361764827473,,0.4336995746876821,0.0,0.0,0.0,
1.0,30.0,2021-05-29,mixed use,1466488.4200000006,4961.590000000004,994.0,42.360899999999994,,2.8885942379279052e-05,,9.740902777777778,70.45555555555555,1.0379032568669149,0.9444824930477674,,0.3541965631313648,0.0,0.0,0.0,
1.0,30.0,2021-05-30,mixed use,1466488.4200000006,4961.590000000004,994.0,42.8642,,2.9229143180005457e-05,,5.443819444444444,91.3236111111111,2.070140375812628,0.9438417524037175,,0.1261680695166003,0.0,0.0,0.0,
1.0,30.0,2021-05-31,mixed use,1466488.4200000006,4961.590000000004,994.0,147.0635,,0.00010028275572745398,,6.899444444444445,79.00138888888888,1.5114222050089552,0.8201271607495142,,0.22059602198999134,0.0,0.0,0.0,
1.0,30.0,2021-06-01,mixed use,1466488.4200000006,4961.590000000004,994.0,207.0234,,0.00014116947476475807,,9.938819444444444,70.63888888888889,0.9993096217806658,0.7564310055822357,,0.3681335048148798,0.0,0.0,0.0,
1.0,30.0,2021-06-02,mixed use,1466488.4200000006,4961.590000000004,994.0,164.6206,,0.00011225496073129573,,11.862291666666668,77.68819444444445,0.5964431024693224,0.8009399307944813,,0.5507671786177283,0.0,0.0,0.0,
1.0,30.0,2021-06-03,mixed use,1466488.4200000006,4961.590000000004,994.0,135.2616,,9.223502767243121e-05,,12.281944444444445,89.31458333333333,1.0721825648332848,0.8332824992294714,,0.3422606954728714,0.0,0.0,0.0,
1.0,30.0,2021-06-04,mixed use,1466488.4200000006,4961.590000000004,994.0,184.966,,0.00012612851044538077,,9.889930555555555,86.30208333333333,1.1972447777750859,0.7792663055858773,,0.3020252131697502,0.0,0.0,0.0,
1.0,30.0,2021-06-05,mixed use,1466488.4200000006,4961.590000000004,994.0,42.65749999999999,,2.908819423204172e-05,,7.6386111111111115,80.825,1.4037461480000288,0.9441048452078594,,0.2456749033843005,0.0,0.0,0.0,
1.0,30.0,2021-06-06,mixed use,1466488.4200000006,4961.590000000004,994.0,42.845299999999995,,2.9216255250075534e-05,,11.407708333333332,89.60416666666667,1.1730463660529709,0.9438658057392305,,0.309422888646669,0.0,0.0,0.0,
1.0,30.0,2021-06-07,mixed use,1466488.4200000006,4961.590000000004,994.0,200.63479999999998,,0.00013681308168802308,,13.874027777777776,66.03194444444445,0.7066813039944547,0.7629751925043646,,0.49327852551421386,0.0,0.0,0.0,
1.0,30.0,2021-06-08,mixed use,1466488.4200000006,4961.590000000004,994.0,207.3399,,0.00014138529644850515,,9.683958333333333,87.02777777777777,1.2583431322926926,0.7561082608547763,,0.2841243932564658,0.0,0.0,0.0,
1.0,30.0,2021-06-09,mixed use,1466488.4200000006,4961.590000000004,994.0,205.6871,,0.00014025825038563886,,9.556944444444444,99.96875,1.9650794351234597,0.7577951909801516,,0.14014475375783425,0.0,0.0,0.0,
1.0,30.0,2021-06-10,mixed use,1466488.4200000006,4961.590000000004,994.0,208.9191,7.241137330000014,0.00014246215459376072,1.580204038491704e-07,12.295069444444445,93.90625,1.3619461869454481,0.7544999588434602,0.6671376156442745,0.25616175285464415,0.0,0.0,0.0,38.03549008076619
1.0,30.0,2021-06-11,mixed use,1466488.4200000006,4961.590000000004,994.0,174.5798,8.914000000000001,0.00011904614971320396,1.9452660759183561e-07,9.22048611111111,99.42986111111111,1.9658330552145606,0.790256261192585,0.607582574213308,0.14003917764287743,0.0,0.0,0.0,26.072879356010148
1.0,30.0,2021-06-12,mixed use,1466488.4200000006,4961.590000000004,994.0,42.960899999999995,29.11299999999992,2.9295083011974946e-05,6.353211943932123e-07,12.166597222222224,88.50902777777777,1.0335943963187868,0.9437186954578153,0.19645267704173947,0.35572603951235304,0.0,0.0,0.0,39.249325387166834
1.0,30.0,2021-06-13,mixed use,1466488.4200000006,4961.590000000004,994.0,42.154799999999994,,2.8745402571948013e-05,,12.076319444444445,85.69930555555555,0.8807711365171733,0.9447450001369911,,0.41446318072563615,0.0,0.0,0.0,
1.0,30.0,2021-06-14,mixed use,1466488.4200000006,4961.590000000004,994.0,200.7012,,0.00013685835991804143,,10.938958333333334,92.04791666666667,1.362417641379157,0.7629068850907733,,0.2560410127244854,0.0,0.0,0.0,
1.0,30.0,2021-06-15,mixed use,1466488.4200000006,4961.590000000004,994.0,177.54919999999998,,0.00012107098670441592,,9.712916666666667,91.19652777777777,1.4541421540459192,0.7870985216806594,,0.233600671363194,0.0,0.0,0.0,
1.0,30.0,2021-06-16,mixed use,1466488.4200000006,4961.590000000004,994.0,174.6181,,0.00011907226652359104,,11.382083333333334,86.78055555555555,1.0201567984646098,0.7902154514090274,,0.3605384038726315,0.0,0.0,0.0,
1.0,30.0,2021-06-17,mixed use,1466488.4200000006,4961.590000000004,994.0,185.25799999999998,,0.00012632762555329273,,9.610416666666667,88.39861111111111,1.3302852221373753,0.7789595503088137,,0.26440183728687927,0.0,0.0,0.0,
1.0,30.0,2021-06-18,mixed use,1466488.4200000006,4961.590000000004,994.0,192.92929999999998,,0.00013155869311262607,,9.185,99.99583333333334,2.0025481961283274,0.770943720644306,,0.13499086140540106,0.0,0.0,0.0,
1.0,30.0,2021-06-19,mixed use,1466488.4200000006,4961.590000000004,994.0,42.60379999999999,,2.9051576145415437e-05,,10.780694444444444,92.47916666666667,1.403552910548504,0.9441732078786418,,0.24572238156366755,0.0,0.0,0.0,
1.0,30.0,2021-06-20,mixed use,1466488.4200000006,4961.590000000004,994.0,42.3833,,2.89012169628997e-05,,8.034305555555555,91.09375,1.6726890263217529,0.944453966832317,,0.18774154430894535,0.0,0.0,0.0,
1.0,30.0,2021-06-21,mixed use,1466488.4200000006,4961.590000000004,994.0,155.7334,,0.00010619476967980416,,7.235416666666667,86.81458333333333,1.6273225308500885,0.8105955117299548,,0.19645487243838622,0.0,0.0,0.0,
1.0,30.0,2021-06-22,mixed use,1466488.4200000006,4961.590000000004,994.0,161.7699,,0.0001103110653952521,,8.297430555555556,84.02916666666667,1.3653888392113678,0.8040245047310357,,0.25528139327118554,0.0,0.0,0.0,
1.0,30.0,2021-06-23,mixed use,1466488.4200000006,4961.590000000004,994.0,186.85399999999998,,0.00012741593963626382,,13.352986111111111,72.12708333333333,0.3953418399103978,0.7772850340724806,,0.6734497878814096,0.0,0.0,0.0,
1.0,30.0,2021-06-24,mixed use,1466488.4200000006,4961.590000000004,994.0,178.7919,,0.00012191838514483457,,12.509583333333333,85.05833333333334,0.7973437168293787,0.7857807493755836,,0.4505240956838911,0.0,0.0,0.0,
1.0,30.0,2021-06-25,mixed use,1466488.4200000006,4961.590000000004,994.0,178.65109999999999,,0.00012182237347636192,,10.844930555555557,95.14861111111111,1.555693372969188,0.7859299443010704,,0.21104300038628232,0.0,0.0,0.0,
1.0,30.0,2021-06-26,mixed use,1466488.4200000006,4961.590000000004,994.0,42.577999999999996,,2.9033983098209517e-05,,10.045555555555556,81.69027777777778,1.0049505331086914,0.9442060542742039,,0.3660627423420374,0.0,0.0,0.0,
1.0,30.0,2021-06-27,mixed use,1466488.4200000006,4961.590000000004,994.0,42.70289999999999,,2.911915253991571e-05,,11.42548611111111,84.18819444444445,0.8857551621149828,0.9440470526957712,,0.4124026248206748,0.0,0.0,0.0,
1.0,30.0,2021-06-28,mixed use,1466488.4200000006,4961.590000000004,994.0,181.0573,,0.00012346316379368338,,8.288402777777778,90.24444444444444,1.5989677716706616,0.7833841693297585,,0.20210502889704052,0.0,0.0,0.0,
1.0,30.0,2021-06-29,mixed use,1466488.4200000006,4961.590000000004,994.0,142.9723,,9.749296213331157e-05,,7.941875,88.96041666666666,1.5955716682731202,0.8246638509535587,,0.20279256528385822,0.0,0.0,0.0,
1.0,30.0,2021-06-30,mixed use,1466488.4200000006,4961.590000000004,994.0,153.2816,,0.00010452288467439787,,7.935643564356436,95.20792079207921,1.8816275116922265,0.8132797192767086,,0.1523419655559583,0.0,0.0,0.0,
1.0,30.0,2021-07-01,mixed use,1466488.4200000006,4961.590000000004,994.0,145.0237,,9.889181395649884e-05,,11.94375,86.20833333333333,0.9237381016808696,0.8223859460239037,,0.39703211725485965,0.0,0.0,0.0,
1.0,30.0,2021-07-02,mixed use,1466488.4200000006,4961.590000000004,994.0,143.7831,,9.804584750829464e-05,,10.61875,93.6875,1.490249323247471,0.8237627735322987,,0.22531647190130308,0.0,0.0,0.0,
1.0,30.0,2021-07-03,mixed use,1466488.4200000006,4961.590000000004,994.0,42.442699999999995,,2.894172188553659e-05,,7.595833333333334,82.97916666666667,1.4564093143207173,0.9443783255932857,,0.23307166110303001,0.0,0.0,0.0,
1.0,30.0,2021-07-04,mixed use,1466488.4200000006,4961.590000000004,994.0,42.40219999999999,,2.891410489282962e-05,,8.512244897959183,85.0204081632653,1.361139864290443,0.9444298985081943,,0.2563683851742816,0.0,0.0,0.0,
1.0,30.0,2021-07-05,mixed use,1466488.4200000006,4961.590000000004,994.0,207.6943,,0.0001416269621822175,,7.433333333333334,91.64583333333333,1.7827729259716245,0.755747031762407,,0.1681711739107216,0.0,0.0,0.0,
1.0,30.0,2021-07-06,mixed use,1466488.4200000006,4961.590000000004,994.0,176.0987,,0.00012008188922487362,,8.447916666666666,81.47916666666667,1.273792719921736,0.788639442715465,,0.27976852338340263,0.0,0.0,0.0,
1.0,30.0,2021-07-07,mixed use,1466488.4200000006,4961.590000000004,994.0,187.2865,,0.0001277108618423321,,8.34375,75.33333333333333,1.22847380662171,0.7768318771944536,,0.2927390132642993,0.0,0.0,0.0,
1.0,30.0,2021-07-08,mixed use,1466488.4200000006,4961.590000000004,994.0,143.321,,9.773074103101335e-05,,5.589583333333334,89.89583333333333,1.9963539380065851,0.8242762046941347,,0.13582962472140117,0.0,0.0,0.0,
1.0,30.0,2021-07-09,mixed use,1466488.4200000006,4961.590000000004,994.0,107.78009999999999,,7.34953638433776e-05,,5.333333333333333,91.29166666666667,2.0863214874431706,0.8647391704097499,,0.12414295836015604,0.0,0.0,0.0,
1.0,30.0,2021-07-10,mixed use,1466488.4200000006,4961.590000000004,994.0,42.77479999999999,7.30111443999996,2.9168181225733767e-05,1.5932926000145354e-07,6.727083333333333,96.35416666666667,2.095940668276157,0.9439555339066572,0.6649047487749072,0.12295452981272581,0.0,0.0,0.0,25.38402579891017
1.0,30.0,2021-07-11,mixed use,1466488.4200000006,4961.590000000004,994.0,42.351699999999994,8.909999999999934,2.8879668889577715e-05,1.9443931721373595e-07,9.877083333333333,81.3125,1.0229610461771048,0.9444942094215757,0.6077184379368527,0.35952878115602477,0.0,0.0,0.0,48.27666533696408
1.0,30.0,2021-07-12,mixed use,1466488.4200000006,4961.590000000004,994.0,188.8727,20.86600000000007,0.00012879249329496916,4.5535025734925454e-07,12.304166666666667,69.4375,0.6637625926824597,0.7751721778518798,0.31150187666866436,0.5149102874173469,0.0,0.0,0.0,51.29835037193953
1.0,30.0,2021-07-13,mixed use,1466488.4200000006,4961.590000000004,994.0,191.986,,0.0001309154558479227,,11.077083333333334,88.58333333333333,1.1524573600665673,0.771924920596404,,0.3158596340680826,0.0,0.0,0.0,
1.0,30.0,2021-07-14,mixed use,1466488.4200000006,4961.590000000004,994.0,182.0251,,0.00012412310763422184,,11.329166666666666,88.5625,1.122687076316379,0.7823625576274937,,0.3254042327919488,0.0,0.0,0.0,
1.0,30.0,2021-07-15,mixed use,1466488.4200000006,4961.590000000004,994.0,141.0389,,9.617457463455453e-05,,12.61875,89.375,1.048333857797556,0.8268165021758787,,0.3505212811518656,0.0,0.0,0.0,
1.0,30.0,2021-07-16,mixed use,1466488.4200000006,4961.590000000004,994.0,166.121,,0.00011327808507345727,,11.424999999999999,81.77083333333333,0.7838735880370379,0.7993211928300055,,0.4566337699461819,0.0,0.0,0.0,
1.0,30.0,2021-07-17,mixed use,1466488.4200000006,4961.590000000004,994.0,42.19069999999999,,2.8769882819804315e-05,,9.291666666666666,87.33333333333333,1.3282924772511049,0.9446992694921365,,0.26492924801904255,0.0,0.0,0.0,
1.0,30.0,2021-07-18,mixed use,1466488.4200000006,4961.590000000004,994.0,42.6797,,2.910333243545147e-05,,10.489583333333334,85.9375,1.0956702084542793,0.9440765849912124,,0.3343154707931023,0.0,0.0,0.0,
1.0,30.0,2021-07-19,mixed use,1466488.4200000006,4961.590000000004,994.0,196.0487,,0.00013368581526201204,,9.945833333333333,86.91666666666667,1.2161405481568284,0.7677078622662314,,0.29637179514840567,0.0,0.0,0.0,
1.0,30.0,2021-07-20,mixed use,1466488.4200000006,4961.590000000004,994.0,218.4731,,0.0001489770372683883,,8.760784313725491,90.58823529411765,1.5485155326669948,0.7448425884916074,,0.21256328298555602,0.0,0.0,0.0,
1.0,30.0,2021-07-21,mixed use,1466488.4200000006,4961.590000000004,994.0,174.9771,,0.0001193170690021541,,8.108333333333333,96.75,1.9395127677252177,0.7898330287270623,,0.14377398404013933,0.0,0.0,0.0,
1.0,30.0,2021-07-22,mixed use,1466488.4200000006,4961.590000000004,994.0,162.74,,0.00011097257760821592,,7.925,83.6875,1.4183038158963683,0.8029734857321558,,0.24212435627730886,0.0,0.0,0.0,
1.0,30.0,2021-07-23,mixed use,1466488.4200000006,4961.590000000004,994.0,170.0429,,0.00011595243281907397,,8.547916666666667,84.95833333333333,1.353307513497624,0.7951054042361364,,0.2583842364209002,0.0,0.0,0.0,
1.0,30.0,2021-07-24,mixed use,1466488.4200000006,4961.590000000004,994.0,42.439099999999996,,2.8939267041740417e-05,,9.516,79.62,1.0481872200436968,0.944382909738345,,0.3505726845739626,0.0,0.0,0.0,
1.0,30.0,2021-07-25,mixed use,1466488.4200000006,4961.590000000004,994.0,42.70329999999999,,2.9119425300337506e-05,,8.625,67.58333333333333,1.3057720916805402,0.944046543526365,,0.27096324579294245,0.0,0.0,0.0,
1.0,30.0,2021-07-26,mixed use,1466488.4200000006,4961.590000000004,994.0,161.9024,,0.00011040141728497245,,12.447916666666666,79.625,0.5453246423275069,0.8038808714256843,,0.5796535727059393,0.0,0.0,0.0,
1.0,30.0,2021-07-27,mixed use,1466488.4200000006,4961.590000000004,994.0,141.0546,,9.618528048111006e-05,,13.59591836734694,60.6530612244898,1.0813648862224658,0.8267989991563425,,0.33913233256560893,0.0,0.0,0.0,
1.0,30.0,2021-07-28,mixed use,1466488.4200000006,4961.590000000004,994.0,159.6549,,0.00010886884466499908,,12.983928571428573,59.160714285714285,1.212369109946371,0.8063206948868452,,0.29749165347198475,0.0,0.0,0.0,
1.0,30.0,2021-07-29,mixed use,1466488.4200000006,4961.590000000004,994.0,170.7459,,0.00011643180926038266,,9.379166666666666,73.5,1.0490347010302552,0.7943520781646554,,0.35027570674868436,0.0,0.0,0.0,
1.0,30.0,2021-07-30,mixed use,1466488.4200000006,4961.590000000004,994.0,187.8277,,0.00012807990669302382,,11.524074074074074,57.907407407407405,1.397142319322189,0.7762652007483274,,0.24730266717766933,0.0,0.0,0.0,
1.0,30.0,2021-07-31,mixed use,1466488.4200000006,4961.590000000004,994.0,40.8762,,2.7873523883673068e-05,,13.40408163265306,63.183673469387756,0.9220957621693524,0.9463751686832773,,0.39768471453483123,0.0,0.0,0.0,
1.0,30.0,2021-08-01,mixed use,1466488.4200000006,4961.590000000004,994.0,42.496599999999994,,2.897847635237377e-05,,9.588679245283018,83.62264150943396,1.1405726029268408,0.9443096934153631,,0.3196359449285356,0.0,0.0,0.0,
1.0,30.0,2021-08-02,mixed use,1466488.4200000006,4961.590000000004,994.0,167.0314,,0.00011389888779346782,,8.976470588235294,75.05882352941177,1.112660143376507,0.7983405839315583,,0.3286834519938432,0.0,0.0,0.0,
1.0,30.0,2021-08-03,mixed use,1466488.4200000006,4961.590000000004,994.0,183.9701,,0.00012544940518521104,,9.942857142857143,78.91836734693878,0.9600086198781367,0.7803134390610548,,0.3828895854993204,0.0,0.0,0.0,
1.0,30.0,2021-08-04,mixed use,1466488.4200000006,4961.590000000004,994.0,169.7586,,0.00011575856834928156,,10.352083333333333,86.6875,1.1490740599411702,0.7954102594276236,,0.3169300918264648,0.0,0.0,0.0,
1.0,30.0,2021-08-05,mixed use,1466488.4200000006,4961.590000000004,994.0,164.3001,,0.00011203641144333067,,11.59375,85.52083333333333,0.9287940148554471,0.8012861336214353,,0.395029823319904,0.0,0.0,0.0,
1.0,30.0,2021-08-06,mixed use,1466488.4200000006,4961.590000000004,994.0,196.876,,0.00013424995200439423,,11.65,82.5625,0.7816166937754453,0.7668519572095671,,0.4576655079050263,0.0,0.0,0.0,
1.0,30.0,2021-08-07,mixed use,1466488.4200000006,4961.590000000004,994.0,39.676899999999996,,2.7055719949019425e-05,,11.112499999999999,85.10416666666667,0.9712589003743217,0.9479067891185978,,0.3786061105899315,0.0,0.0,0.0,
1.0,30.0,2021-08-08,mixed use,1466488.4200000006,4961.590000000004,994.0,42.5622,,2.9023209061548526e-05,,9.654166666666667,86.58333333333333,1.2435559671022351,0.9442261700728561,,0.28835700463093605,0.0,0.0,0.0,
1.0,30.0,2021-08-09,mixed use,1466488.4200000006,4961.590000000004,994.0,173.1889,,0.00011809769353650942,,9.797916666666667,87.4375,1.2603350517164171,0.7917397352307171,,0.28355900365099623,0.0,0.0,0.0,
1.0,30.0,2021-08-10,mixed use,1466488.4200000006,4961.590000000004,994.0,174.3096,20.121038147000053,0.0001188619000482799,4.3909325689497803e-07,13.276470588235295,68.0,0.6257532759905693,0.790544227177848,0.3247470614013425,0.5348583807583679,0.0,0.0,0.0,53.11591976653448
1.0,30.0,2021-08-11,mixed use,1466488.4200000006,4961.590000000004,994.0,187.1883,21.710999999999963,0.0001276438991587809,4.7379034972249666e-07,14.432692307692308,56.13461538461539,1.3681971624137346,0.7769347441922525,0.2971307482462996,0.2545654863308758,0.0,0.0,0.0,33.027112214529424
1.0,30.0,2021-08-12,mixed use,1466488.4200000006,4961.590000000004,994.0,172.4399,33.00400000000006,0.00011758694964669405,7.20232909688238e-07,11.479166666666666,70.85416666666667,0.7339271701093703,0.7925397396146027,0.15805226433941483,0.48002016280946463,0.0,0.0,0.0,43.76625159616663
1.0,30.0,2021-08-13,mixed use,1466488.4200000006,4961.590000000004,994.0,163.0401,,0.0001111772161146693,,11.770833333333334,74.6875,0.6016310160327357,0.8026486318046477,,0.5479172450979048,0.0,0.0,0.0,
1.0,30.0,2021-08-14,mixed use,1466488.4200000006,4961.590000000004,994.0,42.54619999999999,,2.9012298644676632e-05,,10.454166666666667,81.125,0.9201972069040568,0.9442465409385987,,0.3984404581270198,0.0,0.0,0.0,
1.0,30.0,2021-08-15,mixed use,1466488.4200000006,4961.590000000004,994.0,60.02499999999999,,4.0931110795951574e-05,,13.86122448979592,57.285714285714285,1.3012869454122231,0.9222528481784358,,0.27218128508395845,0.0,0.0,0.0,
1.0,30.0,2021-08-16,mixed use,1466488.4200000006,4961.590000000004,994.0,170.5116,,0.0001162720398433149,,11.373469387755101,83.83673469387755,0.8769493285043828,0.7946030718031214,,0.4160502101599368,0.0,0.0,0.0,
1.0,30.0,2021-08-17,mixed use,1466488.4200000006,4961.590000000004,994.0,158.6103,,0.00010815653082347553,,10.833333333333334,93.58333333333333,1.462996223808696,0.8074572029025946,,0.23154148426781448,0.0,0.0,0.0,
1.0,30.0,2021-08-18,mixed use,1466488.4200000006,4961.590000000004,994.0,160.974,,0.000109768340345981,,11.097916666666668,83.79166666666667,0.9143806316561542,0.8048878204172247,,0.4007647702485887,0.0,0.0,0.0,
1.0,30.0,2021-08-19,mixed use,1466488.4200000006,4961.590000000004,994.0,150.9604,,0.00010294005594670835,,11.13125,78.27083333333333,0.7367868109198376,0.8158291375978044,,0.47864943838589497,0.0,0.0,0.0,
1.0,30.0,2021-08-20,mixed use,1466488.4200000006,4961.590000000004,994.0,174.1282,,0.00011873820319699485,,12.473469387755102,69.73469387755102,0.6267031967302494,0.7907376133220605,,0.5343505489278746,0.0,0.0,0.0,
1.0,30.0,2021-08-21,mixed use,1466488.4200000006,4961.590000000004,994.0,40.87149999999999,,2.7870318948716944e-05,,14.910416666666668,61.666666666666664,0.9789085220091404,0.9463811661984685,,0.37572096629547796,0.0,0.0,0.0,
1.0,30.0,2021-08-22,mixed use,1466488.4200000006,4961.590000000004,994.0,55.457699999999996,,3.7816664109764995e-05,,16.34313725490196,59.72549019607843,1.1403920978190285,0.9279499803780056,,0.3196936460567531,0.0,0.0,0.0,
1.0,30.0,2021-08-23,mixed use,1466488.4200000006,4961.590000000004,994.0,184.2148,,0.0001256162663732455,,11.648,75.1,0.6214312132735321,0.7800560202991598,,0.5371750750674251,0.0,0.0,0.0,
1.0,30.0,2021-08-24,mixed use,1466488.4200000006,4961.590000000004,994.0,193.7677,,0.00013213039895671315,,8.335416666666667,78.52083333333333,1.2450847194359247,0.7700726822969318,,0.28791651497275567,0.0,0.0,0.0,
1.0,30.0,2021-08-25,mixed use,1466488.4200000006,4961.590000000004,994.0,196.6413,,0.00013408990982690468,,9.016666666666667,84.9375,1.277322950551155,0.767094675288811,,0.27878261723495545,0.0,0.0,0.0,
1.0,30.0,2021-08-26,mixed use,1466488.4200000006,4961.590000000004,994.0,190.1572,,0.00012966839519946562,,7.689583333333334,87.08333333333333,1.5636388918016697,0.7738307570679642,,0.20937279834993858,0.0,0.0,0.0,
1.0,30.0,2021-08-27,mixed use,1466488.4200000006,4961.590000000004,994.0,172.94219999999999,,0.00011792946854636596,,7.465909090909091,92.88636363636364,1.8332151463551747,0.7920031454448917,,0.15989864290040892,0.0,0.0,0.0,
1.0,30.0,2021-08-28,mixed use,1466488.4200000006,4961.590000000004,994.0,42.507299999999994,,2.898577269365685e-05,,14.49655172413793,51.51724137931034,1.6882532857999353,0.9442960694390914,,0.18484210851520244,0.0,0.0,0.0,
1.0,30.0,2021-08-29,mixed use,1466488.4200000006,4961.590000000004,994.0,42.65689999999999,,2.9087785091409023e-05,,10.889583333333334,82.39583333333333,0.8905287146249241,0.9441056090092391,,0.41043869043712283,0.0,0.0,0.0,
1.0,30.0,2021-08-30,mixed use,1466488.4200000006,4961.590000000004,994.0,179.5841,,0.00012245858716020404,,10.739583333333334,76.45833333333333,0.7888279665405847,0.7849418438059541,,0.4543770284043961,0.0,0.0,0.0,
1.0,30.0,2021-08-31,mixed use,1466488.4200000006,4961.590000000004,994.0,175.7087,,0.00011981594781362128,,15.584313725490196,53.450980392156865,1.5544045361075927,0.789054268823457,,0.21131517574170142,0.0,0.0,0.0,
1.0,30.0,2021-09-01,mixed use,1466488.4200000006,4961.590000000004,994.0,172.8869,,0.00011789175941805249,,16.504166666666666,62.979166666666664,0.9286531755095634,0.7920622032109762,,0.39508546297985964,0.0,0.0,0.0,
1.0,30.0,2021-09-02,mixed use,1466488.4200000006,4961.590000000004,994.0,137.5566,,9.379999059249302e-05,,21.400000000000002,38.916666666666664,2.8196707197597277,0.8307078862978776,,0.059625572999832295,0.0,0.0,0.0,
1.0,30.0,2021-09-03,mixed use,1466488.4200000006,4961.590000000004,994.0,103.21719999999999,,7.038391752183079e-05,,18.649056603773584,68.0377358490566,0.8564955396630568,0.8700758551291489,,0.4246476385674346,0.0,0.0,0.0,
1.0,30.0,2021-09-04,mixed use,1466488.4200000006,4961.590000000004,994.0,42.44219999999999,,2.8941380935009342e-05,,10.791666666666666,89.72916666666667,1.2475744704655176,0.9443789622787688,,0.2872005661701385,0.0,0.0,0.0,
1.0,30.0,2021-09-05,mixed use,1466488.4200000006,4961.590000000004,994.0,42.5847,,2.903855183527462e-05,,10.210416666666667,88.5,1.2548234252209989,0.9441975242864478,,0.2851261898737544,0.0,0.0,0.0,
1.0,30.0,2021-09-06,mixed use,1466488.4200000006,4961.590000000004,994.0,189.3767,,0.00012913617142643372,,11.35,77.60416666666667,0.6874228073884211,0.7746455668366147,,0.5028703943517785,0.0,0.0,0.0,
1.0,30.0,2021-09-07,mixed use,1466488.4200000006,4961.590000000004,994.0,169.8145,,0.00011579668661822774,,12.077083333333334,82.39583333333333,0.7132748938356832,0.7953503085679495,,0.49003674845841344,0.0,0.0,0.0,
1.0,30.0,2021-09-08,mixed use,1466488.4200000006,4961.590000000004,994.0,169.51919999999998,,0.00011559532123683589,,13.585416666666667,75.3125,0.26481310527343277,0.7956670589533575,,0.7673493501220453,0.0,0.0,0.0,
1.0,30.0,2021-09-09,mixed use,1466488.4200000006,4961.590000000004,994.0,165.0729,,0.00011256338457824299,,17.14814814814815,53.48148148148148,1.5977246670005867,0.8004516126121295,,0.2023564228244172,0.0,0.0,0.0,
1.0,30.0,2021-09-10,mixed use,1466488.4200000006,4961.590000000004,994.0,145.1008,5.8939999999999975,9.894438852780026e-05,1.286223721276956e-07,13.854166666666666,69.10416666666667,0.5079460155283196,0.8223004558363789,0.7193136412629162,0.6017302549752158,0.0,0.0,0.0,66.29262195622195
1.0,30.0,2021-09-11,mixed use,1466488.4200000006,4961.590000000004,994.0,42.3672,28.19100000000008,2.889023835592236e-05,6.15200762241581e-07,18.017647058823528,46.6078431372549,2.101408198392368,0.9444744699625872,0.2068427297014964,0.12228410666754719,0.0,0.0,0.0,20.56833505252547
1.0,30.0,2021-09-12,mixed use,1466488.4200000006,4961.590000000004,994.0,62.0038,36.87799999999994,4.228045660258263e-05,8.047736408763408e-07,11.60204081632653,66.36734693877551,0.9050579036369298,0.9197954165722869,0.12727883222169054,0.4045184613347481,0.0,0.0,0.0,39.11424835182613
1.0,30.0,2021-09-13,mixed use,1466488.4200000006,4961.590000000004,994.0,190.2575,,0.00012973678987523128,,9.289583333333333,84.25,1.209935199254977,0.7737261101747372,,0.29821660346185735,0.0,0.0,0.0,
1.0,30.0,2021-09-14,mixed use,1466488.4200000006,4961.590000000004,994.0,182.7917,,0.00012464585298259628,,9.725,80.47916666666667,1.0287657987967775,0.7815542787648798,,0.3574478510072296,0.0,0.0,0.0,
1.0,30.0,2021-09-15,mixed use,1466488.4200000006,4961.590000000004,994.0,179.8303,,0.00012262647119982027,,8.870833333333334,81.27083333333333,1.1953814950332269,0.7846813111110934,,0.3025884961518171,0.0,0.0,0.0,
1.0,30.0,2021-09-16,mixed use,1466488.4200000006,4961.590000000004,994.0,176.98,,0.00012068284862419841,,9.672916666666667,77.89583333333333,0.9951073618888504,0.7877028451260158,,0.3696837524674467,0.0,0.0,0.0,
1.0,30.0,2021-09-17,mixed use,1466488.4200000006,4961.590000000004,994.0,172.1016,,0.00011735626251995901,,13.633333333333333,69.89583333333333,0.47883123579606435,0.7929013416678764,,0.6195070264812519,0.0,0.0,0.0,
1.0,30.0,2021-09-18,mixed use,1466488.4200000006,4961.590000000004,994.0,60.781699999999994,,4.1447105323886546e-05,,12.658490566037736,69.98113207547169,0.5899372323395229,0.9213123434437059,,0.5543620796532949,0.0,0.0,0.0,
1.0,30.0,2021-09-19,mixed use,1466488.4200000006,4961.590000000004,994.0,42.24139999999999,,2.8804455203267116e-05,,12.86153846153846,62.36538461538461,1.0110628768019478,0.9446346898728726,,0.3638320653248212,0.0,0.0,0.0,
1.0,30.0,2021-09-20,mixed use,1466488.4200000006,4961.590000000004,994.0,189.2088,,0.00012902168023938432,,9.5875,78.08928571428571,1.0127578867304667,0.7748209596050383,,0.36321588872203775,0.0,0.0,0.0,
1.0,30.0,2021-09-21,mixed use,1466488.4200000006,4961.590000000004,994.0,194.01149999999998,,0.00013229664643379856,,8.597916666666666,88.04166666666667,1.4601440678672546,0.7698195760737865,,0.23220281935493947,0.0,0.0,0.0,
1.0,30.0,2021-09-22,mixed use,1466488.4200000006,4961.590000000004,994.0,184.1752,,0.00012558926309148757,,12.439583333333333,89.72916666666667,1.0847651264410152,0.7800976728266449,,0.3379811594107587,0.0,0.0,0.0,
1.0,30.0,2021-09-23,mixed use,1466488.4200000006,4961.590000000004,994.0,184.7237,,0.00012596328581987706,,14.066666666666668,76.95833333333333,0.19482078743816011,0.7795209411409086,,0.8229821335773976,0.0,0.0,0.0,
1.0,30.0,2021-09-24,mixed use,1466488.4200000006,4961.590000000004,994.0,173.5436,,0.00011833956384053815,,13.820754716981131,60.471698113207545,1.0844792671826775,0.7913611631641003,,0.3380777882647882,0.0,0.0,0.0,
1.0,30.0,2021-09-25,mixed use,1466488.4200000006,4961.590000000004,994.0,42.62409999999999,,2.906541873682165e-05,,9.045833333333333,72.70833333333333,1.1187760633430335,0.9441473644248937,,0.3266793849108237,0.0,0.0,0.0,
1.0,30.0,2021-09-26,mixed use,1466488.4200000006,4961.590000000004,994.0,42.60079999999999,,2.9049530442251957e-05,,9.016666666666667,76.27083333333333,1.1049729862566007,0.9441770271682545,,0.33121982960861535,0.0,0.0,0.0,
1.0,30.0,2021-09-27,mixed use,1466488.4200000006,4961.590000000004,994.0,180.2507,,0.00012291314240312919,,11.052083333333334,69.33333333333333,0.8545136299535736,0.784236637131269,,0.4254900863974287,0.0,0.0,0.0,
1.0,30.0,2021-09-28,mixed use,1466488.4200000006,4961.590000000004,994.0,154.63909999999998,,0.0001054485653558723,,14.033333333333333,64.77083333333333,0.7836842180583523,0.8117924446849051,,0.45672025086164986,0.0,0.0,0.0,
1.0,30.0,2021-09-29,mixed use,1466488.4200000006,4961.590000000004,994.0,140.49699999999999,,9.580505245312467e-05,,14.375,88.52083333333333,0.8992380459225534,0.827420862225343,,0.4068795652024761,0.0,0.0,0.0,
1.0,30.0,2021-09-30,mixed use,1466488.4200000006,4961.590000000004,994.0,150.77949999999998,,0.00010281670004595053,,14.514583333333334,98.375,1.5804318396140367,0.8160281588858889,,0.2058861692008889,0.0,0.0,0.0,
1.0,30.0,2021-10-01,mixed use,1466488.4200000006,4961.590000000004,994.0,102.9842,,7.02250345761339e-05,,15.89782608695652,85.6304347826087,0.7090216009580229,0.8703492498013554,,0.4921254570663319,0.0,0.0,0.0,
1.0,30.0,2021-10-02,mixed use,1466488.4200000006,4961.590000000004,994.0,42.486999999999995,,2.8971930102250638e-05,,14.535416666666668,94.27083333333333,1.2949353102696075,0.9443219169632329,,0.2739155832835552,0.0,0.0,0.0,
1.0,30.0,2021-10-03,mixed use,1466488.4200000006,4961.590000000004,994.0,116.3023,,7.930666100997916e-05,,15.547826086956523,86.73913043478261,0.7736149655755611,0.8548592652668953,,0.4613423136879204,0.0,0.0,0.0,
1.0,30.0,2021-10-04,mixed use,1466488.4200000006,4961.590000000004,994.0,163.4123,,0.00011143101968715165,,13.651020408163264,70.24489795918367,0.4566212915321648,0.8022459132394346,,0.6334201762303356,0.0,0.0,0.0,
1.0,30.0,2021-10-05,mixed use,1466488.4200000006,4961.590000000004,994.0,174.4294,,0.00011894359179460818,,12.70185185185185,63.77777777777778,0.9344169651445381,0.7904165372330018,,0.3928148235136411,0.0,0.0,0.0,
1.0,30.0,2021-10-06,mixed use,1466488.4200000006,4961.590000000004,994.0,165.9226,,0.00011314279590424581,,13.804166666666667,69.125,0.5105829161042041,0.7995350529830936,,0.6001456422706044,0.0,0.0,0.0,
1.0,30.0,2021-10-07,mixed use,1466488.4200000006,4961.590000000004,994.0,157.5448,,0.00010742996524991308,,11.948,74.18,0.5748003834782588,0.8086181001008996,,0.5628172052073616,0.0,0.0,0.0,
1.0,30.0,2021-10-08,mixed use,1466488.4200000006,4961.590000000004,994.0,98.999,,6.750752249376776e-05,,12.641666666666666,70.375,0.5740638803253033,0.8750386773951695,,0.5632318745374245,0.0,0.0,0.0,
1.0,30.0,2021-10-09,mixed use,1466488.4200000006,4961.590000000004,994.0,42.6611,,2.90906490758379e-05,,16.970833333333335,57.3125,1.3315139128930822,0.9441002624125578,,0.2640771686931084,0.0,0.0,0.0,
1.0,30.0,2021-10-10,mixed use,1466488.4200000006,4961.590000000004,994.0,113.2342,3.4120000000000372,7.721452038468872e-05,7.445869251776423e-08,11.640816326530611,74.75510204081633,0.624875749789356,0.8584030844332308,0.8263630507891152,0.5353279389961182,0.0,0.0,0.0,63.808030193596124
1.0,30.0,2021-10-11,mixed use,1466488.4200000006,4961.590000000004,994.0,194.4809,23.881000000000057,0.00013261673078877767,5.211453798407715e-07,9.429166666666667,78.20833333333333,1.0428709931899214,0.7693324926035982,0.2631898034088865,0.3524413712739946,0.0,0.0,0.0,39.388175316614365
1.0,30.0,2021-10-12,mixed use,1466488.4200000006,4961.590000000004,994.0,168.1157,23.922999999999988,0.00011463827310685477,5.22061928810801e-07,11.966666666666667,70.5625,0.6663628530682238,0.7971742336122674,0.26257264263215613,0.5135731258323211,0.0,0.0,0.0,49.97858264786694
1.0,30.0,2021-10-13,mixed use,1466488.4200000006,4961.590000000004,994.0,176.6736,6.449381469999944,0.00012047391414110172,1.4074223675395275e-07,13.820408163265308,79.55102040816327,0.3458189199886824,0.788028344139334,0.6973261535540556,0.7076406150760313,0.0,0.0,0.0,72.1832819519567
1.0,30.0,2021-10-14,mixed use,1466488.4200000006,4961.590000000004,994.0,160.8769,449.88915258800006,0.00010970212775358972,9.817748557921172e-06,12.395918367346939,79.28571428571429,0.542426449246809,0.804993208572407,1.198313218682634e-11,0.5813359574398526,0.0,0.0,0.0,0.7915250571141391
1.0,30.0,2021-10-15,mixed use,1466488.4200000006,4961.590000000004,994.0,90.7571,19.554998379999994,6.188736219274064e-05,4.267408005749652e-07,11.240816326530611,90.77551020408163,1.2578541105896606,0.8848173249929127,0.3351863400182273,0.28426337022973747,0.0,0.0,0.0,37.09880502978872
1.0,30.0,2021-10-16,mixed use,1466488.4200000006,4961.590000000004,994.0,42.5738,9.480000000000068,2.9031119113780648e-05,2.0687819609273217e-07,12.209615384615384,89.4423076923077,1.0863125763446588,0.9442114014700022,0.5886609046136483,0.33745855495458854,0.0,0.0,0.0,46.17068578249149
1.0,30.0,2021-10-17,mixed use,1466488.4200000006,4961.590000000004,994.0,127.2409,4.381000000000058,8.676570388465798e-05,9.560478661205328e-08,13.047916666666666,74.41666666666667,0.3734319474486495,0.8423432430963859,0.7827942328331803,0.6883678298895031,0.0,0.0,0.0,73.45555160984479
1.0,30.0,2021-10-18,mixed use,1466488.4200000006,4961.590000000004,994.0,152.8318,6.614999999999935,0.00010421616558008684,1.4435646277989453e-07,12.420833333333334,82.64583333333333,0.6788207883734633,0.813773120117505,0.6909003739353203,0.5072147533872939,0.0,0.0,0.0,59.13719851875044
1.0,30.0,2021-10-19,mixed use,1466488.4200000006,4961.590000000004,994.0,164.5203,5.725999999999964,0.00011218656605553007,1.249561762475705e-07,12.018749999999999,86.5,0.931640575531153,0.8010482583723114,0.7261003311139071,0.3939069458866973,0.0,0.0,0.0,50.91655561972148
1.0,30.0,2021-10-20,mixed use,1466488.4200000006,4961.590000000004,994.0,136.5617,8.270999999999978,9.312156723337777e-05,1.8049467931254968e-07,15.304166666666667,75.85416666666667,0.05391636298594724,0.8318230224207475,0.6298174135221136,0.9475113502080111,0.0,0.0,0.0,85.76624595515709
1.0,30.0,2021-10-21,mixed use,1466488.4200000006,4961.590000000004,994.0,125.8436,24.02699999999994,8.581288354121469e-05,5.243314786413532e-07,18.245833333333334,70.0625,0.7133040526903188,0.8439317778757808,0.2610506563344682,0.49002245975642117,0.0,0.0,0.0,49.08957823842289
1.0,30.0,2021-10-22,mixed use,1466488.4200000006,4961.590000000004,994.0,74.0363,8.424000000000014,5.048543104077151e-05,1.8383353627480657e-07,18.70625,78.5,0.7064072246044442,0.9049928300124119,0.6244540161193112,0.49341374152070594,0.0,0.0,0.0,58.39141297622997
1.0,30.0,2021-10-23,mixed use,1466488.4200000006,4961.590000000004,994.0,42.67399999999999,5.104000000000034,2.9099445599440857e-05,1.1138252245330216e-07,12.997916666666667,90.29166666666667,1.0806355163660983,0.9440838409120681,0.7517893982690363,0.3393797756941118,0.0,0.0,0.0,48.38502594192584
1.0,30.0,2021-10-24,mixed use,1466488.4200000006,4961.590000000004,994.0,121.56649999999999,5.6900000000000475,8.289632454104202e-05,1.2417056284468855e-07,11.464583333333332,76.27083333333333,0.654816264915576,0.8488128861838532,0.7275629320030341,0.5195375110866215,0.0,0.0,0.0,61.10341003485017
1.0,30.0,2021-10-25,mixed use,1466488.4200000006,4961.590000000004,994.0,152.8011,6.791000000000006,0.0001041952312177139,1.481972394162168e-07,11.597916666666668,65.89583333333333,0.9294837147070751,0.8138068068967687,0.6841366911069732,0.3947574652428307,0.0,0.0,0.0,50.615166738998504
1.0,30.0,2021-10-26,mixed use,1466488.4200000006,4961.590000000004,994.0,135.0083,7.484000000000021,9.20623021353281e-05,1.6332029742173006e-07,12.0875,75.875,0.5391329384922913,0.8335671487152277,0.6581421977821392,0.5832537500694354,0.0,0.0,0.0,64.20043222770302
1.0,30.0,2021-10-27,mixed use,1466488.4200000006,4961.590000000004,994.0,99.6794,11.369000000000005,6.797148797124492e-05,2.4810107714960507e-07,17.233333333333334,61.354166666666664,1.080559066257845,0.8742362585156809,0.529673399483982,0.3394057223065007,0.0,0.0,0.0,44.749181816230404
1.0,30.0,2021-10-28,mixed use,1466488.4200000006,4961.590000000004,994.0,125.1792,10.745999999999954,8.535982848060944e-05,2.3450560076080955e-07,17.71896551724138,75.10344827586206,0.49947082146520366,0.8446881583296212,0.5484436354577825,0.6068517076567976,0.0,0.0,0.0,63.86558180442193
1.0,30.0,2021-10-29,mixed use,1466488.4200000006,4961.590000000004,994.0,74.85289999999999,7.7779999999999845,5.104227144187061e-05,1.6973614021194684e-07,13.911475409836067,64.80327868852459,0.786979084640781,0.9039969105354103,0.6474148325307839,0.4552178949598445,0.0,0.0,0.0,55.917877752013744
1.0,30.0,2021-10-30,mixed use,1466488.4200000006,4961.590000000004,994.0,41.21269999999999,8.462000000000003,2.810298358851001e-05,1.8466279486673923e-07,10.077083333333333,76.91666666666667,0.9129156330794934,0.9459458708767386,0.6231290262426983,0.40135232034151924,0.0,0.0,0.0,51.89713603828531
1.0,30.0,2021-10-31,mixed use,1466488.4200000006,4961.590000000004,994.0,106.8549,17.740000000000006,7.286446898776055e-05,3.8713282686551095e-07,13.104166666666666,71.91666666666667,0.44043111751679,0.865818615272182,0.37097692034843693,0.6437588255430112,0.0,0.0,0.0,62.105491063888955
1.0,30.0,2021-11-01,mixed use,1466488.4200000006,4961.590000000004,994.0,114.3283,,7.796058832840968e-05,,16.08125,68.41666666666667,0.5451418516153579,0.8571376583957281,,0.5797595376797055,0.0,0.0,0.0,
1.0,30.0,2021-11-02,mixed use,1466488.4200000006,4961.590000000004,994.0,75.2705,,5.132703332222696e-05,,20.027083333333334,64.97916666666667,1.1876669606855645,0.9034880322058678,,0.30493185282950347,0.0,0.0,0.0,
1.0,30.0,2021-11-03,mixed use,1466488.4200000006,4961.590000000004,994.0,39.00639999999999,,2.6598505291981764e-05,,20.287499999999998,71.16666666666667,1.0209379142179729,0.9487641615910586,,0.3602568916068205,0.0,0.0,0.0,
1.0,30.0,2021-11-04,mixed use,1466488.4200000006,4961.590000000004,994.0,42.641099999999994,,2.9077011054748032e-05,,14.975,82.47916666666667,0.47077410526281255,0.9441257226679594,,0.6245186379520963,0.0,0.0,0.0,
1.0,30.0,2021-11-05,mixed use,1466488.4200000006,4961.590000000004,994.0,37.36489999999999,,2.547916471103125e-05,,18.185416666666665,82.72916666666667,0.7607376076037888,0.9508664323783129,,0.46732159988649813,0.0,0.0,0.0,
1.0,30.0,2021-11-06,mixed use,1466488.4200000006,4961.590000000004,994.0,40.834399999999995,,2.7845020419595253e-05,,20.400000000000002,81.0625,1.0586784058073972,0.946428509620634,,0.3469139870121162,0.0,0.0,0.0,
1.0,30.0,2021-11-07,mixed use,1466488.4200000006,4961.590000000004,994.0,42.695499999999996,,2.911410647211246e-05,,14.135416666666666,85.125,0.6747236458237287,0.9440564723793214,,0.5092971475551036,0.0,0.0,0.0,
1.0,30.0,2021-11-08,mixed use,1466488.4200000006,4961.590000000004,994.0,1.1858,,8.085982704179822e-07,,13.456249999999999,68.5,0.5790001503171986,0.9984023814945059,,0.5604584607279384,0.0,0.0,0.0,
1.0,39.0,2019-08-15,teaching,1356939.4800000023,5880.349999999996,723.0,590.7370000000001,,0.0004353451341838761,,11.038333333333334,61.700694444444444,1.2203715649425377,0.4228078817660616,,0.295120490121295,0.0,1.0,0.0,
1.0,39.0,2019-08-16,teaching,1356939.4800000023,5880.349999999996,723.0,683.4984999999999,,0.0005037059574683454,,11.832708333333333,70.75763888888889,0.6802575360742512,0.36934952406998556,,0.5064865370134275,0.0,1.0,0.0,
1.0,39.0,2019-08-17,teaching,1356939.4800000023,5880.349999999996,723.0,662.0215000000001,,0.0004878784277099808,,10.008472222222222,80.61319444444445,0.9827078553480105,0.3810917884501038,,0.3742961854247348,0.0,1.0,0.0,
1.0,39.0,2019-08-18,teaching,1356939.4800000023,5880.349999999996,723.0,670.7315,,0.0004942972843564098,,12.255763888888888,64.61180555555555,0.9255207168977511,0.37628537110259724,,0.3963249922142329,0.0,1.0,0.0,
1.0,39.0,2019-08-19,teaching,1356939.4800000023,5880.349999999996,723.0,706.5395000000001,,0.0005206860810034055,,8.050694444444444,74.55277777777778,1.284699295192504,0.3571541454293706,,0.2767337863015625,0.0,1.0,0.0,
1.0,39.0,2019-08-20,teaching,1356939.4800000023,5880.349999999996,723.0,700.5301,,0.0005162574383936406,,11.850138888888889,69.97361111111111,0.7069105117023547,0.36029549821057394,,0.49316547523051757,0.0,1.0,0.0,
1.0,39.0,2019-08-21,teaching,1356939.4800000023,5880.349999999996,723.0,687.5536,,0.000506694373724021,,13.263194444444444,72.38125,0.3976698901318206,0.3671734006461618,,0.6718837865258033,0.0,1.0,0.0,
1.0,39.0,2019-08-22,teaching,1356939.4800000023,5880.349999999996,723.0,637.03,,0.0004694608782404937,,10.079513888888888,76.84305555555555,0.9120162105385576,0.39522630588180707,,0.40171346805314134,0.0,1.0,0.0,
1.0,39.0,2019-08-23,teaching,1356939.4800000023,5880.349999999996,723.0,710.0618999999999,,0.0005232819226396145,,8.612708333333332,75.0826388888889,1.179504150045252,0.3553255939660901,,0.30743114053088405,0.0,1.0,0.0,
1.0,39.0,2019-08-24,teaching,1356939.4800000023,5880.349999999996,723.0,687.1535,,0.0005063995190117092,,11.969027777777779,62.607638888888886,1.071653588008834,0.36738753843782157,,0.3424417913422331,0.0,1.0,0.0,
1.0,39.0,2019-08-25,teaching,1356939.4800000023,5880.349999999996,723.0,698.4698000000001,,0.0005147390950700313,,8.561388888888889,81.37638888888888,1.2517133922930725,0.36137884712662527,,0.28601432205718635,0.0,1.0,0.0,
1.0,39.0,2019-08-26,teaching,1356939.4800000023,5880.349999999996,723.0,728.4084,,0.0005368024224632323,,8.444305555555555,80.30763888888889,1.2511462609629003,0.34595182675186387,,0.28617657574532906,0.0,1.0,0.0,
1.0,39.0,2019-08-27,teaching,1356939.4800000023,5880.349999999996,723.0,718.8566000000001,,0.0005297631991664056,,8.904930555555556,78.0423611111111,1.1364419779580037,0.3508008448074425,,0.3209589717262277,0.0,1.0,0.0,
1.0,39.0,2019-08-28,teaching,1356939.4800000023,5880.349999999996,723.0,713.0161,,0.0005254590278410934,,8.241041666666668,89.98541666666667,1.5944273201970425,0.35379922734532543,,0.20302476339817715,0.0,1.0,0.0,
1.0,39.0,2019-08-29,teaching,1356939.4800000023,5880.349999999996,723.0,711.1297999999999,,0.000524068914259904,,7.610625,79.92847222222223,1.3942833015623768,0.35477307632602356,,0.24801072158293705,0.0,1.0,0.0,
1.0,39.0,2019-08-30,teaching,1356939.4800000023,5880.349999999996,723.0,719.6706,,0.0005303630785361178,,7.504583333333334,79.83333333333333,1.412014371519737,0.3503849778353503,,0.24365198287389186,0.0,1.0,0.0,
1.0,39.0,2019-08-31,teaching,1356939.4800000023,5880.349999999996,723.0,681.4522999999999,,0.0005021980051755873,,10.171041666666666,71.60625,0.9366992388024308,0.37045248521889645,,0.39191933485329616,0.0,1.0,0.0,
1.0,39.0,2019-09-01,teaching,1356939.4800000023,5880.349999999996,723.0,695.8255999999999,,0.000512790445156772,,13.283333333333333,63.4625,0.9112701687533948,0.36277399729020443,,0.4020132749062861,0.0,1.0,0.0,
1.0,39.0,2019-09-02,teaching,1356939.4800000023,5880.349999999996,723.0,709.3145,,0.0005227311243092424,,12.88451388888889,80.47083333333333,0.5131943527254916,0.35571280083503304,,0.5985804445590865,0.0,1.0,0.0,
1.0,39.0,2019-09-03,teaching,1356939.4800000023,5880.349999999996,723.0,711.1425999999999,,0.0005240783472524499,,14.008055555555554,78.67361111111111,0.276970265105186,0.354766458984966,,0.7580770381163687,0.0,1.0,0.0,
1.0,39.0,2019-09-04,teaching,1356939.4800000023,5880.349999999996,723.0,740.1476,,0.0005454536557518385,,12.766180555555556,80.78263888888888,0.5438515357185811,0.34008407536194263,,0.5805080934603364,0.0,1.0,0.0,
1.0,39.0,2019-09-05,teaching,1356939.4800000023,5880.349999999996,723.0,693.0359,,0.0005107345686485581,,13.135069444444444,83.72361111111111,0.6561392821185743,0.3642517564144873,,0.5188506085140059,0.0,1.0,0.0,
1.0,39.0,2019-09-06,teaching,1356939.4800000023,5880.349999999996,723.0,717.1743,,0.0005285234239039156,,11.234791666666666,85.57222222222222,0.9773275351088535,0.35166188507937723,,0.3763154460298644,0.0,1.0,0.0,
1.0,39.0,2019-09-07,teaching,1356939.4800000023,5880.349999999996,723.0,678.2933,,0.0004998699720933751,,9.342083333333333,79.96597222222222,1.085454996728653,0.3721617489532496,,0.33774807665877643,0.0,1.0,0.0,
1.0,39.0,2019-09-08,teaching,1356939.4800000023,5880.349999999996,723.0,683.4265,,0.0005036528968852752,,9.569583333333334,79.91041666666666,1.0441346839535002,0.3693882783585845,,0.35199627565925284,0.0,1.0,0.0,
1.0,39.0,2019-09-09,teaching,1356939.4800000023,5880.349999999996,723.0,698.7278,,0.0005149292288260334,,8.872291666666667,79.26319444444445,1.1574896870213285,0.36124300710484586,,0.3142741178815699,0.0,1.0,0.0,
1.0,39.0,2019-09-10,teaching,1356939.4800000023,5880.349999999996,723.0,686.1949,,0.0005056930763043307,,9.667222222222222,83.9263888888889,1.13840162060407,0.36790109958353356,,0.32033062270844354,0.0,1.0,0.0,
1.0,39.0,2019-09-11,teaching,1356939.4800000023,5880.349999999996,723.0,705.1687,,0.0005196758664579489,,11.343402777777778,74.21319444444444,0.6840971243613839,0.357868297294309,,0.5045455658878734,0.0,1.0,0.0,
1.0,39.0,2019-09-12,teaching,1356939.4800000023,5880.349999999996,723.0,670.8079,,0.0004943535875306678,,14.15625,64.20208333333333,0.8175971546737159,0.3762434808032887,,0.44149121612011666,0.0,1.0,0.0,
1.0,39.0,2019-09-13,teaching,1356939.4800000023,5880.349999999996,723.0,644.5666,,0.0004750149947733844,,12.804791666666668,64.09652777777778,0.9060463061681702,0.39090946927218545,,0.4041188317935909,0.0,1.0,0.0,
1.0,39.0,2019-09-14,teaching,1356939.4800000023,5880.349999999996,723.0,601.1982,,0.0004430545421229833,,13.573541666666667,68.73263888888889,0.5543289714119893,0.4164113366780665,,0.5744576093706438,0.0,1.0,0.0,
1.0,39.0,2019-09-15,teaching,1356939.4800000023,5880.349999999996,723.0,599.3451,,0.0004416888953662097,,14.581111111111111,74.30625,0.1268677464584881,0.41753732752299894,,0.8808501604472823,0.0,1.0,0.0,
1.0,39.0,2019-09-16,teaching,1356939.4800000023,5880.349999999996,723.0,624.6851999999999,,0.0004603633464920623,,9.511944444444445,76.60555555555555,1.015010729414049,0.40240043188810043,,0.3623985414876282,0.0,1.0,0.0,
1.0,39.0,2019-09-17,teaching,1356939.4800000023,5880.349999999996,723.0,636.7567,,0.00046925946911058916,,8.105277777777777,73.3625,1.2826292559101333,0.3953837400175097,,0.2773072294300971,0.0,1.0,0.0,
1.0,39.0,2019-09-18,teaching,1356939.4800000023,5880.349999999996,723.0,593.1813,,0.0004371464672838607,,10.57826388888889,72.55069444444445,0.8461438004096593,0.4213045622301409,,0.42906631121186034,0.0,1.0,0.0,
1.0,39.0,2019-09-19,teaching,1356939.4800000023,5880.349999999996,723.0,599.3924,,0.0004417237532214767,,16.077638888888888,68.05833333333334,0.5682675498586676,0.4175085490049425,,0.5665060324954079,0.0,1.0,0.0,
1.0,39.0,2019-09-20,teaching,1356939.4800000023,5880.349999999996,723.0,685.9685,,0.0005055262302486761,,21.90298611111111,47.924305555555556,2.3139922641540602,0.36802249606411636,,0.09886576439305465,0.0,1.0,0.0,
1.0,39.0,2019-09-21,teaching,1356939.4800000023,5880.349999999996,723.0,521.0006999999999,,0.0003839527905842927,,17.126041666666666,65.45694444444445,0.8135013214437372,0.46803330277277494,,0.44330319877009167,0.0,1.0,0.0,
1.0,39.0,2019-09-22,teaching,1356939.4800000023,5880.349999999996,723.0,482.1885,,0.0003553500411086861,,10.740416666666667,67.64722222222223,0.9671881232074054,0.49526729393060925,,0.3801504729450179,0.0,1.0,0.0,
1.0,39.0,2019-09-23,teaching,1356939.4800000023,5880.349999999996,723.0,654.6929,,0.0004824775973059601,,10.006736111111111,85.80069444444445,1.1588938569522051,0.3851834398603002,,0.3138331332962923,0.0,1.0,0.0,
1.0,39.0,2019-09-24,teaching,1356939.4800000023,5880.349999999996,723.0,637.0741,,0.0004694933778476244,,10.348888888888888,78.41458333333334,0.8793255810428923,0.39520090800434393,,0.41506274349163597,0.0,1.0,0.0,
1.0,39.0,2019-09-25,teaching,1356939.4800000023,5880.349999999996,723.0,591.3122000000001,,0.0004357690292864049,,11.186180555555556,81.40694444444445,0.8085735858578974,0.42245363418108073,,0.44549307084194634,0.0,1.0,0.0,
1.0,39.0,2019-09-26,teaching,1356939.4800000023,5880.349999999996,723.0,625.0851,,0.0004606580538138657,,12.372013888888889,74.79097222222222,0.49093474984907626,0.4021660034723693,,0.6120540093149244,0.0,1.0,0.0,
1.0,39.0,2019-09-27,teaching,1356939.4800000023,5880.349999999996,723.0,504.95939999999996,,0.00037213111376197786,,12.53875,65.71805555555555,0.8325297504204149,0.4791028317489043,,0.43494758455893157,0.0,1.0,0.0,
1.0,39.0,2019-09-28,teaching,1356939.4800000023,5880.349999999996,723.0,413.04190000000006,,0.00030439227842350003,,9.70548611111111,75.59027777777777,0.9775504679133108,0.5477723800731894,,0.3762315623226828,0.0,1.0,0.0,
1.0,39.0,2019-09-29,teaching,1356939.4800000023,5880.349999999996,723.0,435.7041,,0.00032109324433540634,,10.730833333333333,76.97638888888889,0.7935988500557958,0.529978206650451,,0.45221441142873203,0.0,1.0,0.0,
1.0,39.0,2019-09-30,teaching,1356939.4800000023,5880.349999999996,723.0,682.4977,,0.0005029684153636674,,10.673124999999999,68.97152777777778,0.9273109308148583,0.36988857339958026,,0.3956161204028846,1.0,0.0,0.0,
1.0,39.0,2019-10-01,teaching,1356939.4800000023,5880.349999999996,723.0,686.5310999999999,,0.0005059408397491675,,12.353680555555554,67.27152777777778,0.7657140355426535,0.36772090183508627,,0.4650017846046637,1.0,0.0,0.0,
1.0,39.0,2019-10-02,teaching,1356939.4800000023,5880.349999999996,723.0,665.3801,,0.0004903535565197048,,16.85763888888889,56.96388888888889,1.349518786123064,0.37923119073635736,,0.25936504067730826,1.0,0.0,0.0,
1.0,39.0,2019-10-03,teaching,1356939.4800000023,5880.349999999996,723.0,700.5282,,0.0005162560381838096,,18.73090277777778,58.018055555555556,1.409804922058174,0.36029649577277206,,0.24419091476841293,1.0,0.0,0.0,
1.0,39.0,2019-10-04,teaching,1356939.4800000023,5880.349999999996,723.0,668.5150000000001,,0.0004926638290456395,,12.155833333333334,85.43958333333333,0.8575072451829969,0.3775027158254258,,0.4242182374578289,1.0,0.0,0.0,
1.0,39.0,2019-10-05,teaching,1356939.4800000023,5880.349999999996,723.0,652.7762,,0.00048106508036747437,,14.137986111111111,77.54861111111111,0.20571808599695982,0.38626078620698817,,0.8140625395661988,0.0,1.0,0.0,
1.0,39.0,2019-10-06,teaching,1356939.4800000023,5880.349999999996,723.0,667.239,,0.0004917234776012257,,21.539420289855073,50.208695652173915,2.144464149032495,0.3782053051245355,,0.11713078487528197,0.0,1.0,0.0,
1.0,39.0,2019-10-07,teaching,1356939.4800000023,5880.349999999996,723.0,666.9901,,0.0004915400501133616,,13.601458333333332,68.10694444444445,0.5906662003368064,0.37834250642285816,,0.5539581146949721,0.0,1.0,0.0,
1.0,39.0,2019-10-08,teaching,1356939.4800000023,5880.349999999996,723.0,659.4574,,0.0004859888076953873,,10.760416666666666,82.30694444444444,0.907749071962182,0.38251839138363003,,0.40343129759107826,0.0,1.0,0.0,
1.0,39.0,2019-10-09,teaching,1356939.4800000023,5880.349999999996,723.0,664.2752,,0.0004895392976553375,,10.597291666666667,85.6138888888889,1.0659655795180183,0.3798422785768239,,0.3443951532620954,0.0,1.0,0.0,
1.0,39.0,2019-10-10,teaching,1356939.4800000023,5880.349999999996,723.0,685.4273000000001,,0.0005051273915325972,,11.06576388888889,83.39652777777778,0.9024876556580257,0.36831285176979983,,0.4055595113977202,0.0,1.0,0.0,
1.0,39.0,2019-10-11,teaching,1356939.4800000023,5880.349999999996,723.0,668.2411999999999,,0.0004924620514394634,,12.244444444444444,78.3548611111111,0.5421302392688796,0.377653365123284,,0.5815081804568042,0.0,1.0,0.0,
1.0,39.0,2019-10-12,teaching,1356939.4800000023,5880.349999999996,723.0,653.3616,,0.0004814964923859381,,13.2525,71.0111111111111,0.46140633715105234,0.3859314230192682,,0.6303964718422597,0.0,1.0,0.0,
1.0,39.0,2019-10-13,teaching,1356939.4800000023,5880.349999999996,723.0,666.5199,,0.0004911935350278105,,15.004930555555555,65.95138888888889,0.6803214812974391,0.3786018308947136,,0.506454150654264,0.0,1.0,0.0,
1.0,39.0,2019-10-14,teaching,1356939.4800000023,5880.349999999996,723.0,682.0863999999999,,0.0005026653067828779,,17.478472222222223,66.5875,0.781054512845222,0.370110335193234,,0.4579228710615426,0.0,1.0,0.0,
1.0,39.0,2019-10-15,teaching,1356939.4800000023,5880.349999999996,723.0,663.0218,,0.0004886156013383875,,14.73798611111111,71.13541666666667,0.323357295674187,0.3805366896146826,,0.7237152278473451,0.0,1.0,0.0,
1.0,39.0,2019-10-16,teaching,1356939.4800000023,5880.349999999996,723.0,671.5414000000001,,0.0004948941422206972,,13.778125,85.56736111111111,0.7226326287479032,0.3758415382706261,,0.48547250327381597,0.0,1.0,0.0,
1.0,39.0,2019-10-17,teaching,1356939.4800000023,5880.349999999996,723.0,678.3252,,0.0004998934808794854,,11.508472222222222,76.84791666666666,0.6503729395194553,0.37214444922550494,,0.5218511215594619,0.0,1.0,0.0,
1.0,39.0,2019-10-18,teaching,1356939.4800000023,5880.349999999996,723.0,655.8820000000001,,0.0004833539075744181,,13.439305555555555,66.25972222222222,0.7199192952523086,0.3845165767153243,,0.48679154076319087,0.0,1.0,0.0,
1.0,39.0,2019-10-19,teaching,1356939.4800000023,5880.349999999996,723.0,516.3311,,0.00038051151699116243,,11.161458333333334,69.48611111111111,0.8317852835559598,0.4712289720971191,,0.4352715091840247,0.0,1.0,0.0,
1.0,39.0,2019-10-20,teaching,1356939.4800000023,5880.349999999996,723.0,553.8847000000001,,0.0004081867379965974,,12.033680555555556,75.07083333333334,0.5507915461599775,0.446134300817331,,0.5764933086685038,0.0,1.0,0.0,
1.0,39.0,2019-10-21,teaching,1356939.4800000023,5880.349999999996,723.0,632.5708999999999,,0.00046617473315758995,,13.229375,73.72222222222223,0.35705373287009634,0.39780281550821656,,0.6997348979600742,0.0,1.0,0.0,
1.0,39.0,2019-10-22,teaching,1356939.4800000023,5880.349999999996,723.0,633.4934000000001,,0.0004668545718781791,,15.404305555555556,72.15,0.2587192878423525,0.3972684120048353,,0.7720397135622327,0.0,1.0,0.0,
1.0,39.0,2019-10-23,teaching,1356939.4800000023,5880.349999999996,723.0,681.5763,,0.0005022893872908752,,17.86048611111111,58.826388888888886,1.2878014128599138,0.3703855519699354,,0.2758766556812842,0.0,1.0,0.0,
1.0,39.0,2019-10-24,teaching,1356939.4800000023,5880.349999999996,723.0,700.5396000000001,,0.0005162644394427958,,23.140625,39.84236111111111,2.912047296073229,0.3602905104410129,,0.054364316008836996,0.0,1.0,0.0,
1.0,39.0,2019-10-25,teaching,1356939.4800000023,5880.349999999996,723.0,656.0535,,0.00048348029493548147,,20.729791666666667,46.739583333333336,2.275924330392538,0.38442049253932026,,0.10270193402918781,0.0,1.0,0.0,
1.0,39.0,2019-10-26,teaching,1356939.4800000023,5880.349999999996,723.0,643.1478,,0.00047396940650588107,,12.669791666666667,59.65,1.1995858507781896,0.39171851552008496,,0.30131897709459765,0.0,1.0,0.0,
1.0,39.0,2019-10-27,teaching,1356939.4800000023,5880.349999999996,723.0,623.5196,,0.0004595043546083565,,12.285694444444445,74.64236111111111,0.5081156606005117,0.40308450702900134,,0.6016281830609138,0.0,0.0,0.0,
1.0,39.0,2019-10-28,teaching,1356939.4800000023,5880.349999999996,723.0,682.8015,,0.0005031923015461227,,15.022986111111111,70.2923611111111,0.37800552132175164,0.3697248580115836,,0.6852267172982467,1.0,0.0,0.0,
1.0,39.0,2019-10-29,teaching,1356939.4800000023,5880.349999999996,723.0,695.2154,,0.0005123407567152507,,19.351388888888888,49.270833333333336,2.0074677533622576,0.3630967191627132,,0.1343283969885489,1.0,0.0,0.0,
1.0,39.0,2019-10-30,teaching,1356939.4800000023,5880.349999999996,723.0,687.2982999999999,,0.000506506229739884,,20.150277777777777,59.84305555555556,1.4546390132140832,0.3673100255156026,,0.23348463355754892,1.0,0.0,0.0,
1.0,39.0,2019-10-31,teaching,1356939.4800000023,5880.349999999996,723.0,711.5393999999999,,0.0005243707700213709,,24.994375,40.74861111111111,3.0505417222476767,0.35456138262143067,,0.047333275955963414,1.0,0.0,0.0,
1.0,39.0,2019-11-01,teaching,1356939.4800000023,5880.349999999996,723.0,692.0895,,0.0005100371167621999,,27.126458333333332,31.700694444444444,3.790522723428833,0.36475444941486534,,0.02258379368711656,0.0,0.0,1.0,
1.0,39.0,2019-11-02,teaching,1356939.4800000023,5880.349999999996,723.0,657.1138000000001,,0.00048426168571644694,,16.81125,95.87430555555555,1.4419759552604345,0.3838269842793861,,0.2364600622567896,0.0,0.0,1.0,
1.0,39.0,2019-11-03,teaching,1356939.4800000023,5880.349999999996,723.0,653.0672,,0.00048127953355738375,,15.356805555555555,90.72916666666667,1.0471481501219375,0.38609702596325435,,0.35093714342221616,0.0,0.0,1.0,
1.0,39.0,2019-11-04,teaching,1356939.4800000023,5880.349999999996,723.0,663.0431000000001,,0.0004886312984275459,,11.128819444444444,92.57569444444445,1.3747320541128347,0.3805248783515514,,0.2529073522116748,0.0,0.0,1.0,
1.0,39.0,2019-11-05,teaching,1356939.4800000023,5880.349999999996,723.0,672.9703999999999,,0.0004959472474041353,,12.427083333333334,67.27152777777778,0.7571380536242633,0.3750597091408795,,0.46900678034054905,0.0,0.0,1.0,
1.0,39.0,2019-11-06,teaching,1356939.4800000023,5880.349999999996,723.0,702.869,,0.0005179810966956307,,17.068958333333335,47.863194444444446,1.9764987506644454,0.35906959116470916,,0.13855349940274803,0.0,0.0,1.0,
1.0,39.0,2019-11-07,teaching,1356939.4800000023,5880.349999999996,723.0,683.7257,,0.0005038733930860342,,13.306597222222223,69.78472222222223,0.5194654744869408,0.36922725941551854,,0.5948384193187267,0.0,0.0,1.0,
1.0,39.0,2019-11-08,teaching,1356939.4800000023,5880.349999999996,723.0,686.4426,,0.0005058756194491436,,10.661388888888888,78.84513888888888,0.8305650536376009,0.36776832783950186,,0.43580296468514856,0.0,0.0,1.0,
1.0,39.0,2019-11-09,teaching,1356939.4800000023,5880.349999999996,723.0,648.24,,0.0004777221162435328,,10.429791666666667,76.64583333333333,0.8466357430363993,0.3888225315320979,,0.42885528711380744,0.0,0.0,1.0,
1.0,39.0,2019-11-10,teaching,1356939.4800000023,5880.349999999996,723.0,675.7873999999999,,0.0004980232427167635,,13.552847222222221,80.83680555555556,0.4466417147684118,0.3735232425574041,,0.6397730884655752,0.0,0.0,1.0,
1.0,39.0,2019-11-11,teaching,1356939.4800000023,5880.349999999996,723.0,718.9544,,0.0005298352731250761,,19.697777777777777,54.10625,1.7345300899313307,0.35075085338615664,,0.17648311199556763,0.0,0.0,1.0,
1.0,39.0,2019-11-12,teaching,1356939.4800000023,5880.349999999996,723.0,709.6256,,0.0005229603902452589,,14.54,62.00208333333333,0.9593621622111453,0.35555157745851956,,0.3831371874309382,0.0,0.0,1.0,
1.0,39.0,2019-11-13,teaching,1356939.4800000023,5880.349999999996,723.0,705.8697,,0.0005201924701903424,,12.205902777777778,71.92777777777778,0.5807578762556734,0.35750291593250433,,0.5594741936433877,0.0,0.0,1.0,
1.0,39.0,2019-11-14,teaching,1356939.4800000023,5880.349999999996,723.0,712.8863,,0.0005253633714010582,,16.266597222222224,64.08888888888889,0.8421208834380891,0.35386615407310695,,0.43079588599243357,0.0,0.0,1.0,
1.0,39.0,2019-11-15,teaching,1356939.4800000023,5880.349999999996,723.0,708.5746,,0.0005221858531229402,,14.583680555555556,66.32569444444445,0.6590666073136636,0.356096537782565,,0.5173339849634059,0.0,0.0,1.0,
1.0,39.0,2019-11-16,teaching,1356939.4800000023,5880.349999999996,723.0,676.5125,,0.0004985576070054347,,12.509583333333333,68.56805555555556,0.6789068769059134,0.37312877339617284,,0.5071710898930278,0.0,0.0,1.0,
1.0,39.0,2019-11-17,teaching,1356939.4800000023,5880.349999999996,723.0,682.937,,0.0005032921586156509,,12.904722222222222,67.2076388888889,0.7088371031027075,0.369651861515214,,0.4922162615340639,0.0,0.0,1.0,
1.0,39.0,2019-11-18,teaching,1356939.4800000023,5880.349999999996,723.0,707.1763000000001,,0.0005211553723825611,,17.226388888888888,60.360416666666666,1.144480677250611,0.35682287382818867,,0.3183892216296343,0.0,0.0,1.0,
1.0,39.0,2019-11-19,teaching,1356939.4800000023,5880.349999999996,723.0,713.5951,,0.0005258857233632842,,15.027083333333334,77.35347222222222,0.11376847131509907,0.3535008408333079,,0.8924645631103532,0.0,0.0,1.0,
1.0,39.0,2019-11-20,teaching,1356939.4800000023,5880.349999999996,723.0,707.0902,,0.0005210919207686394,,21.36263888888889,53.734722222222224,1.9259704805216535,0.35686764619248795,,0.14573425594866007,0.0,0.0,1.0,
1.0,39.0,2019-11-21,teaching,1356939.4800000023,5880.349999999996,723.0,725.8474,,0.0005349150870015211,,27.05,35.23125,3.5858662883358785,0.3472453158961071,,0.027712650083098755,0.0,0.0,1.0,
1.0,39.0,2019-11-22,teaching,1356939.4800000023,5880.349999999996,723.0,710.8124,,0.0005238350055228689,,15.957916666666668,61.87986111111111,0.9793504491057653,0.3549372051892116,,0.37555496170336733,0.0,0.0,0.0,
1.0,39.0,2019-11-23,teaching,1356939.4800000023,5880.349999999996,723.0,691.1728,,0.0005093615523663582,,15.358819444444444,65.175,0.737099362967731,0.3652420282902163,,0.4784998589006093,0.0,0.0,0.0,
1.0,39.0,2019-11-24,teaching,1356939.4800000023,5880.349999999996,723.0,671.185,,0.0004946314923344988,,16.522291666666664,63.41458333333333,0.9007458596329224,0.37603678429494103,,0.40626652890400766,0.0,0.0,0.0,
1.0,39.0,2019-11-25,teaching,1356939.4800000023,5880.349999999996,723.0,695.7021,,0.0005126994315177555,,19.640138888888888,51.10208333333333,1.9141667680452563,0.3628392906675787,,0.14746465367146375,0.0,0.0,0.0,
1.0,39.0,2019-11-26,teaching,1356939.4800000023,5880.349999999996,723.0,668.1282,,0.0004923787758021448,,13.393777089783281,71.80325077399381,0.4044134069896479,0.37771555712070864,,0.6673681695667104,0.0,0.0,0.0,
1.0,39.0,2019-11-27,teaching,1356939.4800000023,5880.349999999996,723.0,712.7436,,0.0005252582082732229,,15.369652777777777,55.71458333333333,1.3947564340810772,0.3539397468347264,,0.24789340740033558,0.0,0.0,0.0,
1.0,39.0,2019-11-28,teaching,1356939.4800000023,5880.349999999996,723.0,691.4830999999999,,0.0005095902287403406,,16.54826388888889,69.12430555555555,0.5390656025284254,0.3650769114832331,,0.5832930253451791,0.0,0.0,0.0,
1.0,39.0,2019-11-29,teaching,1356939.4800000023,5880.349999999996,723.0,685.7224,,0.0005053448662279314,,16.1725,78.43472222222222,0.2847557884012515,0.3681545011920098,,0.752197927349341,0.0,0.0,0.0,
1.0,39.0,2019-11-30,teaching,1356939.4800000023,5880.349999999996,723.0,672.7575999999999,,0.0004957904239030607,,13.884444444444444,71.52708333333334,0.3586598421532858,0.37517603233534846,,0.6986119492752378,0.0,0.0,0.0,
1.0,39.0,2019-12-01,teaching,1356939.4800000023,5880.349999999996,723.0,680.0272,,0.0005011477741070654,,12.535694444444445,77.64166666666667,0.47573006660180905,0.37122260064797014,,0.6214312046463168,0.0,0.0,0.0,
1.0,39.0,2019-12-02,teaching,1356939.4800000023,5880.349999999996,723.0,700.2316,,0.0005160374580596614,,11.504513888888889,66.42361111111111,0.9148364655646434,0.36045225435584133,,0.40058212970701995,0.0,0.0,0.0,
1.0,39.0,2019-12-03,teaching,1356939.4800000023,5880.349999999996,723.0,693.6922999999999,,0.0005112183042975496,,15.896111111111113,57.96111111111111,1.2473537465996871,0.3639035077314603,,0.2872639651859528,0.0,0.0,0.0,
1.0,39.0,2019-12-04,teaching,1356939.4800000023,5880.349999999996,723.0,736.2165,,0.0005425566216114507,,16.266666666666666,57.727777777777774,1.2740146952218367,0.34203783824888534,,0.2797064285734779,0.0,0.0,0.0,
1.0,39.0,2019-12-05,teaching,1356939.4800000023,5880.349999999996,723.0,736.7586,,0.0005429561235848181,,16.661180555555553,64.74375,0.8222470191575395,0.3417677479540524,,0.43944310719904495,0.0,0.0,0.0,
1.0,39.0,2019-12-06,teaching,1356939.4800000023,5880.349999999996,723.0,752.1441,,0.000554294506929667,,15.46375,57.81666666666667,1.2495646781809955,0.33419052164466256,,0.2866295458005106,0.0,0.0,0.0,
1.0,39.0,2019-12-07,teaching,1356939.4800000023,5880.349999999996,723.0,753.9727,,0.0005556420983491457,,15.305347222222222,61.34652777777778,1.0024309390261312,0.3333011950311196,,0.36698623478598197,0.0,0.0,0.0,
1.0,39.0,2019-12-08,teaching,1356939.4800000023,5880.349999999996,723.0,759.6381,,0.000559817229284241,,19.65888888888889,58.62083333333333,1.4658249064998046,0.3305608647452925,,0.2308874523394901,0.0,0.0,0.0,
1.0,39.0,2019-12-09,teaching,1356939.4800000023,5880.349999999996,723.0,753.2419,,0.0005551035334309815,,24.665972222222223,50.11805555555556,2.51689574101033,0.3336563301526587,,0.0807097622799834,0.0,0.0,0.0,
1.0,39.0,2019-12-10,teaching,1356939.4800000023,5880.349999999996,723.0,768.5695000000001,,0.0005663992472236115,,15.50625,75.07430555555555,0.10088313932194405,0.3262864682960973,,0.9040386732854885,0.0,0.0,0.0,
1.0,39.0,2019-12-11,teaching,1356939.4800000023,5880.349999999996,723.0,776.3253,,0.0005721149037538495,,15.333611111111113,68.29791666666667,0.5202032575319839,0.3226195542226158,,0.5943997194709675,0.0,0.0,0.0,
1.0,39.0,2019-12-12,teaching,1356939.4800000023,5880.349999999996,723.0,763.2326,,0.0005624662051987748,,15.36701388888889,65.96875,0.6821818821732687,0.32883391400910394,,0.5055128188076182,0.0,0.0,0.0,
1.0,39.0,2019-12-13,teaching,1356939.4800000023,5880.349999999996,723.0,757.6314,,0.0005583383866169173,,15.846875,61.272222222222226,1.0177534506398853,0.33152891069514656,,0.3614059451454415,0.0,0.0,0.0,
1.0,39.0,2019-12-14,teaching,1356939.4800000023,5880.349999999996,723.0,740.4305999999999,,0.0005456622133214067,,16.41708333333333,76.34444444444445,0.26160735579570965,0.33994385530793775,,0.7698132270764902,0.0,0.0,0.0,
1.0,39.0,2019-12-15,teaching,1356939.4800000023,5880.349999999996,723.0,752.5507,,0.000554594151833506,,17.409583333333334,72.08194444444445,0.5083180102828055,0.3339925696907273,,0.6015064561053332,0.0,0.0,0.0,
1.0,39.0,2019-12-16,teaching,1356939.4800000023,5880.349999999996,723.0,777.4535000000001,,0.0005729463336124605,,16.977638888888887,78.21666666666667,0.4008277765654914,0.3220895897247453,,0.6697654004031511,1.0,0.0,0.0,
1.0,39.0,2019-12-17,teaching,1356939.4800000023,5880.349999999996,723.0,785.4941,,0.0005788718742268437,,21.112986111111113,64.46597222222222,1.3689638832506585,0.3183376982525595,,0.25437038047356525,1.0,0.0,0.0,
1.0,39.0,2019-12-18,teaching,1356939.4800000023,5880.349999999996,723.0,767.6275,,0.0005657050379284408,,28.06611111111111,45.31527777777778,3.2023226251378842,0.3267346715706593,,0.04066763852129618,1.0,0.0,0.0,
1.0,39.0,2019-12-19,teaching,1356939.4800000023,5880.349999999996,723.0,775.6822999999999,,0.0005716410432689295,,21.596875,57.8375,1.7374274221557977,0.32292198924897136,,0.17597252181997378,1.0,0.0,0.0,
1.0,39.0,2019-12-20,teaching,1356939.4800000023,5880.349999999996,723.0,74.4883,,5.4894342082227474e-05,,29.253333333333334,39.93819444444444,3.6164574632949797,0.8971373599835917,,0.02687772336128274,1.0,0.0,0.0,
1.0,39.0,2019-12-22,teaching,1356939.4800000023,5880.349999999996,723.0,26.8703,,1.9802135906606503e-05,,16.499305555555555,54.386805555555554,1.5105959852048216,0.9616005888176116,,0.22077835810655533,0.0,0.0,0.0,
1.0,39.0,2019-12-23,teaching,1356939.4800000023,5880.349999999996,723.0,700.267,,0.000516063546179671,,16.35013888888889,70.15,0.4591534597326398,0.36043366061592125,,0.6318182787953491,0.0,0.0,0.0,
1.0,39.0,2019-12-24,teaching,1356939.4800000023,5880.349999999996,723.0,701.6908000000001,,0.0005171128192098876,,19.142847222222223,64.6361111111111,1.0830730844744012,0.3596866086415052,,0.3385535218104503,1.0,0.0,0.0,
1.0,39.0,2019-12-25,teaching,1356939.4800000023,5880.349999999996,723.0,716.245,,0.0005278385739060365,,21.515208333333334,63.84652777777778,1.4543849721639037,0.35213842827910224,,0.23354395577387868,1.0,0.0,0.0,
1.0,39.0,2019-12-26,teaching,1356939.4800000023,5880.349999999996,723.0,687.5426,,0.000506686267246052,,18.861319444444444,69.29930555555555,0.8373084872227028,0.3671792862946821,,0.4328740429303837,1.0,0.0,0.0,
1.0,39.0,2019-12-27,teaching,1356939.4800000023,5880.349999999996,723.0,661.8964000000001,,0.00048778623494689607,,19.53736111111111,68.34722222222223,0.977987808790994,0.381161267429855,,0.3760670568561091,1.0,0.0,0.0,
1.0,39.0,2019-12-28,teaching,1356939.4800000023,5880.349999999996,723.0,698.9393,,0.0005150850942888027,,24.33347222222222,55.415277777777774,2.2229748956632647,0.3611316879648964,,0.10828648817743897,0.0,0.0,0.0,
1.0,39.0,2019-12-29,teaching,1356939.4800000023,5880.349999999996,723.0,742.8385000000001,,0.0005474367213488393,,24.89736111111111,65.94166666666666,1.9423222692998343,0.3387531319519021,,0.14337061770009762,0.0,0.0,0.0,
1.0,39.0,2019-12-30,teaching,1356939.4800000023,5880.349999999996,723.0,731.9123999999999,,0.0005393847041726568,,29.14423611111111,47.453472222222224,3.2618029360674874,0.34418985734651875,,0.03831924854496356,0.0,0.0,0.0,
1.0,39.0,2019-12-31,teaching,1356939.4800000023,5880.349999999996,723.0,699.6095,,0.0005155789998828827,,18.189652777777777,64.3236111111111,0.9855432476530028,0.36077916703179785,,0.3732364120474325,0.0,0.0,0.0,
1.0,39.0,2020-01-01,teaching,1356939.4800000023,5880.349999999996,723.0,700.6693,,0.0005163600221875768,,18.049305555555556,58.609722222222224,1.3159701365134437,0.36022242116685915,,0.26821399279379327,1.0,0.0,0.0,
1.0,39.0,2020-01-02,teaching,1356939.4800000023,5880.349999999996,723.0,705.351,,0.000519810212906473,,19.425486111111113,58.01875,1.4760301436323469,0.3577732413770947,,0.22854317344419217,0.0,0.0,0.0,
1.0,39.0,2020-01-03,teaching,1356939.4800000023,5880.349999999996,723.0,725.9715,,0.0005350065428120632,,23.859791666666666,53.27569444444445,2.2569257427028053,0.3471825251195067,,0.1046717786109319,0.0,0.0,0.0,
1.0,39.0,2020-01-04,teaching,1356939.4800000023,5880.349999999996,723.0,673.2066,,0.0004961213155947079,,20.629375,52.113194444444446,1.9418379737430955,0.3749306370004564,,0.14344006826916025,0.0,0.0,0.0,
1.0,39.0,2020-01-05,teaching,1356939.4800000023,5880.349999999996,723.0,664.2902,,0.0004895503519434771,,13.922083333333333,74.97291666666666,0.20793011826407531,0.37983397592624835,,0.8122637971328299,0.0,0.0,0.0,
1.0,39.0,2020-01-06,teaching,1356939.4800000023,5880.349999999996,723.0,693.6487,,0.0005111861731666904,,13.663680555555556,98.21180555555556,1.5860212450626316,0.3639266290966502,,0.20473859803288433,0.0,0.0,0.0,
1.0,39.0,2020-01-07,teaching,1356939.4800000023,5880.349999999996,723.0,696.9948999999999,,0.0005136521637648856,,17.833958333333335,90.79375,1.1709573945245293,0.3621563805007009,,0.3100699398517722,0.0,0.0,0.0,
1.0,39.0,2020-01-08,teaching,1356939.4800000023,5880.349999999996,723.0,699.0021,,0.0005151313749084807,,20.913541666666667,75.96597222222222,1.0858167855374146,0.36109864094398103,,0.3376259052859109,0.0,0.0,0.0,
1.0,39.0,2020-01-09,teaching,1356939.4800000023,5880.349999999996,723.0,728.8552,,0.0005371316928592856,,24.059166666666666,67.50347222222223,1.7603341711313982,0.345726654763026,,0.17198738100134023,0.0,0.0,0.0,
1.0,39.0,2020-01-10,teaching,1356939.4800000023,5880.349999999996,723.0,568.3018999999999,,0.00041881153019440406,,21.781041666666667,71.49652777777777,1.2796371667487139,0.4368591837823358,,0.2781381999346329,0.0,0.0,0.0,
1.0,39.0,2020-01-11,teaching,1356939.4800000023,5880.349999999996,723.0,425.7033,,0.0003137231293469325,,15.17611111111111,73.94166666666666,0.1273285077399781,0.5377583593637165,,0.8804443922868614,0.0,0.0,0.0,
1.0,39.0,2020-01-12,teaching,1356939.4800000023,5880.349999999996,723.0,623.9722,,0.00045983789932915726,,17.024097222222224,66.54166666666667,0.7384269830672461,0.4028187441061075,,0.4778650143797375,0.0,0.0,0.0,
1.0,39.0,2020-01-13,teaching,1356939.4800000023,5880.349999999996,723.0,754.8944,,0.0005563213475077007,,21.976805555555554,60.01875,1.6845502250618933,0.3328538302609682,,0.18552785897416066,0.0,0.0,0.0,
1.0,39.0,2020-01-14,teaching,1356939.4800000023,5880.349999999996,723.0,753.7959000000001,,0.0005555118051396063,,25.590625,56.27361111111111,2.3714038898938816,0.3333870770061828,,0.09334958170897106,0.0,0.0,0.0,
1.0,39.0,2020-01-15,teaching,1356939.4800000023,5880.349999999996,723.0,718.0145,,0.000529142611430245,,25.178333333333335,59.03333333333333,2.202316377250051,0.35123158732164306,,0.11054679348058882,0.0,0.0,0.0,
1.0,39.0,2020-01-16,teaching,1356939.4800000023,5880.349999999996,723.0,758.0632,,0.000558656602724831,,16.955694444444443,78.79791666666667,0.41650437407793967,0.3313203682977898,,0.659347628751214,0.0,0.0,0.0,
1.0,39.0,2020-01-17,teaching,1356939.4800000023,5880.349999999996,723.0,769.6657,,0.0005672070946008578,,17.920625,70.66388888888889,0.6402691235162331,0.3257656706901133,,0.5271505363453215,0.0,0.0,0.0,
1.0,39.0,2020-01-18,teaching,1356939.4800000023,5880.349999999996,723.0,747.5756,,0.000550927739238598,,20.48423611111111,72.21388888888889,1.0358472065350626,0.3364227628854849,,0.3549255582610618,0.0,0.0,0.0,
1.0,39.0,2020-01-19,teaching,1356939.4800000023,5880.349999999996,723.0,758.3507,,0.0005588684765808411,,21.127361111111114,82.04027777777777,1.2080772590258515,0.33118158987136115,,0.29877118711853284,0.0,0.0,0.0,
1.0,39.0,2020-01-20,teaching,1356939.4800000023,5880.349999999996,723.0,712.6648,,0.0005252001364128625,,18.349166666666665,95.32708333333333,1.4970164808585655,0.3539803918633836,,0.22379686732452336,0.0,0.0,0.0,
1.0,39.0,2020-01-21,teaching,1356939.4800000023,5880.349999999996,723.0,719.5728,,0.0005302910045774472,,17.669999999999998,71.74027777777778,0.5617459880711768,0.35043491710953917,,0.5702126097887766,0.0,0.0,0.0,
1.0,39.0,2020-01-22,teaching,1356939.4800000023,5880.349999999996,723.0,738.4938,,0.0005442348836368139,,22.136736111111112,60.66388888888889,1.6786263979977964,0.3409046529493969,,0.1866301556101624,0.0,0.0,0.0,
1.0,39.0,2020-01-23,teaching,1356939.4800000023,5880.349999999996,723.0,711.3389,,0.0005242230110365708,,16.66125,74.14583333333333,0.3221465524124807,0.35466499131582657,,0.7245919918438019,0.0,0.0,0.0,
1.0,39.0,2020-01-24,teaching,1356939.4800000023,5880.349999999996,723.0,703.4412,,0.0005184027809405316,,17.142222222222223,58.60625,1.2544900076505354,0.35877031483018357,,0.28522127180537005,0.0,0.0,0.0,
1.0,39.0,2020-01-25,teaching,1356939.4800000023,5880.349999999996,723.0,679.904,,0.0005010569815538117,,19.92125,64.67361111111111,1.1862868121748273,0.3712892523198092,,0.3053529946243233,0.0,0.0,0.0,
1.0,39.0,2020-01-26,teaching,1356939.4800000023,5880.349999999996,723.0,684.071,,0.0005041278627990092,,19.281041666666667,77.25972222222222,0.7924565246696922,0.36904151831216037,,0.4527312825921889,0.0,0.0,0.0,
1.0,39.0,2020-01-27,teaching,1356939.4800000023,5880.349999999996,723.0,710.4128000000001,,0.0005235405192868283,,18.437430555555558,70.13263888888889,0.7403810929337388,0.3551439479936069,,0.4769321254209023,0.0,0.0,0.0,
1.0,39.0,2020-01-28,teaching,1356939.4800000023,5880.349999999996,723.0,718.4094,,0.0005294336339893351,,18.482777777777777,73.73958333333333,0.6529586966371046,0.35102952623116207,,0.5205034843896124,0.0,0.0,0.0,
1.0,39.0,2020-01-29,teaching,1356939.4800000023,5880.349999999996,723.0,725.8408,,0.0005349102231147396,,22.096805555555555,61.65069444444445,1.6306969585536533,0.34724865561078805,,0.19579306690976997,0.0,0.0,0.0,
1.0,39.0,2020-01-30,teaching,1356939.4800000023,5880.349999999996,723.0,747.1196,,0.0005505916888791523,,27.760972222222225,38.54375,3.4939473888043104,0.33664638845656714,,0.030380710687962404,0.0,0.0,0.0,
1.0,39.0,2020-01-31,teaching,1356939.4800000023,5880.349999999996,723.0,712.9778,,0.0005254308025587102,,30.863263888888888,38.64930555555556,3.8955672056259307,0.35381897405400287,,0.02033183884456184,0.0,0.0,0.0,
1.0,39.0,2020-02-01,teaching,1356939.4800000023,5880.349999999996,723.0,692.4872,,0.0005103302027884095,,22.20888888888889,89.38958333333333,1.630819684734177,0.36454312129187877,,0.19576903944892454,0.0,0.0,0.0,
1.0,39.0,2020-02-02,teaching,1356939.4800000023,5880.349999999996,723.0,676.23,,0.0004983494179121378,,18.176180555555558,73.66180555555556,0.5991851353883214,0.3732824095878808,,0.5492590255309111,0.0,0.0,0.0,
1.0,39.0,2020-02-03,teaching,1356939.4800000023,5880.349999999996,723.0,715.1025999999999,,0.00052699667932132,,14.821736111111111,61.49930555555556,0.9910154681318545,0.35272513370451875,,0.3711995582493364,0.0,0.0,0.0,
1.0,39.0,2020-02-04,teaching,1356939.4800000023,5880.349999999996,723.0,693.1922999999999,,0.0005108498280262276,,14.87611111111111,57.77430555555556,1.2500539050599555,0.36416874919627495,,0.28648935321818675,0.0,0.0,0.0,
1.0,39.0,2020-02-05,teaching,1356939.4800000023,5880.349999999996,723.0,720.181,,0.0005307392191138833,,15.598958333333334,68.42777777777778,0.5190825218046669,0.3501244695188535,,0.5950662579098398,0.0,0.0,0.0,
1.0,39.0,2020-02-06,teaching,1356939.4800000023,5880.349999999996,723.0,731.255,,0.0005389002315711227,,19.938958333333332,74.91944444444445,0.9079933689542332,0.34451974248672124,,0.4033327525761929,0.0,0.0,0.0,
1.0,39.0,2020-02-07,teaching,1356939.4800000023,5880.349999999996,723.0,759.3202,,0.0005595829520709344,,20.387083333333333,91.02430555555556,1.453834804491583,0.3307140332622117,,0.23367247945995814,0.0,0.0,0.0,
1.0,39.0,2020-02-08,teaching,1356939.4800000023,5880.349999999996,723.0,747.0689,,0.0005505543253852402,,22.619305555555556,70.0111111111111,1.4550544939991588,0.3366712612697448,,0.23338764532846334,0.0,0.0,0.0,
1.0,39.0,2020-02-09,teaching,1356939.4800000023,5880.349999999996,723.0,753.233,,0.000555096974553352,,22.215972222222224,61.87777777777778,1.6389327490568428,0.33366065747390683,,0.19418717818730985,0.0,0.0,0.0,
1.0,39.0,2020-02-10,teaching,1356939.4800000023,5880.349999999996,723.0,758.7352,,0.0005591518348334877,,21.774444444444445,80.00347222222223,1.2794186270778574,0.33099607966278183,,0.27819899080766597,0.0,0.0,0.0,
1.0,39.0,2020-02-11,teaching,1356939.4800000023,5880.349999999996,723.0,761.6137,,0.0005612731527274884,,21.968055555555555,84.95694444444445,1.4323694552504282,0.32961058296053714,,0.23874256170941793,0.0,0.0,0.0,
1.0,39.0,2020-02-12,teaching,1356939.4800000023,5880.349999999996,723.0,748.9970000000001,,0.0005519752435827122,,22.238541666666666,82.27916666666667,1.4058665838584123,0.3357266511905664,,0.24515451742716343,0.0,0.0,0.0,
1.0,39.0,2020-02-13,teaching,1356939.4800000023,5880.349999999996,723.0,757.7688,,0.0005584396438962767,,24.246180555555554,73.30277777777778,1.707477047135731,0.3314625376706889,,0.18132268460277148,0.0,0.0,0.0,
1.0,39.0,2020-02-14,teaching,1356939.4800000023,5880.349999999996,723.0,760.1487999999999,,0.0005601935909477692,,23.58152777777778,86.32569444444445,1.7412194893449877,0.3303149510888767,,0.17530648581853556,0.0,0.0,0.0,
1.0,39.0,2020-02-15,teaching,1356939.4800000023,5880.349999999996,723.0,737.2314,,0.0005433045547469801,,18.241319444444443,99.99513888888889,1.7918118702877064,0.3415323591028545,,0.16665793338554336,0.0,0.0,0.0,
1.0,39.0,2020-02-16,teaching,1356939.4800000023,5880.349999999996,723.0,749.5566,,0.0005523876422255757,,20.063958333333332,79.64583333333333,0.9686711462019942,0.33545298987765504,,0.3795871188889976,0.0,0.0,0.0,
1.0,39.0,2020-02-17,teaching,1356939.4800000023,5880.349999999996,723.0,750.9788000000001,,0.0005534357361317241,,21.003888888888888,76.49791666666667,1.1036430440586926,0.3347584945405795,,0.33166062588861106,0.0,0.0,0.0,
1.0,39.0,2020-02-18,teaching,1356939.4800000023,5880.349999999996,723.0,763.3137,,0.0005625259720499832,,18.38326388888889,97.18402777777777,1.618238663609748,0.3287950543721299,,0.1982475724153489,0.0,0.0,0.0,
1.0,39.0,2020-02-19,teaching,1356939.4800000023,5880.349999999996,723.0,722.393,,0.0005323693581382118,,14.996041666666667,89.09861111111111,0.9317151168562366,0.34899770082755616,,0.3938775846353181,0.0,0.0,0.0,
1.0,39.0,2020-02-20,teaching,1356939.4800000023,5880.349999999996,723.0,737.8292,,0.0005437451049769727,,15.342361111111112,77.0201388888889,0.10868572911277687,0.34123496964816175,,0.8970122780501056,0.0,0.0,0.0,
1.0,39.0,2020-02-21,teaching,1356939.4800000023,5880.349999999996,723.0,698.8969,,0.0005150538475009945,,15.426597222222222,78.72083333333333,0.22224317513391065,0.361154001676557,,0.8007206253124896,0.0,0.0,0.0,
1.0,39.0,2020-02-22,teaching,1356939.4800000023,5880.349999999996,723.0,681.6261,,0.0005023260875274989,,16.11486111111111,74.5423611111111,0.21832900571092967,0.3703586741173657,,0.8038609233203569,0.0,0.0,0.0,
1.0,39.0,2020-02-23,teaching,1356939.4800000023,5880.349999999996,723.0,714.4765,,0.0005265352733343706,,21.049930555555555,70.23125,1.1747224723807737,0.3530470961293942,,0.30890469737818765,0.0,0.0,0.0,
1.0,39.0,2020-02-24,teaching,1356939.4800000023,5880.349999999996,723.0,729.0198,,0.0005372529952478048,,20.888194444444444,84.49791666666667,1.2418893129455262,0.345643738913132,,0.28883799674373334,0.0,0.0,0.0,
1.0,39.0,2020-02-25,teaching,1356939.4800000023,5880.349999999996,723.0,736.0250000000001,,0.0005424154951995345,,21.825277777777778,83.46736111111112,1.3646969796632022,0.34213330023704724,,0.25545807325240755,0.0,0.0,0.0,
1.0,39.0,2020-02-26,teaching,1356939.4800000023,5880.349999999996,723.0,703.7759,,0.0005186494389565545,,16.374583333333334,68.84513888888888,0.540197882929579,0.3585953731658502,,0.5826329478513774,0.0,0.0,0.0,
1.0,39.0,2020-02-27,teaching,1356939.4800000023,5880.349999999996,723.0,702.0364,,0.0005173675100086253,,14.65125,62.78125,0.9035883866812255,0.3595055098326191,,0.40511334506138313,0.0,0.0,0.0,
1.0,39.0,2020-02-28,teaching,1356939.4800000023,5880.349999999996,723.0,694.9313999999999,,0.0005121314621931398,,16.337569444444444,77.59027777777777,0.27599492022997907,0.3632470186435129,,0.7588167853662088,0.0,0.0,0.0,
1.0,39.0,2020-02-29,teaching,1356939.4800000023,5880.349999999996,723.0,686.2223,,0.0005057132688039992,,17.74659722222222,77.01041666666667,0.510675225709361,0.36788641032332725,,0.6000902456201906,0.0,0.0,0.0,
1.0,39.0,2020-03-01,teaching,1356939.4800000023,5880.349999999996,723.0,569.1443999999999,,0.0004194324127115816,,21.073194444444447,66.10277777777777,1.3007621826894233,0.4363231751822067,,0.2723241531588557,0.0,0.0,0.0,
1.0,39.0,2020-03-02,teaching,1356939.4800000023,5880.349999999996,723.0,340.7158,,0.0002510913751289773,,15.750694444444445,70.61458333333333,0.3804351403919616,0.6086572598197406,,0.683563898224922,0.0,0.0,0.0,
1.0,39.0,2020-03-03,teaching,1356939.4800000023,5880.349999999996,723.0,618.5282,,0.00045582592968700336,,15.912777777777778,62.96388888888889,0.9035929363123523,0.406027070405182,,0.40511150194929135,0.0,0.0,0.0,
1.0,39.0,2020-03-04,teaching,1356939.4800000023,5880.349999999996,723.0,191.0359,,0.00014078439224128085,,16.37076388888889,87.55347222222223,0.8610250127260921,0.7570072091091457,,0.42272855802009146,0.0,0.0,0.0,
1.0,39.0,2020-03-05,teaching,1356939.4800000023,5880.349999999996,723.0,524.6090999999999,,0.0003866120101391692,,17.662083333333335,100.0,1.7596815824292653,0.4655787235100271,,0.17209965465336505,0.0,0.0,0.0,
1.0,39.0,2020-03-06,teaching,1356939.4800000023,5880.349999999996,723.0,314.27049999999997,,0.00023160244405299448,,16.297638888888887,87.97222222222223,0.8852944973448664,0.6325707672335615,,0.41259264794615247,0.0,0.0,0.0,
1.0,39.0,2020-03-07,teaching,1356939.4800000023,5880.349999999996,723.0,634.777,,0.00046780052416191693,,16.51986111111111,77.82083333333334,0.31316156071903045,0.39652601779033797,,0.731131780850196,0.0,0.0,0.0,
1.0,39.0,2020-03-08,teaching,1356939.4800000023,5880.349999999996,723.0,571.2339999999999,,0.0004209723487446905,,15.620694444444444,80.875,0.3758744557040593,0.4349965832971084,,0.6866885374599173,0.0,0.0,0.0,
1.0,39.0,2020-03-09,teaching,1356939.4800000023,5880.349999999996,723.0,342.7281,,0.0002525743447305398,,15.201458333333333,74.84097222222222,0.07012925525459665,0.6068750621255149,,0.9322733108937512,0.0,0.0,0.0,
1.0,39.0,2020-03-10,teaching,1356939.4800000023,5880.349999999996,723.0,561.1583,,0.00041354703601077265,,16.09201388888889,77.99861111111112,0.25383901393892583,0.44143057061718893,,0.7758166876664473,0.0,0.0,0.0,
1.0,39.0,2020-03-11,teaching,1356939.4800000023,5880.349999999996,723.0,355.7437,,0.0002621662242445768,,20.397430555555555,68.4173611111111,1.1135951722454351,0.595473131884982,,0.3283762671132362,0.0,0.0,0.0,
1.0,39.0,2020-03-12,teaching,1356939.4800000023,5880.349999999996,723.0,422.1629,,0.0003111140225649557,,22.320555555555554,52.44097222222222,2.1063051767913286,0.5405399116468388,,0.1216867478589923,0.0,0.0,0.0,
1.0,39.0,2020-03-13,teaching,1356939.4800000023,5880.349999999996,723.0,328.8795,,0.0002423685837484804,,19.371875,60.60625,1.3232249607506885,0.6192465412618013,,0.2662751887630053,0.0,0.0,0.0,
1.0,39.0,2020-03-14,teaching,1356939.4800000023,5880.349999999996,723.0,698.6848,,0.0005148975398666997,,13.939027777777778,58.010416666666664,1.2491694633991188,0.36126564356202645,,0.2867428484218941,0.0,0.0,0.0,
1.0,39.0,2020-03-15,teaching,1356939.4800000023,5880.349999999996,723.0,704.7035000000001,,0.0005193330361351111,,14.661458333333334,77.59027777777777,0.14565294584060326,0.3581109790294152,,0.8644576647583528,0.0,0.0,0.0,
1.0,39.0,2020-03-16,teaching,1356939.4800000023,5880.349999999996,723.0,381.84000000000003,,0.00028139795888317687,,16.351041666666667,71.28333333333333,0.394839342827227,0.5732535183905408,,0.6737882794738784,0.0,0.0,0.0,
1.0,39.0,2020-03-17,teaching,1356939.4800000023,5880.349999999996,723.0,355.31960000000004,,0.00026185368267124146,,19.630555555555556,63.229166666666664,1.2158912076471922,0.5958412537339021,,0.296445701856435,0.0,0.0,0.0,
1.0,39.0,2020-03-18,teaching,1356939.4800000023,5880.349999999996,723.0,731.2736,,0.0005389139388884158,,23.425416666666667,43.732638888888886,2.7127659652656937,0.3445104046103869,,0.06635302250629285,0.0,0.0,0.0,
1.0,39.0,2020-03-19,teaching,1356939.4800000023,5880.349999999996,723.0,724.2647,,0.0005337487122122784,,23.81388888888889,52.82361111111111,2.272814990600095,0.34804710999987326,,0.10302176621521913,0.0,0.0,0.0,
1.0,39.0,2020-03-20,teaching,1356939.4800000023,5880.349999999996,723.0,682.8018,,0.0005031925226318854,,17.762569444444445,67.71458333333334,0.7526714345165706,0.36972469637980354,,0.4711063404643012,0.0,0.0,0.0,
1.0,39.0,2020-03-21,teaching,1356939.4800000023,5880.349999999996,723.0,646.6538,,0.0004765531621203909,,15.447638888888887,72.01597222222222,0.269942896147166,0.3897223156781576,,0.763423087491811,0.0,0.0,0.0,
1.0,39.0,2020-03-22,teaching,1356939.4800000023,5880.349999999996,723.0,659.1659,,0.0004857739860292066,,14.043194444444445,82.93541666666667,0.5334254821342194,0.3826809126017587,,0.5865921632550074,0.0,0.0,0.0,
1.0,39.0,2020-03-23,teaching,1356939.4800000023,5880.349999999996,723.0,654.1785,,0.000482098508918024,,13.530555555555555,68.72569444444444,0.5585834627696504,0.3854722804984822,,0.5720187761124577,0.0,0.0,0.0,
1.0,39.0,2020-03-24,teaching,1356939.4800000023,5880.349999999996,723.0,315.3731,,0.00023241500792651378,,12.323958333333334,75.22569444444444,0.496692614275892,0.6315552081384621,,0.6085400115769783,0.0,0.0,0.0,
1.0,39.0,2020-03-25,teaching,1356939.4800000023,5880.349999999996,723.0,640.9921999999999,,0.00047238083160495764,,14.207569444444445,65.93402777777777,0.697574109903732,0.3929509149854007,,0.4977914275321507,0.0,0.0,0.0,
1.0,39.0,2020-03-26,teaching,1356939.4800000023,5880.349999999996,723.0,704.0994000000001,,0.0005188878431040999,,15.714861111111112,80.99930555555555,0.38953003810182546,0.35842636661042965,,0.6773751402125978,0.0,0.0,0.0,
1.0,39.0,2020-03-27,teaching,1356939.4800000023,5880.349999999996,723.0,695.6342,,0.00051264939244011,,19.07173611111111,69.42291666666667,0.8659103737788918,0.3628751938143973,,0.4206684127609531,0.0,0.0,0.0,
1.0,39.0,2020-03-28,teaching,1356939.4800000023,5880.349999999996,723.0,677.6279,,0.0004993796038714997,,20.08388888888889,58.33541666666667,1.5284753094394044,0.3725227862322188,,0.21686606902016928,0.0,0.0,0.0,
1.0,39.0,2020-03-29,teaching,1356939.4800000023,5880.349999999996,723.0,700.6255,,0.0005163277436662089,,20.712916666666665,61.90486111111111,1.4232246800755555,0.36024541363835816,,0.24093582191203985,0.0,0.0,0.0,
1.0,39.0,2020-03-30,teaching,1356939.4800000023,5880.349999999996,723.0,672.8982,,0.0004958940394305565,,17.596180555555556,74.04375,0.48915501893842245,0.375099171895973,,0.613144270652415,0.0,0.0,0.0,
1.0,39.0,2020-03-31,teaching,1356939.4800000023,5880.349999999996,723.0,689.0459000000001,,0.0005077941280034088,,15.555208333333333,77.49444444444444,0.15853099429059686,0.36637580611127396,,0.8533965129615066,0.0,0.0,0.0,
1.0,39.0,2020-04-01,teaching,1356939.4800000023,5880.349999999996,723.0,711.2934,,0.0005241894796958807,,16.100208333333335,75.69166666666666,0.1996482833629999,0.3546885077279045,,0.8190187649513777,0.0,0.0,0.0,
1.0,39.0,2020-04-02,teaching,1356939.4800000023,5880.349999999996,723.0,679.3448,,0.0005006448776919652,,16.549444444444443,95.35763888888889,1.3964405847873034,0.37159193212610486,,0.2474762689038366,0.0,0.0,0.0,
1.0,39.0,2020-04-03,teaching,1356939.4800000023,5880.349999999996,723.0,684.8515,,0.0005047030542585428,,17.07375,84.31736111111111,0.7085230860467586,0.36862202201754984,,0.4923708501058548,0.0,0.0,0.0,
1.0,39.0,2020-04-04,teaching,1356939.4800000023,5880.349999999996,723.0,479.0765,,0.0003530566447959781,,11.797222222222222,89.12708333333333,1.1057971345224584,0.4975183758186313,,0.3309469678151571,0.0,0.0,0.0,
1.0,39.0,2020-04-05,teaching,1356939.4800000023,5880.349999999996,723.0,427.8419,,0.0003152991760546309,,12.235555555555557,86.50833333333334,0.9090565195182929,0.5360850851007462,,0.40290417699334197,0.0,0.0,0.0,
1.0,39.0,2020-04-06,teaching,1356939.4800000023,5880.349999999996,723.0,493.9066,,0.00036398572469864256,,12.566527777777777,81.07986111111111,0.5853093521461239,0.48688194610359414,,0.5569335465726228,0.0,0.0,0.0,
1.0,39.0,2020-04-07,teaching,1356939.4800000023,5880.349999999996,723.0,26.273,,1.9361954152885252e-05,,13.057291666666666,81.86875,0.5597518081733965,0.962437931443091,,0.5713508508642053,0.0,0.0,0.0,
1.0,39.0,2020-04-08,teaching,1356939.4800000023,5880.349999999996,723.0,56.0305,,4.129181944061345e-05,,14.032916666666667,81.57222222222222,0.4459012879379881,0.9215952825443455,,0.6402469690409547,0.0,0.0,0.0,
1.0,39.0,2020-04-12,teaching,1356939.4800000023,5880.349999999996,723.0,304.22950000000003,,0.00022420270357230635,,12.402083333333334,80.37638888888888,0.5801941475102277,0.6418945941960534,,0.5597896742430661,0.0,0.0,0.0,
1.0,39.0,2020-04-13,teaching,1356939.4800000023,5880.349999999996,723.0,679.8243,,0.0005009982464361629,,14.046180555555555,74.95138888888889,0.1863263131545425,0.37133237669986247,,0.8300027099850934,0.0,0.0,0.0,
1.0,39.0,2020-04-14,teaching,1356939.4800000023,5880.349999999996,723.0,688.7103999999999,,0.0005075468804253515,,16.094791666666666,73.01805555555555,0.27362358423518157,0.366554970802129,,0.7606183301125469,0.0,0.0,0.0,
1.0,39.0,2020-04-15,teaching,1356939.4800000023,5880.349999999996,723.0,697.4867999999999,,0.0005140146707206122,,19.30770833333333,56.584722222222226,1.5492386151981399,0.36189687637594403,,0.2124096377446556,0.0,0.0,0.0,
1.0,39.0,2020-04-16,teaching,1356939.4800000023,5880.349999999996,723.0,693.5613,,0.0005111217635144633,,17.02347222222222,67.6763888888889,0.6711240161669892,0.3639729823124868,,0.5111337322007116,0.0,0.0,0.0,
1.0,39.0,2020-04-17,teaching,1356939.4800000023,5880.349999999996,723.0,664.7948,,0.0004899222181964953,,14.002986111111111,68.08541666666666,0.563433544293915,0.3795547804744737,,0.569251155433157,0.0,0.0,0.0,
1.0,39.0,2020-04-18,teaching,1356939.4800000023,5880.349999999996,723.0,638.3824999999999,,0.00047045760655441967,,13.622638888888888,76.61458333333333,0.2638923208129256,0.39444812213188757,,0.7680562388755635,0.0,0.0,0.0,
1.0,39.0,2020-04-19,teaching,1356939.4800000023,5880.349999999996,723.0,230.26659999999998,,0.00016969555635598397,,13.680069444444444,72.36875,0.33900385713846526,0.7149443990581733,,0.7124797009510315,0.0,0.0,0.0,
1.0,39.0,2020-04-20,teaching,1356939.4800000023,5880.349999999996,723.0,694.7896000000001,,0.000512026962322593,,15.1825,69.18333333333334,0.45627279907790597,0.36332208582429387,,0.6336409568500828,0.0,0.0,0.0,
1.0,39.0,2020-04-21,teaching,1356939.4800000023,5880.349999999996,723.0,394.3193,,0.0002905946107485938,,13.31590277777778,71.21111111111111,0.44329913197126636,0.5629230259042185,,0.6419151610181665,0.0,0.0,0.0,
1.0,39.0,2020-04-22,teaching,1356939.4800000023,5880.349999999996,723.0,696.6297999999999,,0.0005133831023915663,,14.87875,75.88125,0.027593101184787708,0.36234911100342254,,0.9727841109840839,0.0,0.0,0.0,
1.0,39.0,2020-04-23,teaching,1356939.4800000023,5880.349999999996,723.0,629.6408,,0.0004640153885123889,,15.015694444444444,75.42847222222223,0.020312348777764486,0.3995049926326761,,0.979892557259157,0.0,0.0,0.0,
1.0,39.0,2020-04-24,teaching,1356939.4800000023,5880.349999999996,723.0,322.7238,,0.00023783212498172684,,17.424374999999998,70.375,0.5789346911666637,0.6248263241634441,,0.5604951490634682,0.0,0.0,0.0,
1.0,39.0,2020-04-25,teaching,1356939.4800000023,5880.349999999996,723.0,675.0382999999999,,0.0004974711915670688,,15.571041666666666,79.35763888888889,0.2731735683169838,0.3739312061756745,,0.7609606974983795,0.0,0.0,0.0,
1.0,39.0,2020-04-26,teaching,1356939.4800000023,5880.349999999996,723.0,674.1135999999999,,0.0004967897315508859,,14.218333333333334,91.00972222222222,1.0748712089960344,0.37443541698479943,,0.3413417142122455,0.0,0.0,0.0,
1.0,39.0,2020-04-27,teaching,1356939.4800000023,5880.349999999996,723.0,712.0409999999999,,0.0005247404254167612,,10.97076388888889,83.26944444444445,0.9115021264934244,0.3543023125811087,,0.4019200356297809,0.0,0.0,0.0,
1.0,39.0,2020-04-28,teaching,1356939.4800000023,5880.349999999996,723.0,697.4787,,0.0005140087014050168,,12.646388888888888,79.38541666666667,0.5053500613529672,0.36190114806234513,,0.6032943484221459,0.0,0.0,0.0,
1.0,39.0,2020-04-29,teaching,1356939.4800000023,5880.349999999996,723.0,418.25919999999996,,0.0003082371809242364,,13.734375,97.98611111111111,1.5684903750681707,0.5436235752173297,,0.20835948973468904,0.0,0.0,0.0,
1.0,39.0,2020-04-30,teaching,1356939.4800000023,5880.349999999996,723.0,259.6058,,0.0001913171543951242,,10.009652777777777,90.01041666666667,1.3563310278533047,0.685021981610977,,0.25760418781112837,0.0,0.0,0.0,
1.0,39.0,2020-05-01,teaching,1356939.4800000023,5880.349999999996,723.0,310.2448,,0.00022863569420207265,,9.408819444444445,82.23263888888889,1.1273748529306524,0.636292558024136,,0.32388238027851557,0.0,0.0,0.0,
1.0,39.0,2020-05-02,teaching,1356939.4800000023,5880.349999999996,723.0,677.7114,,0.0004994411394088105,,10.277569444444445,86.59652777777778,1.1551936378570637,0.3724774610204664,,0.31499653574337316,0.0,0.0,0.0,
1.0,39.0,2020-05-03,teaching,1356939.4800000023,5880.349999999996,723.0,670.0957000000001,,0.0004938287299297968,,11.277847222222222,78.79027777777777,0.7205215544969651,0.3766341626944493,,0.4864984543234135,0.0,0.0,0.0,
1.0,39.0,2020-05-04,teaching,1356939.4800000023,5880.349999999996,723.0,709.8504,,0.0005231260571768453,,11.207083333333333,97.31736111111111,1.6594551317469828,0.35543512337278715,,0.19024260902493037,0.0,0.0,0.0,
1.0,39.0,2020-05-05,teaching,1356939.4800000023,5880.349999999996,723.0,388.0345,,0.00028596301140858493,,12.641388888888887,82.73402777777778,0.6554557144362899,0.5681021659468886,,0.5192053992698519,0.0,0.0,0.0,
1.0,39.0,2020-05-06,teaching,1356939.4800000023,5880.349999999996,723.0,466.0763,,0.0003434761143510978,,15.101111111111111,72.05694444444444,0.2555975203777452,0.5070333209223334,,0.7744536078694017,0.0,0.0,0.0,
1.0,39.0,2020-05-07,teaching,1356939.4800000023,5880.349999999996,723.0,694.0839000000001,,0.0005115068949132491,,18.45611111111111,55.99305555555556,1.5127872974827123,0.36369590552672093,,0.22029509346499548,0.0,0.0,0.0,
1.0,39.0,2020-05-08,teaching,1356939.4800000023,5880.349999999996,723.0,663.7184,,0.0004891289624795933,,15.548819444444444,67.58958333333334,0.5746725524268924,0.3801506014016308,,0.5628891553210617,0.0,0.0,0.0,
1.0,39.0,2020-05-09,teaching,1356939.4800000023,5880.349999999996,723.0,662.8267000000001,,0.0004884718218973178,,11.616805555555556,79.32916666666667,0.6742674068551213,0.3806448934085179,,0.5095295617745992,0.0,0.0,0.0,
1.0,39.0,2020-05-10,teaching,1356939.4800000023,5880.349999999996,723.0,672.1214,,0.0004953215746954306,,9.728472222222223,78.01527777777778,0.9863149632491296,0.3755240145330074,,0.37294849079816156,0.0,0.0,0.0,
1.0,39.0,2020-05-11,teaching,1356939.4800000023,5880.349999999996,723.0,690.133,,0.000508595269112517,,11.031527777777777,81.66597222222222,0.8422310850243309,0.3657958711648256,,0.4307484142182312,0.0,0.0,0.0,
1.0,39.0,2020-05-12,teaching,1356939.4800000023,5880.349999999996,723.0,681.9796,,0.0005025866002513235,,11.953958333333334,76.47361111111111,0.5660449976444621,0.37016794059454056,,0.5677665219652483,0.0,0.0,0.0,
1.0,39.0,2020-05-13,teaching,1356939.4800000023,5880.349999999996,723.0,698.2631,,0.0005145867669794667,,10.739097222222222,86.40902777777778,1.0834563657019165,0.36148771395192947,,0.3384237854653722,0.0,0.0,0.0,
1.0,39.0,2020-05-14,teaching,1356939.4800000023,5880.349999999996,723.0,691.5105000000001,,0.0005096104212400091,,8.350138888888889,85.96041666666666,1.4191996043545763,0.36506233498494556,,0.24190756118927048,0.0,0.0,0.0,
1.0,39.0,2020-05-15,teaching,1356939.4800000023,5880.349999999996,723.0,689.5366,,0.0005081557506160841,,7.636319444444444,87.59236111111112,1.5902428362156225,0.3661139187581473,,0.20387609722259303,0.0,0.0,0.0,
1.0,39.0,2020-05-16,teaching,1356939.4800000023,5880.349999999996,723.0,666.0141,,0.0004908207844317411,,9.126875,82.61180555555555,1.1855180282785325,0.3788809879071878,,0.3055878353485929,0.0,0.0,0.0,
1.0,39.0,2020-05-17,teaching,1356939.4800000023,5880.349999999996,723.0,674.5482999999999,,0.0004971100848211732,,8.852986111111111,85.53958333333334,1.3246125779811495,0.374198303659762,,0.26590595695848623,0.0,0.0,0.0,
1.0,39.0,2020-05-18,teaching,1356939.4800000023,5880.349999999996,723.0,716.2292,,0.0005278269300558627,,10.217430555555556,85.50277777777778,1.1154887677948675,0.35214653606839563,,0.3277550436339261,0.0,0.0,0.0,
1.0,39.0,2020-05-19,teaching,1356939.4800000023,5880.349999999996,723.0,669.6351999999999,,0.0004934893632839092,,14.609027777777778,71.66944444444445,0.29186345988580664,0.3768869888586447,,0.7468705067959304,0.0,0.0,0.0,
1.0,39.0,2020-05-20,teaching,1356939.4800000023,5880.349999999996,723.0,695.5305000000001,,0.0005125729704614379,,12.505347222222223,75.85347222222222,0.46220059249221546,0.3629300336061861,,0.6298959748649585,0.0,0.0,0.0,
1.0,39.0,2020-05-21,teaching,1356939.4800000023,5880.349999999996,723.0,646.0509,,0.0004761088534324308,,9.750902777777778,93.25763888888889,1.5591505263023595,0.3900648612005899,,0.2103146521053272,0.0,0.0,0.0,
1.0,39.0,2020-05-22,teaching,1356939.4800000023,5880.349999999996,723.0,699.2606000000001,,0.0005153218771407542,,9.97625,89.90833333333333,1.355324381160524,0.3609626432477416,,0.2578636347786419,0.0,0.0,0.0,
1.0,39.0,2020-05-23,teaching,1356939.4800000023,5880.349999999996,723.0,686.7225000000001,,0.0005060818924658298,,10.641319444444445,97.8861111111111,1.7410886995810193,0.3676183539680146,,0.17532941561189633,0.0,0.0,0.0,
1.0,39.0,2020-05-24,teaching,1356939.4800000023,5880.349999999996,723.0,689.8888,,0.0005084153053016032,,11.126111111111111,87.35972222222222,1.0815446764331975,0.36592606447810927,,0.33907136537288746,0.0,0.0,0.0,
1.0,39.0,2020-05-25,teaching,1356939.4800000023,5880.349999999996,723.0,690.2671,,0.0005086940944484856,,9.394444444444444,88.06111111111112,1.3451398114831552,0.365724396506219,,0.26050328396329775,0.0,0.0,0.0,
1.0,39.0,2020-05-26,teaching,1356939.4800000023,5880.349999999996,723.0,695.3773,,0.0005124600693319048,,8.895555555555555,89.2388888888889,1.4681997605963784,0.3630110657069487,,0.2303397789071048,0.0,0.0,0.0,
1.0,39.0,2020-05-27,teaching,1356939.4800000023,5880.349999999996,723.0,503.3718,,0.0003709611279052763,,11.423124999999999,87.71944444444445,1.0656812032585992,0.48021251553087263,,0.3444931049944557,0.0,0.0,0.0,
1.0,39.0,2020-05-31,teaching,1356939.4800000023,5880.349999999996,723.0,307.7655,,0.0002268085677630954,,14.026041666666666,64.45,0.8057437451488535,0.6385955776418638,,0.4467555307070905,0.0,0.0,0.0,
1.0,39.0,2020-06-01,teaching,1356939.4800000023,5880.349999999996,723.0,677.3713,,0.0004991905018490573,,9.533819444444445,92.55277777777778,1.5467724704964627,0.3726621075710671,,0.21293411710254165,0.0,0.0,0.0,
1.0,39.0,2020-06-02,teaching,1356939.4800000023,5880.349999999996,723.0,665.0978,,0.0004901455148169164,,11.355902777777779,83.60138888888889,0.8689799380329504,0.3793872290346504,,0.4193791238282717,0.0,0.0,0.0,
1.0,39.0,2020-06-03,teaching,1356939.4800000023,5880.349999999996,723.0,678.4789000000001,,0.0005000067504852898,,11.188194444444445,74.04097222222222,0.7142088755684467,0.37206110726280345,,0.48957927675533264,0.0,0.0,0.0,
1.0,39.0,2020-06-04,teaching,1356939.4800000023,5880.349999999996,723.0,669.469,,0.0004933668817713218,,10.150902777777777,74.6048611111111,0.8988778519576681,0.3769782785422485,,0.4070261471636813,0.0,0.0,0.0,
1.0,39.0,2020-06-05,teaching,1356939.4800000023,5880.349999999996,723.0,662.3719,,0.0004881366558809232,,7.036527777777778,90.44513888888889,1.7913761768976724,0.3808972480697158,,0.16673056096604566,0.0,0.0,0.0,
1.0,39.0,2020-06-06,teaching,1356939.4800000023,5880.349999999996,723.0,647.9436000000001,,0.0004775036835098931,,8.537847222222222,95.32986111111111,1.8130031101530981,0.3889905087416301,,0.1631634026360686,0.0,0.0,0.0,
1.0,39.0,2020-06-07,teaching,1356939.4800000023,5880.349999999996,723.0,657.5308,,0.00048456899492672944,,9.432986111111111,87.02916666666667,1.2947588975950706,0.38359381756199296,,0.2739639097267728,0.0,0.0,0.0,
1.0,39.0,2020-06-08,teaching,1356939.4800000023,5880.349999999996,723.0,670.9882,,0.0004944864600741066,,7.087152777777778,91.79027777777777,1.8391973350240447,0.3761446403782415,,0.15894495446685517,0.0,0.0,0.0,
1.0,39.0,2020-06-09,teaching,1356939.4800000023,5880.349999999996,723.0,674.5292999999999,,0.0004970960827228631,,6.283194444444444,87.11527777777778,1.7927052721212082,0.37420866434245426,,0.16650910737290436,0.0,0.0,0.0,
1.0,39.0,2020-06-10,teaching,1356939.4800000023,5880.349999999996,723.0,689.2461,,0.000507941665902446,,8.669930555555556,88.97361111111111,1.4887823908719047,0.3662689364439608,,0.22564723847546722,0.0,0.0,0.0,
1.0,39.0,2020-06-11,teaching,1356939.4800000023,5880.349999999996,723.0,684.8754,,0.000504720667424312,,7.652708333333333,87.98958333333333,1.6022469268361401,0.3686091839823878,,0.2014433805642219,0.0,0.0,0.0,
1.0,39.0,2020-06-12,teaching,1356939.4800000023,5880.349999999996,723.0,677.9518,,0.0004996183028000621,,8.290555555555555,86.68680555555555,1.454605224995587,0.3723469986278525,,0.2334925227206427,0.0,0.0,0.0,
1.0,39.0,2020-06-13,teaching,1356939.4800000023,5880.349999999996,723.0,627.5129,,0.0004624472271968967,,13.801944444444445,74.28333333333333,0.24481162696829872,0.40074571291615996,,0.7828519925564352,0.0,0.0,0.0,
1.0,39.0,2020-06-14,teaching,1356939.4800000023,5880.349999999996,723.0,635.8466000000001,,0.0004685887686015289,,12.330486111111112,82.89930555555556,0.7030664376918612,0.3959084542958994,,0.4950648882198244,0.0,0.0,0.0,
1.0,39.0,2020-06-15,teaching,1356939.4800000023,5880.349999999996,723.0,494.77059999999994,,0.0003646224516954869,,14.320972222222222,80.91319444444444,0.3836014450493857,0.48626932635907044,,0.6814029495865741,0.0,0.0,0.0,
1.0,39.0,2020-06-17,teaching,1356939.4800000023,5880.349999999996,723.0,86.8524,,6.40060970147319e-05,,10.01548611111111,84.38194444444444,1.100500230410057,0.8811181215089696,,0.3327046130996843,0.0,0.0,0.0,
1.0,39.0,2020-06-18,teaching,1356939.4800000023,5880.349999999996,723.0,26.521900000000002,,1.954538164074934e-05,,9.15076388888889,85.28125,1.268444615093937,0.9620889150584464,,0.2812687629172752,0.0,0.0,0.0,
1.0,39.0,2020-06-19,teaching,1356939.4800000023,5880.349999999996,723.0,651.4211,,0.0004800664359769375,,14.840416666666668,70.83194444444445,0.3419509184065759,0.38702428398837213,,0.7103830705865798,0.0,0.0,0.0,
1.0,39.0,2020-06-20,teaching,1356939.4800000023,5880.349999999996,723.0,621.0753,,0.00045770302150837186,,13.146597222222221,83.95625,0.6688627051785276,0.40452281287320113,,0.5122908723596998,0.0,0.0,0.0,
1.0,39.0,2020-06-22,teaching,1356939.4800000023,5880.349999999996,723.0,201.0076,,0.00014813306191076381,,9.496597222222222,95.33680555555556,1.7025111729997644,0.7460866565149642,,0.18222534963801157,0.0,0.0,0.0,
1.0,39.0,2020-06-24,teaching,1356939.4800000023,5880.349999999996,723.0,541.9107,,0.00039936246825097836,,12.02763888888889,98.02916666666667,1.6481462381845668,0.45398713248611083,,0.19240625359531988,0.0,0.0,0.0,
1.0,39.0,2020-06-25,teaching,1356939.4800000023,5880.349999999996,723.0,683.2607,,0.0005035307101537048,,11.398680555555554,90.28333333333333,1.2132407169511703,0.3694775363372112,,0.297232470632147,0.0,0.0,0.0,
1.0,39.0,2020-06-26,teaching,1356939.4800000023,5880.349999999996,723.0,699.8689999999999,,0.0005157702390676987,,8.413263888888888,91.18888888888888,1.6240954443248732,0.36064276411802876,,0.19708987336042502,0.0,0.0,0.0,
1.0,39.0,2020-06-27,teaching,1356939.4800000023,5880.349999999996,723.0,680.6369,,0.0005015970940723155,,8.454027777777778,94.86666666666666,1.7991524820055367,0.37089292669556834,,0.1654390413865946,0.0,0.0,0.0,
1.0,39.0,2020-06-28,teaching,1356939.4800000023,5880.349999999996,723.0,683.7076,,0.0005038600542450123,,4.980972222222222,94.02361111111111,2.2443276896621014,0.36923699820559697,,0.10599878049905972,0.0,0.0,0.0,
1.0,39.0,2020-06-29,teaching,1356939.4800000023,5880.349999999996,723.0,687.1951,,0.0005064301762374833,,5.7894444444444435,89.42013888888889,1.9480229578737325,0.36736526785750273,,0.14255563165586377,0.0,0.0,0.0,
1.0,39.0,2020-06-30,teaching,1356939.4800000023,5880.349999999996,723.0,674.056,,0.0004967472830844298,,11.019097222222221,72.28888888888889,0.7735329221624987,0.3744668469989505,,0.4613801653386435,0.0,0.0,0.0,
1.0,39.0,2020-07-01,teaching,1356939.4800000023,5880.349999999996,723.0,692.636,,0.0005104398613267548,,13.782916666666667,66.35,0.6908908223961704,0.3644640840638814,,0.5011294528277571,0.0,0.0,0.0,
1.0,39.0,2020-07-02,teaching,1356939.4800000023,5880.349999999996,723.0,690.781,,0.0005090728143601502,,11.281319444444446,69.17361111111111,0.8248731175712607,0.36545061955012903,,0.43829060031290656,0.0,0.0,0.0,
1.0,39.0,2020-07-03,teaching,1356939.4800000023,5880.349999999996,723.0,321.821,,0.0002371668042262279,,7.763333333333334,90.22291666666666,1.6740367181513627,0.6256488764631437,,0.18748869698201018,0.0,0.0,0.0,
1.0,39.0,2020-07-04,teaching,1356939.4800000023,5880.349999999996,723.0,450.44010000000003,,0.00033195297700380804,,8.9525,98.43680555555555,1.9361244965319049,0.5187189436794178,,0.14426195551160884,0.0,0.0,0.0,
1.0,39.0,2020-07-05,teaching,1356939.4800000023,5880.349999999996,723.0,678.1983,,0.0004997999616018239,,10.02576388888889,98.86875,1.8554457383413432,0.37221327328244075,,0.15638322113972364,0.0,0.0,0.0,
1.0,39.0,2020-07-06,teaching,1356939.4800000023,5880.349999999996,723.0,707.7342,,0.0005215665182061022,,9.791805555555555,97.55625,1.7992480641686908,0.35653289955547907,,0.16542322912084606,0.0,0.0,0.0,
1.0,39.0,2020-07-07,teaching,1356939.4800000023,5880.349999999996,723.0,548.3689999999999,,0.0004041219288571359,,9.684097222222222,99.84375,1.9456924401094702,0.4497346093014796,,0.14288824752087936,0.0,0.0,0.0,
1.0,39.0,2020-07-08,teaching,1356939.4800000023,5880.349999999996,723.0,282.6467,,0.00020829720423492986,,7.754444444444444,93.5625,1.8250123446105915,0.6624036587319747,,0.1612156539730234,0.0,0.0,0.0,
1.0,39.0,2020-07-09,teaching,1356939.4800000023,5880.349999999996,723.0,386.9373,,0.00028515442707879597,,9.134166666666667,88.57569444444445,1.4048974717165301,0.5690112131306584,,0.24539221480574386,0.0,0.0,0.0,
1.0,39.0,2020-07-11,teaching,1356939.4800000023,5880.349999999996,723.0,589.1573,,0.00043418097025226134,,8.629166666666666,100.0,2.059439324511698,0.4237822982065561,,0.12752545024839607,0.0,0.0,0.0,
1.0,39.0,2020-07-12,teaching,1356939.4800000023,5880.349999999996,723.0,422.44579999999996,,0.0003113225064392697,,9.843055555555555,98.23680555555555,1.8345667386025324,0.5403171203899385,,0.1596826711200718,0.0,0.0,0.0,
1.0,39.0,2020-07-13,teaching,1356939.4800000023,5880.349999999996,723.0,595.2264,,0.0004386536089288219,,10.490972222222222,92.68680555555555,1.4456565792081013,0.4200508707321507,,0.23559134138711157,0.0,0.0,0.0,
1.0,39.0,2020-07-14,teaching,1356939.4800000023,5880.349999999996,723.0,678.7140999999999,,0.0005001800817233195,,9.47201388888889,90.93888888888888,1.471297249262935,0.3719336090449455,,0.2296274079026057,0.0,0.0,0.0,
1.0,39.0,2020-07-15,teaching,1356939.4800000023,5880.349999999996,723.0,692.9045,,0.0005106377330844548,,8.188472222222222,90.80555555555556,1.6380406336850348,0.3643215098408219,,0.19436049285082185,0.0,0.0,0.0,
1.0,39.0,2020-07-16,teaching,1356939.4800000023,5880.349999999996,723.0,667.6042,,0.0004919926126697992,,7.038749999999999,98.12569444444445,2.1426576588063244,0.3780040857592297,,0.1173425717311899,0.0,0.0,0.0,
1.0,39.0,2020-07-17,teaching,1356939.4800000023,5880.349999999996,723.0,667.1004,,0.0004916213359788153,,5.880277777777778,98.59930555555556,2.3166272678022803,0.37828169954674823,,0.09860559566650126,0.0,0.0,0.0,
1.0,39.0,2020-07-18,teaching,1356939.4800000023,5880.349999999996,723.0,646.7941000000001,,0.00047665655656212386,,8.182361111111112,78.92013888888889,1.2774757960813503,0.38964264555358086,,0.27874000981427477,0.0,0.0,0.0,
1.0,39.0,2020-07-19,teaching,1356939.4800000023,5880.349999999996,723.0,649.3265,,0.0004785228151811154,,11.497777777777777,65.0826388888889,0.9839598220613034,0.3882074051681051,,0.373827872277077,0.0,0.0,0.0,
1.0,39.0,2020-07-20,teaching,1356939.4800000023,5880.349999999996,723.0,679.2013999999999,,0.00050053919869735,,9.190138888888889,86.45972222222223,1.3074346769284484,0.37166959040304204,,0.2705131205872111,0.0,0.0,0.0,
1.0,39.0,2020-07-21,teaching,1356939.4800000023,5880.349999999996,723.0,681.3694,,0.0005021369118098022,,9.051458333333333,97.37361111111112,1.8653283199490356,0.37049724008078755,,0.1548453627166984,0.0,0.0,0.0,
1.0,39.0,2020-07-22,teaching,1356939.4800000023,5880.349999999996,723.0,382.6082,,0.00028196408582643596,,9.743541666666667,90.15972222222223,1.3975409987731402,0.5726121538924425,,0.24720409233728746,0.0,0.0,0.0,
1.0,39.0,2020-07-23,teaching,1356939.4800000023,5880.349999999996,723.0,119.4848,,8.805462716730727e-05,,8.794652777777777,91.24027777777778,1.5747009964841152,0.8401991172655333,,0.20706945792170006,0.0,0.0,0.0,
1.0,39.0,2020-07-25,teaching,1356939.4800000023,5880.349999999996,723.0,111.82509999999999,,8.240979177641718e-05,,6.679722222222222,92.00763888888889,1.908221303426533,0.8496298830762006,,0.1483440110561562,0.0,0.0,0.0,
1.0,39.0,2020-07-26,teaching,1356939.4800000023,5880.349999999996,723.0,109.9047,,8.099454811352369e-05,,8.536458333333334,96.75763888888889,1.8891966598006513,0.8520108657810225,,0.1511932196539632,0.0,0.0,0.0,
1.0,39.0,2020-07-27,teaching,1356939.4800000023,5880.349999999996,723.0,119.3706,,8.797046718693732e-05,,11.024375000000001,96.13263888888889,1.6002174568485497,0.8403389508233033,,0.201852618987362,0.0,0.0,0.0,
1.0,39.0,2020-07-28,teaching,1356939.4800000023,5880.349999999996,723.0,119.1296,,8.779286162416012e-05,,11.434930555555555,90.94097222222223,1.2482428668045775,0.840634122542477,,0.28700866650279633,0.0,0.0,0.0,
1.0,39.0,2020-07-29,teaching,1356939.4800000023,5880.349999999996,723.0,118.31,,8.718885532020913e-05,,10.712569444444444,89.79097222222222,1.2600453964153184,0.8416387274235826,,0.2836411499160542,0.0,0.0,0.0,
1.0,39.0,2020-07-30,teaching,1356939.4800000023,5880.349999999996,723.0,120.7054,,8.89541514408585e-05,,9.341111111111111,84.55,1.2121450237562612,0.838705991630901,,0.2975583247129739,0.0,0.0,0.0,
1.0,39.0,2020-07-31,teaching,1356939.4800000023,5880.349999999996,723.0,419.15430000000003,,0.0003088968271451571,,8.085208333333334,79.66597222222222,1.3050307152475205,0.5429149549376299,,0.27116420604197955,0.0,0.0,0.0,
1.0,39.0,2020-08-01,teaching,1356939.4800000023,5880.349999999996,723.0,667.8086000000001,,0.0004921432457695157,,10.330972222222222,79.54513888888889,0.9025734188009542,0.3778915113558814,,0.40552473083084484,0.0,0.0,0.0,
1.0,39.0,2020-08-02,teaching,1356939.4800000023,5880.349999999996,723.0,362.83590000000004,,0.0002673928390675164,,10.975833333333334,78.52430555555556,0.76887617014033,0.5893506456174009,,0.4635337087236373,0.0,0.0,0.0,
1.0,39.0,2020-08-05,teaching,1356939.4800000023,5880.349999999996,723.0,116.4433,,8.58131860088556e-05,,7.213958333333333,88.84166666666667,1.7022301070094603,0.843931273129005,,0.18227657418476784,0.0,0.0,0.0,
1.0,39.0,2020-08-06,teaching,1356939.4800000023,5880.349999999996,723.0,122.2106,,9.006341240804623e-05,,7.107708333333334,93.16388888888889,1.8960191378769793,0.8368683759275908,,0.1501652179745067,0.0,0.0,0.0,
1.0,39.0,2020-08-07,teaching,1356939.4800000023,5880.349999999996,723.0,122.4819,,9.026334763286553e-05,,6.135416666666667,91.79861111111111,1.9814229103158363,0.8365375892189858,,0.13787291687513387,0.0,0.0,0.0,
1.0,39.0,2020-08-08,teaching,1356939.4800000023,5880.349999999996,723.0,467.327,,0.00034439782089618266,,11.700486111111111,87.18472222222222,1.00493825950191,0.5061100675679587,,0.3660672352797664,0.0,0.0,0.0,
1.0,39.0,2020-08-09,teaching,1356939.4800000023,5880.349999999996,723.0,657.9991,,0.0004849141098024496,,10.853819444444444,87.50763888888889,1.1228690900692184,0.38333213515530273,,0.3253450101361809,0.0,0.0,0.0,
1.0,39.0,2020-08-10,teaching,1356939.4800000023,5880.349999999996,723.0,683.2437,,0.0005035181819604798,,8.884166666666667,86.40486111111112,1.351908784626723,0.369486689459936,,0.258745898787,0.0,0.0,0.0,
1.0,39.0,2020-08-11,teaching,1356939.4800000023,5880.349999999996,723.0,662.1940999999999,,0.00048800562571884107,,9.264305555555556,75.45347222222222,1.0588844737680039,0.3809959493531852,,0.3468425065194793,0.0,0.0,0.0,
1.0,39.0,2020-08-12,teaching,1356939.4800000023,5880.349999999996,723.0,666.2127,,0.0004909671432067102,,12.134722222222223,86.37013888888889,0.9117882392342526,0.37877135367969406,,0.40180505763591196,0.0,0.0,0.0,
1.0,39.0,2020-08-13,teaching,1356939.4800000023,5880.349999999996,723.0,671.0211,,0.0004945107058127596,,14.096527777777778,85.85555555555555,0.7258505821265001,0.37612660740613457,,0.48391278628590023,0.0,0.0,0.0,
1.0,39.0,2020-08-14,teaching,1356939.4800000023,5880.349999999996,723.0,665.6605,,0.0004905601980126622,,12.602430555555555,93.97222222222223,1.346508857066312,0.37907626617334006,,0.2601468871104244,0.0,0.0,0.0,
1.0,39.0,2020-08-15,teaching,1356939.4800000023,5880.349999999996,723.0,643.2544,,0.00047404796564692696,,10.826458333333333,94.16458333333334,1.498219914277609,0.39165767057282735,,0.22352770468744873,0.0,0.0,0.0,
1.0,39.0,2020-08-16,teaching,1356939.4800000023,5880.349999999996,723.0,650.6595,,0.0004795051729204599,,11.698472222222222,95.71180555555556,1.5202908195180147,0.3874540510372347,,0.21864829051465812,0.0,0.0,0.0,
1.0,39.0,2020-08-17,teaching,1356939.4800000023,5880.349999999996,723.0,664.4391,,0.0004896600841770769,,11.641041666666666,76.72152777777778,0.6251118809615047,0.3797515681230755,,0.5352015463056135,0.0,0.0,0.0,
1.0,39.0,2020-08-18,teaching,1356939.4800000023,5880.349999999996,723.0,679.3276,,0.0005006322021082317,,11.865208333333335,79.31805555555556,0.6317593562075303,0.37160124593046756,,0.5316556061073563,0.0,0.0,0.0,
1.0,39.0,2020-08-19,teaching,1356939.4800000023,5880.349999999996,723.0,666.658,,0.0004912953081739496,,10.046388888888888,90.27569444444444,1.3654045566491653,0.3785256476202376,,0.2552773809332978,0.0,0.0,0.0,
1.0,39.0,2020-08-20,teaching,1356939.4800000023,5880.349999999996,723.0,686.2483,,0.0005057324295701078,,11.062152777777778,74.1625,0.7358121520827887,0.3678724721515792,,0.4791161857136208,0.0,0.0,0.0,
1.0,39.0,2020-08-21,teaching,1356939.4800000023,5880.349999999996,723.0,677.1832999999999,,0.0004990519547710401,,9.153333333333332,72.19375,1.1067411987453901,0.37276421551266037,,0.3306346800561994,0.0,0.0,0.0,
1.0,39.0,2020-08-22,teaching,1356939.4800000023,5880.349999999996,723.0,650.7683,,0.0004795853533570995,,6.817569444444444,93.46875,1.950710777500511,0.3873926265387109,,0.14217298230777212,0.0,0.0,0.0,
1.0,39.0,2020-08-23,teaching,1356939.4800000023,5880.349999999996,723.0,657.2108000000001,,0.00048433317011308344,,8.26013888888889,89.05902777777777,1.552229425276895,0.38377273381126614,,0.2117753099091416,0.0,0.0,0.0,
1.0,39.0,2020-08-24,teaching,1356939.4800000023,5880.349999999996,723.0,650.9303,,0.00047970473966900786,,7.6275,87.32916666666667,1.5821857138848958,0.38730118531079916,,0.20552538722159983,0.0,0.0,0.0,
1.0,39.0,2020-08-25,teaching,1356939.4800000023,5880.349999999996,723.0,495.5665,,0.0003652089922241773,,7.6757638888888895,88.59930555555556,1.6217513984019416,0.48570567507435497,,0.1975524029580527,0.0,0.0,0.0,
1.0,39.0,2020-08-26,teaching,1356939.4800000023,5880.349999999996,723.0,28.7583,,2.1193502307118333e-05,,10.206527777777778,76.70902777777778,0.8879510784582907,0.9589586280250167,,0.4114980167421453,0.0,0.0,0.0,
1.0,39.0,2020-08-27,teaching,1356939.4800000023,5880.349999999996,723.0,688.0063,,0.000507027992140076,,12.065555555555557,63.989583333333336,0.9809768426937258,0.366931261274725,,0.37494465795330817,0.0,0.0,0.0,
1.0,39.0,2020-08-28,teaching,1356939.4800000023,5880.349999999996,723.0,652.2819,,0.0004807008047256454,,10.537708333333333,76.80902777777777,0.827793082549834,0.386539112732547,,0.43701267376792075,0.0,0.0,0.0,
1.0,39.0,2020-08-29,teaching,1356939.4800000023,5880.349999999996,723.0,601.6619000000001,,0.0004433962670170073,,13.158819444444445,64.9798611111111,0.8223800796065397,0.41613005602323383,,0.43938463859190685,0.0,0.0,0.0,
1.0,39.0,2020-08-30,teaching,1356939.4800000023,5880.349999999996,723.0,622.2502,,0.00045856886705072426,,14.983611111111113,58.86388888888889,1.1739235274264563,0.40383082394760467,,0.30915159384273205,0.0,0.0,0.0,
1.0,39.0,2020-08-31,teaching,1356939.4800000023,5880.349999999996,723.0,661.5004,,0.000487494401740009,,8.976111111111111,80.89722222222223,1.1687731725092578,0.3813812844139351,,0.310747941624317,0.0,0.0,0.0,
1.0,39.0,2020-09-01,teaching,1356939.4800000023,5880.349999999996,723.0,677.2869000000001,,0.0004991283030544582,,10.067638888888888,73.00694444444444,0.9302357786943437,0.3727079440591333,,0.39446069397899397,0.0,0.0,0.0,
1.0,39.0,2020-09-02,teaching,1356939.4800000023,5880.349999999996,723.0,652.2175,,0.00048065334498189916,,16.33451388888889,51.65277777777778,1.6935975986731995,0.3865753893375954,,0.1838568894595426,0.0,0.0,0.0,
1.0,39.0,2020-09-03,teaching,1356939.4800000023,5880.349999999996,723.0,668.4487999999999,,0.0004926150427873163,,14.879722222222222,55.509027777777774,1.4077715758762102,0.37753913465324124,,0.24468794457821327,0.0,0.0,0.0,
1.0,39.0,2020-09-04,teaching,1356939.4800000023,5880.349999999996,723.0,664.5239,,0.0004897225777526931,,12.45423611111111,61.40555555555556,1.1027869073196725,0.3797046440674988,,0.33194469431867923,0.0,0.0,0.0,
1.0,39.0,2020-09-05,teaching,1356939.4800000023,5880.349999999996,723.0,643.4395,,0.0004741843755625703,,12.327499999999999,68.25555555555556,0.7177167134490094,0.39155204199548854,,0.4878649206224022,0.0,0.0,0.0,
1.0,39.0,2020-09-06,teaching,1356939.4800000023,5880.349999999996,723.0,196.6024,,0.00014488663856990856,,12.027430555555556,70.45138888888889,0.6612315696998375,0.7508914701101274,,0.5162151878586846,0.0,0.0,0.0,
1.0,39.0,2020-09-07,teaching,1356939.4800000023,5880.349999999996,723.0,29.1715,,2.1498011097738827e-05,,17.01076388888889,52.00347222222222,1.6920213645280444,0.95838138806759,,0.184146919484096,0.0,0.0,0.0,
1.0,39.0,2020-09-08,teaching,1356939.4800000023,5880.349999999996,723.0,212.0075,,0.0001562394661845933,,17.008472222222224,70.26944444444445,0.5278841092261035,0.7342227182643037,,0.5898517120233417,0.0,0.0,0.0,
1.0,39.0,2020-09-11,teaching,1356939.4800000023,5880.349999999996,723.0,27.7043,,2.041675432717158e-05,,15.526597222222222,56.50694444444444,1.3413528762778124,0.9604326399264146,,0.26149166330352025,0.0,0.0,0.0,
1.0,39.0,2020-09-12,teaching,1356939.4800000023,5880.349999999996,723.0,218.506,,0.0001610285522829652,,13.992916666666666,81.1361111111111,0.42155969975536445,0.7273026054838216,,0.6560228228224443,0.0,0.0,0.0,
1.0,39.0,2020-09-13,teaching,1356939.4800000023,5880.349999999996,723.0,274.217,,0.0002020849153862039,,13.185208333333334,79.68888888888888,0.4358137776767302,0.670590793698181,,0.6467381518032752,0.0,0.0,0.0,
1.0,39.0,2020-09-18,teaching,1356939.4800000023,5880.349999999996,723.0,28.1446,,2.0741234531697723e-05,,13.227986111111111,88.49513888888889,0.9485925424692411,0.959816607994762,,0.38728572825493357,0.0,0.0,0.0,
1.0,39.0,2020-09-19,teaching,1356939.4800000023,5880.349999999996,723.0,227.6836,,0.0001677920079383346,,18.875416666666666,70.48680555555555,0.7985266649152745,0.717640531497579,,0.4499914641670808,0.0,0.0,0.0,
1.0,39.0,2020-09-20,teaching,1356939.4800000023,5880.349999999996,723.0,200.2274,,0.00014755809153699296,,18.840416666666666,68.94791666666667,0.8474295684325658,0.7469353855673445,,0.42851498598332644,0.0,0.0,0.0,
1.0,39.0,2020-09-25,teaching,1356939.4800000023,5880.349999999996,723.0,26.599400000000003,,1.960249546280425e-05,,7.278194444444445,92.90972222222223,1.860594079851013,0.9619802676590034,,0.15558017586034073,0.0,0.0,0.0,
1.0,39.0,2020-09-26,teaching,1356939.4800000023,5880.349999999996,723.0,212.8304,,0.00015684590443193505,,9.314444444444444,81.82986111111111,1.1324662100257237,0.7333428017679355,,0.32223757013466514,0.0,0.0,0.0,
1.0,39.0,2020-09-27,teaching,1356939.4800000023,5880.349999999996,723.0,216.1433,,0.0001592873545104603,,9.795277777777779,73.73819444444445,0.9708416373028862,0.7298110154645782,,0.37876412190235065,0.0,0.0,0.0,
1.0,39.0,2020-09-28,teaching,1356939.4800000023,5880.349999999996,723.0,233.9041,,0.00017237622122985146,,8.776805555555557,80.62361111111112,1.198156016535025,0.7111647480575357,,0.30175012144518737,0.0,0.0,0.0,
1.0,39.0,2020-09-29,teaching,1356939.4800000023,5880.349999999996,723.0,208.3972,,0.00015357884641988576,,11.686874999999999,71.17569444444445,0.6896762895820433,0.7380956600825039,,0.5017384607475315,0.0,0.0,0.0,
1.0,39.0,2020-10-02,teaching,1356939.4800000023,5880.349999999996,723.0,28.692500000000003,,2.114501082981236e-05,,19.695069444444446,46.90347222222222,2.183911629362231,0.9590505826402668,,0.11260021775896256,0.0,0.0,0.0,
1.0,39.0,2020-10-03,teaching,1356939.4800000023,5880.349999999996,723.0,233.759,,0.0001722692894159138,,23.28659722222222,41.24722222222222,2.8428461673435823,0.711315135126141,,0.058259613161133615,0.0,0.0,0.0,
1.0,39.0,2020-10-04,teaching,1356939.4800000023,5880.349999999996,723.0,197.20530000000002,,0.00014533094725786863,,18.70268115942029,72.80724637681159,0.7083727814006819,0.7502320553909261,,0.49244486129419185,0.0,0.0,0.0,
1.0,39.0,2020-10-06,teaching,1356939.4800000023,5880.349999999996,723.0,30.515,,2.2488106838781012e-05,,10.071736111111111,88.17916666666666,1.257427236091432,0.9565069205046147,,0.2843847409164515,0.0,0.0,0.0,
1.0,39.0,2020-10-07,teaching,1356939.4800000023,5880.349999999996,723.0,211.425,,0.0001558101913285032,,12.082777777777778,99.70625,1.7555299267532827,0.7348462162124213,,0.17281563839201194,0.0,0.0,0.0,
1.0,39.0,2020-10-09,teaching,1356939.4800000023,5880.349999999996,723.0,27.8341,,2.0512410767206768e-05,,12.799652777777778,72.86111111111111,0.45392999500214753,0.9602509932413476,,0.6351271937675164,0.0,0.0,0.0,
1.0,39.0,2020-10-10,teaching,1356939.4800000023,5880.349999999996,723.0,222.4864,,0.00016396191818370532,,14.110277777777778,69.67361111111111,0.45287894594286576,0.7230962120882238,,0.6357950945438052,0.0,0.0,0.0,
1.0,39.0,2020-10-11,teaching,1356939.4800000023,5880.349999999996,723.0,190.0893,,0.00014008679296441406,,12.846944444444443,72.96527777777777,0.4429328622262194,0.758052153142848,,0.6421503181833829,0.0,0.0,0.0,
1.0,39.0,2020-10-16,teaching,1356939.4800000023,5880.349999999996,723.0,27.0688,,1.994842098632133e-05,,13.00763888888889,80.3125,0.488798510982498,0.9613224770490147,,0.6133629004323444,0.0,0.0,0.0,
1.0,39.0,2020-10-17,teaching,1356939.4800000023,5880.349999999996,723.0,216.0394,,0.00015921078514127956,,15.345555555555555,87.11458333333333,0.7958555532508763,0.7299215214457593,,0.45119504835416296,0.0,0.0,0.0,
1.0,39.0,2020-10-18,teaching,1356939.4800000023,5880.349999999996,723.0,188.701,,0.00013906368174946142,,12.011319444444444,71.05277777777778,0.6414962628231698,0.7595872957741912,,0.526504045949515,0.0,0.0,0.0,
1.0,39.0,2020-10-23,teaching,1356939.4800000023,5880.349999999996,723.0,26.1901,,1.9300860787100068e-05,,15.913055555555555,90.63333333333334,1.0516441612303093,0.9625542048611923,,0.34936286775936515,0.0,0.0,0.0,
1.0,39.0,2020-10-24,teaching,1356939.4800000023,5880.349999999996,723.0,214.70839999999998,,0.00015822990130702044,,12.518263888888889,87.9263888888889,0.9664229713455229,0.7313386276837845,,0.3804414570965234,0.0,0.0,0.0,
1.0,39.0,2020-10-25,teaching,1356939.4800000023,5880.349999999996,723.0,191.0129,,0.00014076744233280003,,10.626805555555556,67.95972222222223,0.9720136626238646,0.7570325815398423,,0.3783204608026104,0.0,0.0,0.0,
1.0,39.0,2020-10-30,teaching,1356939.4800000023,5880.349999999996,723.0,24.1467,,1.779497196146136e-05,,15.749166666666666,91.05972222222222,1.0767830003958991,0.9654246700807071,,0.34068976345409613,0.0,0.0,0.0,
1.0,39.0,2020-10-31,teaching,1356939.4800000023,5880.349999999996,723.0,201.5626,,0.00014854207057193124,,14.148055555555556,90.47222222222223,1.0397102567036574,0.7454834950417849,,0.3535571079213401,0.0,0.0,0.0,
1.0,39.0,2020-11-01,teaching,1356939.4800000023,5880.349999999996,723.0,201.9798,,0.0001488495271727223,,14.361736111111112,76.89027777777778,0.14537015016154112,0.7450304125618403,,0.864702164220745,0.0,0.0,0.0,
1.0,39.0,2020-11-02,teaching,1356939.4800000023,5880.349999999996,723.0,212.9425,,0.00015692851681196543,,18.107222222222223,71.46041666666666,0.641771504415602,0.733223016303795,,0.5263591500790857,0.0,0.0,0.0,
1.0,39.0,2020-11-03,teaching,1356939.4800000023,5880.349999999996,723.0,30.254800000000003,,2.229635178718505e-05,,22.253333333333334,59.859027777777776,1.7306667188420275,0.956869668225712,,0.17716625050730014,0.0,0.0,0.0,
1.0,39.0,2020-11-04,teaching,1356939.4800000023,5880.349999999996,723.0,236.5083,,0.0001742953930414049,,18.179861111111112,72.11319444444445,0.6343206428601892,0.7084710574765133,,0.5302956260924294,0.0,0.0,0.0,
1.0,39.0,2020-11-05,teaching,1356939.4800000023,5880.349999999996,723.0,231.0369,,0.00017026323089958264,,11.727361111111112,71.66805555555555,0.6678674663019586,0.7141423233075883,,0.5128009779483352,0.0,0.0,0.0,
1.0,39.0,2020-11-06,teaching,1356939.4800000023,5880.349999999996,723.0,230.36040000000003,,0.000169764682504484,,11.924375,78.42569444444445,0.599436555789268,0.7148466815528566,,0.5491209479649743,0.0,0.0,0.0,
1.0,39.0,2020-11-07,teaching,1356939.4800000023,5880.349999999996,723.0,216.581,,0.00015960991863837556,,12.308611111111112,67.98402777777778,0.7338860832741504,0.7293456700796859,,0.4800398857239695,0.0,0.0,0.0,
1.0,39.0,2020-11-08,teaching,1356939.4800000023,5880.349999999996,723.0,223.75310000000002,,0.00016489541596947244,,14.25340277777778,68.94513888888889,0.4922511941414523,0.7217627028182605,,0.6112488044277116,0.0,0.0,0.0,
1.0,39.0,2020-11-09,teaching,1356939.4800000023,5880.349999999996,723.0,242.743,,0.00017889007105902733,,19.524583333333336,62.696527777777774,1.2294474289925965,0.7020634890774617,,0.2924541347167214,0.0,0.0,0.0,
1.0,39.0,2020-11-10,teaching,1356939.4800000023,5880.349999999996,723.0,245.7231,,0.00018108626333136063,,23.259305555555557,51.58958333333333,2.2642640171667057,0.6990212628124909,,0.10390647979154476,0.0,0.0,0.0,
1.0,39.0,2020-11-11,teaching,1356939.4800000023,5880.349999999996,723.0,241.11769999999999,,0.00017769230209146804,,22.88215277777778,55.454166666666666,2.022092705930581,0.7037282476826372,,0.1323781464759762,0.0,0.0,0.0,
1.0,39.0,2020-11-12,teaching,1356939.4800000023,5880.349999999996,723.0,213.1189,,0.00015705851524048782,,21.18763888888889,59.96041666666667,1.5796873043555073,0.7330345621136589,,0.20603951579199065,0.0,0.0,0.0,
1.0,39.0,2020-11-13,teaching,1356939.4800000023,5880.349999999996,723.0,27.6982,,2.041225891666145e-05,,16.994097222222223,67.21875,0.6950991118576862,0.9604411773262578,,0.4990249862406356,0.0,0.0,0.0,
1.0,39.0,2020-11-14,teaching,1356939.4800000023,5880.349999999996,723.0,217.55919999999998,,0.00016033080561558987,,16.48763888888889,70.29097222222222,0.4651636609717793,0.7283067586710453,,0.6280323123997301,0.0,0.0,0.0,
1.0,39.0,2020-11-15,teaching,1356939.4800000023,5880.349999999996,723.0,194.68560000000002,,0.0001434740479361686,,22.028055555555557,55.009027777777774,1.9356411447816702,0.7529918004040642,,0.14433170163489514,0.0,0.0,0.0,
1.0,39.0,2020-11-17,teaching,1356939.4800000023,5880.349999999996,723.0,30.045099999999998,,2.2141812838992604e-05,,15.599513888888888,62.925,0.8975407721376003,0.9571621134420192,,0.4075707376106081,0.0,0.0,0.0,
1.0,39.0,2020-11-18,teaching,1356939.4800000023,5880.349999999996,723.0,247.8638,,0.0001826638576393986,,19.26083333333333,55.725,1.5967913391037882,0.6968440748238287,,0.20254537588279942,0.0,0.0,0.0,
1.0,39.0,2020-11-19,teaching,1356939.4800000023,5880.349999999996,723.0,252.14770000000001,,0.00018582088863683117,,24.986319444444447,38.544444444444444,3.173584233934255,0.6925074982332708,,0.04185331666492183,0.0,0.0,0.0,
1.0,39.0,2020-11-20,teaching,1356939.4800000023,5880.349999999996,723.0,245.39890000000003,,0.00018084734331703548,,19.249791666666667,63.918055555555554,1.1327184240711887,0.6993515813400004,,0.32215630754171504,0.0,0.0,0.0,
1.0,39.0,2020-11-21,teaching,1356939.4800000023,5880.349999999996,723.0,234.23680000000002,,0.00017262140534078912,,19.668819444444445,75.70277777777778,0.8565529073470919,0.7108200453502427,,0.42462327821463425,0.0,0.0,0.0,
1.0,39.0,2020-11-22,teaching,1356939.4800000023,5880.349999999996,723.0,236.1599,,0.00017403863877554773,,21.094930555555557,82.58611111111111,1.2169476241766501,0.7088308378388186,,0.29613269707772794,0.0,0.0,0.0,
1.0,39.0,2020-11-23,teaching,1356939.4800000023,5880.349999999996,723.0,245.55130000000003,,0.00018095965488453442,,16.651319444444447,91.41666666666667,1.1338496872033443,0.6991962857044789,,0.3217920700512685,0.0,0.0,0.0,
1.0,39.0,2020-11-24,teaching,1356939.4800000023,5880.349999999996,723.0,246.8802,,0.000181938991118454,,16.409583333333334,71.875,0.37087218934794514,0.6978435968237715,,0.6901321421612744,0.0,0.0,0.0,
1.0,39.0,2020-11-25,teaching,1356939.4800000023,5880.349999999996,723.0,217.8713,,0.00016056080850414907,,20.91326388888889,66.85347222222222,1.2489573767115008,0.7279755998715294,,0.2868036692122261,0.0,0.0,0.0,
1.0,39.0,2020-11-26,teaching,1356939.4800000023,5880.349999999996,723.0,78.3003,,5.770360517478632e-05,,17.41722222222222,70.54583333333333,0.5703363845251475,0.8921676265195995,,0.565335236685682,0.0,0.0,0.0,
1.0,39.0,2020-11-27,teaching,1356939.4800000023,5880.349999999996,723.0,251.4766,,0.00018532631978546277,,22.168541666666666,56.12986111111111,1.8960636636738804,0.693185063351216,,0.1501585318973621,0.0,0.0,0.0,
1.0,39.0,2020-11-28,teaching,1356939.4800000023,5880.349999999996,723.0,227.6722,,0.00016778360667934846,,19.53909722222222,78.08402777777778,0.8487907367290611,0.7176524533121712,,0.42793210176159063,0.0,0.0,0.0,
1.0,39.0,2020-11-29,teaching,1356939.4800000023,5880.349999999996,723.0,221.6497,,0.0001633453099912751,,15.774166666666666,83.18541666666667,0.5383207515503129,0.7239783928591386,,0.5837276535721693,0.0,0.0,0.0,
1.0,39.0,2020-11-30,teaching,1356939.4800000023,5880.349999999996,723.0,242.5525,,0.00017874968159965366,,19.143055555555556,67.375,0.9565631921716881,0.702258410061611,,0.38421107913381725,0.0,0.0,0.0,
1.0,39.0,2020-12-01,teaching,1356939.4800000023,5880.349999999996,723.0,245.27479999999997,,0.00018075588750649332,,21.107420494699646,63.41224970553593,1.411446016353543,0.69947806474781,,0.24379050309772526,0.0,0.0,0.0,
1.0,39.0,2020-12-02,teaching,1356939.4800000023,5880.349999999996,723.0,236.88549999999998,,0.0001745733715404902,,14.689583333333333,53.104166666666664,1.576172793842285,0.7080817422499402,,0.20676491780621625,0.0,0.0,0.0,
1.0,39.0,2020-12-03,teaching,1356939.4800000023,5880.349999999996,723.0,235.542,,0.00017358327579944803,,16.160416666666666,60.166666666666664,1.1034867082885726,0.7094693707441306,,0.3317124803612267,0.0,0.0,0.0,
1.0,39.0,2020-12-04,teaching,1356939.4800000023,5880.349999999996,723.0,238.6087,,0.00017584328816197433,,16.741666666666667,62.458333333333336,0.9767041748950598,0.706305914389424,,0.37655009923589333,0.0,0.0,0.0,
1.0,39.0,2020-12-05,teaching,1356939.4800000023,5880.349999999996,723.0,214.1843,,0.00015784366447942075,,18.581481481481482,62.666666666666664,1.1212800321644547,0.7318973878921906,,0.32586241317913617,0.0,0.0,0.0,
1.0,39.0,2020-12-06,teaching,1356939.4800000023,5880.349999999996,723.0,206.1963,,0.00015195688756878065,,15.614,56.8,1.3222376607608177,0.7404666872511981,,0.2665382120742647,0.0,0.0,0.0,
1.0,39.0,2020-12-07,teaching,1356939.4800000023,5880.349999999996,723.0,236.2855,,0.00017413120001490384,,13.706,65.94,0.7225216614817996,0.7087011141036311,,0.48552637781937297,0.0,0.0,0.0,
1.0,39.0,2020-12-08,teaching,1356939.4800000023,5880.349999999996,723.0,237.8696,,0.00017529860653770616,,13.183333333333332,72.16666666666667,0.41834879163135263,0.7070670409667968,,0.658132637231225,0.0,0.0,0.0,
1.0,39.0,2020-12-09,teaching,1356939.4800000023,5880.349999999996,723.0,240.6332,,0.00017733524858455705,,17.008333333333333,64.5,0.8632080947994564,0.704225273595413,,0.4218067134804373,0.0,0.0,0.0,
1.0,39.0,2020-12-10,teaching,1356939.4800000023,5880.349999999996,723.0,242.1674,,0.00017846588117548145,,14.960416666666667,68.64583333333333,0.4927762550336414,0.7026526124733637,,0.6109279458276321,0.0,0.0,0.0,
1.0,39.0,2020-12-11,teaching,1356939.4800000023,5880.349999999996,723.0,241.67790000000002,,0.00017810514290585725,,16.329166666666666,57.5,1.2917235766633475,0.7031540019447153,,0.2747967414328397,0.0,0.0,0.0,
1.0,39.0,2020-12-12,teaching,1356939.4800000023,5880.349999999996,723.0,196.0685,,0.00014449317960739093,,19.864583333333332,58.416666666666664,1.4996232799264293,0.7514759007703199,,0.22321423359385978,0.0,0.0,0.0,
1.0,39.0,2020-12-13,teaching,1356939.4800000023,5880.349999999996,723.0,117.3456,,8.647813828808328e-05,,22.973055555555554,51.12847222222222,2.253598930536769,0.8428223549639386,,0.1050205818371602,0.0,0.0,0.0,
1.0,39.0,2020-12-14,teaching,1356939.4800000023,5880.349999999996,723.0,57.8714,,4.264847537636675e-05,,25.517916666666668,44.69513888888889,2.8992960648137656,0.9191263171903163,,0.055061966472947844,0.0,0.0,0.0,
1.0,39.0,2020-12-15,teaching,1356939.4800000023,5880.349999999996,723.0,56.2366,,4.1443705359652376e-05,,22.616180555555555,62.09791666666667,1.690412950755294,0.921318537428318,,0.18444334224692724,0.0,0.0,0.0,
1.0,39.0,2020-12-16,teaching,1356939.4800000023,5880.349999999996,723.0,80.50739999999999,,5.933013313165584e-05,,18.882916666666667,74.40069444444444,0.7177882526178597,0.8893028074077236,,0.4878300204198503,0.0,0.0,0.0,
1.0,39.0,2020-12-17,teaching,1356939.4800000023,5880.349999999996,723.0,59.510999999999996,,4.385678276528581e-05,,20.75,79.45555555555555,1.0871600728645083,0.9169328995246646,,0.33717268115930515,0.0,0.0,0.0,
1.0,39.0,2020-12-18,teaching,1356939.4800000023,5880.349999999996,723.0,55.5208,,4.0916194729627814e-05,,15.42013888888889,68.75347222222223,0.4908539759798096,0.9222800500095256,,0.6121034492821588,0.0,0.0,0.0,
1.0,39.0,2020-12-19,teaching,1356939.4800000023,5880.349999999996,723.0,55.0954,,4.0602695117987064e-05,,14.52611111111111,62.980555555555554,0.891779965472536,0.9228519523356388,,0.40992544984114804,0.0,0.0,0.0,
1.0,39.0,2020-12-20,teaching,1356939.4800000023,5880.349999999996,723.0,54.1888,,3.993457394282603e-05,,14.824930555555557,65.48958333333333,0.7133446718348697,0.9240719573200478,,0.4900025558675373,0.0,0.0,0.0,
1.0,39.0,2020-12-21,teaching,1356939.4800000023,5880.349999999996,723.0,56.1974,,4.141481681998073e-05,,15.646041666666665,79.69583333333334,0.30020792450435674,0.9213711676532711,,0.7406642024330031,0.0,0.0,0.0,
1.0,39.0,2020-12-22,teaching,1356939.4800000023,5880.349999999996,723.0,53.242,,3.9236827275450714e-05,,15.214166666666667,95.35833333333333,1.3681376932120426,0.9253477808825793,,0.2545806255872815,0.0,0.0,0.0,
1.0,39.0,2020-12-23,teaching,1356939.4800000023,5880.349999999996,723.0,53.6152,,3.951185796436545e-05,,16.09951388888889,69.91111111111111,0.45107498905762056,0.9248446795343906,,0.6369430766259839,0.0,0.0,0.0,
1.0,39.0,2020-12-24,teaching,1356939.4800000023,5880.349999999996,723.0,53.3498,,3.931627075954774e-05,,15.853819444444444,64.6048611111111,0.7893191020933389,0.9252024303647888,,0.4541539224835015,0.0,0.0,0.0,
1.0,39.0,2020-12-25,teaching,1356939.4800000023,5880.349999999996,723.0,53.6958,,3.957125633930255e-05,,15.515902777777779,62.78541666666667,0.9054981582288614,0.924736060663073,,0.4043404094215865,0.0,0.0,0.0,
1.0,39.0,2020-12-26,teaching,1356939.4800000023,5880.349999999996,723.0,51.938199999999995,,3.827598855035149e-05,,20.033611111111114,58.59513888888889,1.5085033177787557,0.927107549385507,,0.2212408575449162,0.0,0.0,0.0,
1.0,39.0,2020-12-27,teaching,1356939.4800000023,5880.349999999996,723.0,53.9572,,3.9763895733949685e-05,,20.532152777777778,60.24791666666667,1.4806225977658662,0.9243838782948686,,0.22749600577781168,0.0,0.0,0.0,
1.0,39.0,2020-12-28,teaching,1356939.4800000023,5880.349999999996,723.0,53.178,,3.91896623127215e-05,,14.241527777777778,61.93402777777778,0.9706158944572031,0.9254340851278862,,0.3788496348446759,0.0,0.0,0.0,
1.0,39.0,2020-12-29,teaching,1356939.4800000023,5880.349999999996,723.0,53.9452,,3.975505230343796e-05,,15.80013888888889,61.9875,0.967213126420918,0.9244000428721305,,0.38014096808040254,0.0,0.0,0.0,
1.0,39.0,2020-12-30,teaching,1356939.4800000023,5880.349999999996,723.0,53.6174,,3.9513479259959266e-05,,18.007569444444446,74.82916666666667,0.5542317819781851,0.9248417145819413,,0.5745134432936329,0.0,0.0,0.0,
1.0,39.0,2020-12-31,teaching,1356939.4800000023,5880.349999999996,723.0,53.3684,,3.9329978076840916e-05,,17.75909722222222,86.04097222222222,0.8784414935281398,0.9251773536425768,,0.41542985753755635,0.0,0.0,0.0,
1.0,39.0,2021-01-01,teaching,1356939.4800000023,5880.349999999996,723.0,80.5264,,5.9344135229966086e-05,,21.876041666666666,69.07083333333334,1.3450842545660497,0.8892781853583621,,0.26051775712468894,1.0,0.0,0.0,
1.0,39.0,2021-01-02,teaching,1356939.4800000023,5880.349999999996,723.0,77.4936,,5.710910555863543e-05,,21.231458333333332,74.53888888888889,1.1471577316916677,0.8932170257804294,,0.31753801621985284,0.0,0.0,0.0,
1.0,39.0,2021-01-03,teaching,1356939.4800000023,5880.349999999996,723.0,80.0214,,5.897197419593088e-05,,19.591458333333335,86.61527777777778,1.1336708572926164,0.8899328453051301,,0.3218496212442127,0.0,0.0,0.0,
1.0,39.0,2021-01-04,teaching,1356939.4800000023,5880.349999999996,723.0,69.82740000000001,,5.145947997621817e-05,,16.298402777777778,98.87569444444445,1.629802196701998,0.9032514435316442,,0.19596833347608494,0.0,0.0,0.0,
1.0,39.0,2021-01-05,teaching,1356939.4800000023,5880.349999999996,723.0,69.9293,,5.153457544031358e-05,,16.827708333333334,97.20138888888889,1.5327393637808073,0.9031173284711621,,0.2159433090645053,0.0,0.0,0.0,
1.0,39.0,2021-01-06,teaching,1356939.4800000023,5880.349999999996,723.0,52.6558,,3.8804825694952816e-05,,15.897152777777778,80.55625,0.37384646807808763,0.9261385746785499,,0.6880825463554123,0.0,0.0,0.0,
1.0,39.0,2021-01-07,teaching,1356939.4800000023,5880.349999999996,723.0,83.0603,,6.121149927777167e-05,,19.485694444444444,69.19166666666666,0.9400974813731632,0.8860006114473346,,0.39058975827666786,0.0,0.0,0.0,
1.0,39.0,2021-01-08,teaching,1356939.4800000023,5880.349999999996,723.0,80.9923,,5.968748141958392e-05,,19.70923611111111,66.80972222222222,1.063745674091214,0.8886746400514239,,0.3451605271462943,0.0,0.0,0.0,
1.0,39.0,2021-01-09,teaching,1356939.4800000023,5880.349999999996,723.0,52.023399999999995,,3.833877690698476e-05,,22.80034722222222,63.325694444444444,1.6728972658644223,0.9269924508764246,,0.18770245316592055,0.0,0.0,0.0,
1.0,39.0,2021-01-10,teaching,1356939.4800000023,5880.349999999996,723.0,47.483,4.915019074000031,3.499271758236404e-05,1.0725846833233017e-07,24.50027777777778,61.10625,2.0209116432156944,0.9331461290666159,0.7597730150465375,0.13253458573314678,0.0,0.0,0.0,27.151482894324786
1.0,39.0,2021-01-11,teaching,1356939.4800000023,5880.349999999996,723.0,88.6264,16.223999999999997,6.531345082538232e-05,3.5404977356629345e-07,28.771458333333335,41.52986111111111,3.475845973399855,0.8788432678501908,0.403783938668157,0.03093565201147134,0.0,0.0,0.0,9.812496865303775
1.0,39.0,2021-01-12,teaching,1356939.4800000023,5880.349999999996,723.0,85.7243,31.45299999999994,6.317474085137522e-05,6.863860655806588e-07,19.779791666666668,65.8013888888889,1.1163556863098303,0.8825677799697029,0.17236636554803084,0.3274710298444212,0.0,0.0,0.0,35.94333732595128
1.0,39.0,2021-01-13,teaching,1356939.4800000023,5880.349999999996,723.0,80.6743,,5.945313051102313e-05,,21.245416666666667,63.670833333333334,1.4210027819823934,0.889086545448066,,0.24147175192577547,0.0,0.0,0.0,
1.0,39.0,2021-01-14,teaching,1356939.4800000023,5880.349999999996,723.0,106.31800000000001,,7.835132042882254e-05,,18.174444444444443,64.39444444444445,0.9799111347206872,0.8564756715945668,,0.375344452458995,0.0,0.0,0.0,
1.0,39.0,2021-01-15,teaching,1356939.4800000023,5880.349999999996,723.0,81.4177,,6.000098103122466e-05,,15.091041666666666,60.90555555555556,1.0318154563745496,0.8881239178120476,,0.35635941797733856,0.0,0.0,0.0,
1.0,39.0,2021-01-16,teaching,1356939.4800000023,5880.349999999996,723.0,80.9374,,5.964702272499276e-05,,14.909097222222222,73.11944444444444,0.18217830289820097,0.8887457383895045,,0.8334527201309024,0.0,0.0,0.0,
1.0,39.0,2021-01-17,teaching,1356939.4800000023,5880.349999999996,723.0,110.918,,8.174130212498484e-05,,16.29083333333333,63.09861111111111,0.9097943923322657,0.8507537087753313,,0.40260699460938704,0.0,0.0,0.0,
1.0,39.0,2021-01-18,teaching,1356939.4800000023,5880.349999999996,723.0,82.70570000000001,,6.095017590615012e-05,,17.09798611111111,70.46458333333334,0.5299901719506669,0.8864585549591465,,0.5886107545454619,0.0,0.0,0.0,
1.0,39.0,2021-01-19,teaching,1356939.4800000023,5880.349999999996,723.0,53.971000000000004,,3.977406567903818e-05,,16.07340277777778,57.28125,1.298804335231606,0.924365289380459,,0.2728578445825412,0.0,0.0,0.0,
1.0,39.0,2021-01-20,teaching,1356939.4800000023,5880.349999999996,723.0,184.3664,,0.00013586928725811684,,17.725555555555555,59.01111111111111,1.2660687756236935,0.7644004080825666,,0.28193780680168684,0.0,0.0,0.0,
1.0,39.0,2021-01-21,teaching,1356939.4800000023,5880.349999999996,723.0,590.3552,,0.00043506376570309454,,22.792222222222225,56.3375,1.967568481625397,0.42304318438655236,,0.1397963607118428,0.0,0.0,0.0,
1.0,39.0,2021-01-22,teaching,1356939.4800000023,5880.349999999996,723.0,435.10580000000004,,0.0003206523256291425,,20.860555555555557,64.4875,1.3302493165725549,0.5304404740800717,,0.2644113309546234,0.0,0.0,0.0,
1.0,39.0,2021-01-23,teaching,1356939.4800000023,5880.349999999996,723.0,244.9435,,0.0001805117351291154,,21.766875,66.875,1.3870523923829687,0.6998158396054339,,0.2498105639925095,0.0,0.0,0.0,
1.0,39.0,2021-01-24,teaching,1356939.4800000023,5880.349999999996,723.0,285.94640000000004,,0.00021072892653989223,,27.22236111111111,52.42986111111111,2.771268603259031,0.6592261964019572,,0.06258256192008564,0.0,0.0,0.0,
1.0,39.0,2021-01-25,teaching,1356939.4800000023,5880.349999999996,723.0,289.11580000000004,,0.00021306462392854805,,28.009236111111115,42.954861111111114,3.3057311033228265,0.6561885589365272,,0.03667239072636386,0.0,0.0,0.0,
1.0,39.0,2021-01-26,teaching,1356939.4800000023,5880.349999999996,723.0,290.12260000000003,,0.000213806587748482,,18.166458333333335,87.62986111111111,1.0120939937029614,0.6552265474426057,,0.3634571052801753,0.0,0.0,0.0,
1.0,39.0,2021-01-27,teaching,1356939.4800000023,5880.349999999996,723.0,286.032,,0.0002107920096775425,,18.612291666666668,52.67638888888889,1.736024133734797,0.6591439706069934,,0.1762196353674963,0.0,0.0,0.0,
1.0,39.0,2021-01-28,teaching,1356939.4800000023,5880.349999999996,723.0,255.1645,,0.0001880441270674795,,20.39986111111111,67.62222222222222,1.1403390643126243,0.6894698066289261,,0.3197106009813642,0.0,0.0,0.0,
1.0,39.0,2021-01-29,teaching,1356939.4800000023,5880.349999999996,723.0,90.313,,6.655639498380565e-05,,18.906180555555558,92.93819444444445,1.396691179961069,0.8766859363449856,,0.2474142603150788,0.0,0.0,0.0,
1.0,39.0,2021-01-30,teaching,1356939.4800000023,5880.349999999996,723.0,264.69870000000003,,0.00019507037999955576,,18.45486111111111,80.66944444444445,0.7208343778658279,0.6799569047612511,,0.4863462900394983,0.0,0.0,0.0,
1.0,39.0,2021-01-31,teaching,1356939.4800000023,5880.349999999996,723.0,257.3559,,0.00018965908486942953,,18.66263888888889,58.91041666666667,1.3495009541720664,0.687271589391044,,0.2593696657032406,0.0,0.0,0.0,
1.0,39.0,2021-02-01,teaching,1356939.4800000023,5880.349999999996,723.0,281.5663,,0.00020750100070785732,,16.475833333333334,79.79583333333333,0.39090973821590935,0.6634473598827518,,0.6764412100742784,0.0,0.0,0.0,
1.0,39.0,2021-02-02,teaching,1356939.4800000023,5880.349999999996,723.0,244.6598,,0.0001803026616927673,,15.945416666666668,67.40277777777777,0.6039949330511509,0.7001052138165822,,0.5466235439011172,0.0,0.0,0.0,
1.0,39.0,2021-02-03,teaching,1356939.4800000023,5880.349999999996,723.0,28.9756,,2.135364209463487e-05,,18.380277777777778,67.16875,0.8592253432239947,0.9586550168281395,,0.423490014693284,0.0,0.0,0.0,
1.0,39.0,2021-02-04,teaching,1356939.4800000023,5880.349999999996,723.0,31.5901,,2.3280404517377552e-05,,21.830833333333334,61.890277777777776,1.5816166461320704,0.9550095689711838,,0.20564237837664426,0.0,0.0,0.0,
1.0,39.0,2021-02-05,teaching,1356939.4800000023,5880.349999999996,723.0,28.406,,2.093387392634486e-05,,23.01534722222222,73.56597222222223,1.480206406987431,0.9594510653275892,,0.2275907072231144,0.0,0.0,0.0,
1.0,39.0,2021-02-06,teaching,1356939.4800000023,5880.349999999996,723.0,28.719700000000003,,2.1165055938972277e-05,,19.50875,63.71319444444445,1.1761327736704779,0.9590125699369395,,0.3084693557386734,0.0,0.0,0.0,
1.0,39.0,2021-02-07,teaching,1356939.4800000023,5880.349999999996,723.0,26.342399999999998,,1.9413098659344744e-05,,16.530416666666667,75.03263888888888,0.282912507921915,0.9623406035803179,,0.7535857177559651,0.0,0.0,0.0,
1.0,39.0,2021-02-08,teaching,1356939.4800000023,5880.349999999996,723.0,89.893,,6.624687491589517e-05,,16.11722222222222,61.68055555555556,0.9985538273399984,0.8772226630251351,,0.36841184324131043,0.0,0.0,0.0,
1.0,39.0,2021-02-09,teaching,1356939.4800000023,5880.349999999996,723.0,30.9456,,2.2805438603643506e-05,,18.80826388888889,67.67083333333333,0.8953441151557116,0.955906918310051,,0.408467014763326,0.0,0.0,0.0,
1.0,39.0,2021-02-10,teaching,1356939.4800000023,5880.349999999996,723.0,91.9791,3.2179999999999787,6.778423161510478e-05,7.022510918000032e-08,22.52402777777778,66.40833333333333,1.5267163375354564,0.8745600259869869,0.8353729340193041,0.21724786602916188,0.0,0.0,0.0,36.89550011737149
1.0,39.0,2021-02-11,teaching,1356939.4800000023,5880.349999999996,723.0,59.895399999999995,14.110000000000017,4.414006732267816e-05,3.0791680874139596e-07,25.878541666666667,56.418055555555554,2.4094737624183833,0.9164194163128709,0.4544311891427584,0.08986257119393205,0.0,0.0,0.0,19.452252393463123
1.0,39.0,2021-02-12,teaching,1356939.4800000023,5880.349999999996,723.0,60.7425,25.38600000000005,4.476433982155188e-05,5.539883846002185e-07,19.962847222222223,71.72083333333333,0.9523163994817486,0.9152888712262628,0.24195463459648872,0.3858462135169453,0.0,0.0,0.0,42.53791770504721
1.0,39.0,2021-02-13,teaching,1356939.4800000023,5880.349999999996,723.0,55.5594,,4.094464109777387e-05,,17.46472222222222,64.99166666666666,0.8726283344144042,0.9222281742043639,,0.41785185029415883,0.0,0.0,0.0,
1.0,39.0,2021-02-14,teaching,1356939.4800000023,5880.349999999996,723.0,56.2483,,4.145232770440131e-05,,16.029166666666665,72.99861111111112,0.2659473286806621,0.9213028294998622,,0.7664794979242292,0.0,0.0,0.0,
1.0,39.0,2021-02-15,teaching,1356939.4800000023,5880.349999999996,723.0,89.93969999999999,,6.628129059963664e-05,,18.83548611111111,72.74861111111112,0.7329716773662408,0.8771629678965601,,0.4804790377825268,0.0,0.0,0.0,
1.0,39.0,2021-02-16,teaching,1356939.4800000023,5880.349999999996,723.0,59.309200000000004,,4.3708065742180263e-05,,22.672430555555554,62.170833333333334,1.6961627836165385,0.9172025800096985,,0.18338586692321507,0.0,0.0,0.0,
1.0,39.0,2021-02-17,teaching,1356939.4800000023,5880.349999999996,723.0,61.2684,,4.5151903163728344e-05,,24.156875,60.59930555555555,1.9850577897814468,0.914587703533805,,0.13737267515068718,0.0,0.0,0.0,
1.0,39.0,2021-02-18,teaching,1356939.4800000023,5880.349999999996,723.0,95.85249999999999,,7.063874359378196e-05,,24.560555555555553,57.327777777777776,2.174354757387699,0.8696375475422401,,0.11368148214740176,0.0,0.0,0.0,
1.0,39.0,2021-02-19,teaching,1356939.4800000023,5880.349999999996,723.0,31.341900000000003,,2.309749289629332e-05,,26.08465277777778,44.75486111111111,2.966853838268504,0.9553550426676258,,0.05146497301871453,0.0,0.0,0.0,
1.0,39.0,2021-02-20,teaching,1356939.4800000023,5880.349999999996,723.0,84.85900000000001,,6.25370558162254e-05,,23.06951388888889,69.8236111111111,1.5383765066549533,0.8836813449271406,,0.2147294303968222,0.0,0.0,0.0,
1.0,39.0,2021-02-21,teaching,1356939.4800000023,5880.349999999996,723.0,209.5226,,0.0001544082128113773,,18.750486111111112,83.85694444444445,0.8909392329317484,0.7368862030517015,,0.41027023242078503,0.0,0.0,0.0,
1.0,39.0,2021-02-22,teaching,1356939.4800000023,5880.349999999996,723.0,60.2786,,4.4422467537019336e-05,,17.580416666666665,63.27708333333333,0.9868264653497006,0.9159078222724736,,0.3727577756414733,0.0,0.0,0.0,
1.0,39.0,2021-02-23,teaching,1356939.4800000023,5880.349999999996,723.0,52.734399999999994,,3.8862750164804625e-05,,15.696666666666667,53.733333333333334,1.536335101046476,0.9260325027185937,,0.21516822798988836,0.0,0.0,0.0,
1.0,39.0,2021-02-24,teaching,1356939.4800000023,5880.349999999996,723.0,62.4454,,4.6019296306420305e-05,,14.98,62.7125,0.9059062220819326,0.9130203882145153,,0.4041754463761826,0.0,0.0,0.0,
1.0,39.0,2021-02-25,teaching,1356939.4800000023,5880.349999999996,723.0,59.9194,,4.415775418370162e-05,,15.400347222222223,71.57291666666667,0.2973751261881286,0.9163873665459876,,0.7427653293678833,0.0,0.0,0.0,
1.0,39.0,2021-02-26,teaching,1356939.4800000023,5880.349999999996,723.0,61.433,,4.5273205552247544e-05,,15.329305555555557,68.02708333333334,0.5388636790822597,0.9143683573662581,,0.5834108177751077,0.0,0.0,0.0,
1.0,39.0,2021-02-27,teaching,1356939.4800000023,5880.349999999996,723.0,61.3364,,4.5202015936628135e-05,,14.256319444444443,76.22777777777777,0.1441877975721109,0.9144970802700375,,0.8657251517104766,0.0,0.0,0.0,
1.0,39.0,2021-02-28,teaching,1356939.4800000023,5880.349999999996,723.0,58.6344,,4.32107701664041e-05,,18.655555555555555,66.22291666666666,0.9414886836115558,0.9181049420829652,,0.3900467467376751,0.0,0.0,0.0,
1.0,39.0,2021-03-01,teaching,1356939.4800000023,5880.349999999996,723.0,63.66499999999999,,4.6918083627428896e-05,,17.38340277777778,71.1451388888889,0.5398889529156684,0.9113991793384036,,0.5828129684615151,0.0,0.0,0.0,
1.0,39.0,2021-03-02,teaching,1356939.4800000023,5880.349999999996,723.0,60.946,,4.491430966397993e-05,,14.763819444444445,55.06736111111111,1.4390548699990504,0.9150174866580979,,0.23715179206857048,0.0,0.0,0.0,
1.0,39.0,2021-03-03,teaching,1356939.4800000023,5880.349999999996,723.0,56.4026,,4.1566039481731274e-05,,15.103402777777779,59.00555555555555,1.1641546375867566,0.9210956978559688,,0.3121864612142143,0.0,0.0,0.0,
1.0,39.0,2021-03-04,teaching,1356939.4800000023,5880.349999999996,723.0,61.462599999999995,,4.52950193475098e-05,,16.349166666666665,66.34305555555555,0.697651697699894,0.9143289179499667,,0.4977528064906203,0.0,0.0,0.0,
1.0,39.0,2021-03-05,teaching,1356939.4800000023,5880.349999999996,723.0,62.6966,,4.6204418785132474e-05,,15.387152777777779,65.35694444444445,0.7249490868420371,0.9126862335169518,,0.48434922807637854,0.0,0.0,0.0,
1.0,39.0,2021-03-06,teaching,1356939.4800000023,5880.349999999996,723.0,61.288399999999996,,4.516664221458122e-05,,16.33798611111111,61.99236111111111,0.9865342925881047,0.9145610487005124,,0.37286670122195775,0.0,0.0,0.0,
1.0,39.0,2021-03-07,teaching,1356939.4800000023,5880.349999999996,723.0,55.62259999999999,,4.099121649846896e-05,,18.938263888888887,63.65138888888889,1.1080701615042041,0.9221432439526375,,0.3301955707242344,0.0,0.0,0.0,
1.0,39.0,2021-03-08,teaching,1356939.4800000023,5880.349999999996,723.0,86.4897,,6.373880432751493e-05,,16.807916666666667,93.38680555555555,1.2738129706294699,0.8815839471706829,,0.2797628579301674,0.0,0.0,0.0,
1.0,39.0,2021-03-09,teaching,1356939.4800000023,5880.349999999996,723.0,88.7993,,6.544086992000547e-05,,15.597222222222221,84.96458333333334,0.6526437433417556,0.8786218673187235,,0.520667444495794,0.0,0.0,0.0,
1.0,39.0,2021-03-10,teaching,1356939.4800000023,5880.349999999996,723.0,53.1638,3.0369999999999604,3.917919758661596e-05,6.627521957105642e-08,16.520069444444445,75.61319444444445,0.27702703898668973,0.925453234973387,0.8438676223384907,0.7580340003621577,0.0,0.0,0.0,80.54603385076364
1.0,39.0,2021-03-11,teaching,1356939.4800000023,5880.349999999996,723.0,60.5744,18.206000000000092,4.464045809913342e-05,3.9730215591395297e-07,17.696527777777778,82.92986111111111,0.7040165305025959,0.9155131075859337,0.3614384556066499,0.49459475399961583,0.0,0.0,0.0,53.200054698739045
1.0,39.0,2021-03-12,teaching,1356939.4800000023,5880.349999999996,723.0,65.35040000000001,24.27399999999995,4.8160143442801074e-05,5.297216594889171e-07,21.968194444444446,69.13194444444444,1.3595812461258685,0.9091635213699127,0.2574712023200917,0.25676827715473477,0.0,0.0,0.0,33.448779489218964
1.0,39.0,2021-03-13,teaching,1356939.4800000023,5880.349999999996,723.0,57.4046,,4.230446592946054e-05,,19.603819444444444,72.89791666666666,0.8671546759235564,0.9197517500766025,,0.42014529967562314,0.0,0.0,0.0,
1.0,39.0,2021-03-14,teaching,1356939.4800000023,5880.349999999996,723.0,57.6448,,4.248148193020362e-05,,13.429236111111111,71.85347222222222,0.397239550025478,0.9194298696512235,,0.672172987288827,0.0,0.0,0.0,
1.0,39.0,2021-03-15,teaching,1356939.4800000023,5880.349999999996,723.0,59.9474,,4.4178388854895653e-05,,14.424513888888889,78.83472222222223,0.24267570408821543,0.9163499765679436,,0.78452589106173,0.0,0.0,0.0,
1.0,39.0,2021-03-16,teaching,1356939.4800000023,5880.349999999996,723.0,62.1242,,4.5782587149723064e-05,,18.03875,78.90833333333333,0.5991467133315115,0.9134478375044238,,0.5492801295978216,0.0,0.0,0.0,
1.0,39.0,2021-03-17,teaching,1356939.4800000023,5880.349999999996,723.0,93.0303,,6.855891612793213e-05,,19.29513888888889,72.64722222222223,0.8163156086178911,0.8732213689381003,,0.44205737014556007,0.0,0.0,0.0,
1.0,39.0,2021-03-18,teaching,1356939.4800000023,5880.349999999996,723.0,31.274700000000003,,2.3047969685427642e-05,,18.663958333333333,74.90694444444445,0.6739598205556423,0.9554486009593292,,0.5096863101925777,0.0,0.0,0.0,
1.0,39.0,2021-03-19,teaching,1356939.4800000023,5880.349999999996,723.0,61.104,,4.503074816571767e-05,,19.032013888888887,77.55694444444444,0.7503130101873381,0.9148068357037853,,0.47221872033558043,0.0,0.0,0.0,
1.0,39.0,2021-03-21,teaching,1356939.4800000023,5880.349999999996,723.0,118.44820000000001,,8.729070216160253e-05,,18.500833333333333,97.79166666666667,1.66562288324174,0.8414692480034639,,0.1890728509854422,0.0,0.0,0.0,
1.0,39.0,2021-03-22,teaching,1356939.4800000023,5880.349999999996,723.0,59.1624,,4.3599881108920126e-05,,18.949930555555557,94.05902777777777,1.468209003553596,0.9173988097016005,,0.23033764989622205,0.0,0.0,0.0,
1.0,39.0,2021-03-23,teaching,1356939.4800000023,5880.349999999996,723.0,59.8226,,4.408641717757368e-05,,18.702222222222222,96.44652777777777,1.5950006770580263,0.9165166407961002,,0.20290839112174275,0.0,0.0,0.0,
1.0,39.0,2021-03-24,teaching,1356939.4800000023,5880.349999999996,723.0,55.628,,4.099519604219925e-05,,18.057569444444447,95.90972222222223,1.5134469636951977,0.922135987616618,,0.22014982015627507,0.0,0.0,0.0,
1.0,39.0,2021-03-25,teaching,1356939.4800000023,5880.349999999996,723.0,50.378,,3.712619519331836e-05,,16.74,81.54375,0.5150119276217688,0.9292177858747229,,0.5974934678996408,0.0,0.0,0.0,
1.0,39.0,2021-03-26,teaching,1356939.4800000023,5880.349999999996,723.0,437.9286,,0.00032273259526651793,,15.672152777777779,73.01180555555555,0.22400483816036254,0.5282630110554228,,0.7993112671639199,0.0,0.0,0.0,
1.0,39.0,2021-03-27,teaching,1356939.4800000023,5880.349999999996,723.0,659.0081,,0.0004856576949179774,,16.78875,69.79513888888889,0.5261102334315156,0.38276892030341736,,0.5908989642707924,0.0,0.0,0.0,
1.0,39.0,2021-03-28,teaching,1356939.4800000023,5880.349999999996,723.0,673.1277,,0.0004960631700390933,,14.671111111111113,77.31041666666667,0.12762928225545944,0.374973747181357,,0.8801796168722077,0.0,0.0,0.0,
1.0,39.0,2021-03-29,teaching,1356939.4800000023,5880.349999999996,723.0,697.0337999999999,,0.0005136808312187945,,15.169791666666667,74.97152777777778,0.059352442861196786,0.3621358518512486,,0.9423745774288487,0.0,0.0,0.0,
1.0,39.0,2021-03-30,teaching,1356939.4800000023,5880.349999999996,723.0,702.0924,,0.0005174087793510133,,13.349791666666667,81.98333333333333,0.5331951663849412,0.3594761737038483,,0.5867272802277943,0.0,0.0,0.0,
1.0,39.0,2021-03-31,teaching,1356939.4800000023,5880.349999999996,723.0,670.3242,,0.0004939971235857909,,16.56875,77.98194444444445,0.3264103688567863,0.3765087733715007,,0.7215090418307488,0.0,0.0,0.0,
1.0,39.0,2021-04-01,teaching,1356939.4800000023,5880.349999999996,723.0,723.6553,,0.0005332996133327912,,19.483402777777776,64.73055555555555,1.12344158885842,0.34835632480220036,,0.3251588038183368,0.0,0.0,0.0,
1.0,39.0,2021-04-02,teaching,1356939.4800000023,5880.349999999996,723.0,715.8515,,0.0005275485830805062,,20.421944444444442,59.63125,1.498615200046738,0.3523404088642018,,0.22343936482767465,0.0,0.0,0.0,
1.0,39.0,2021-04-03,teaching,1356939.4800000023,5880.349999999996,723.0,703.6175000000001,,0.0005185327056737997,,22.348333333333333,57.39375,1.857654995935547,0.35867815535908193,,0.15603811167903114,0.0,0.0,0.0,
1.0,39.0,2021-04-04,teaching,1356939.4800000023,5880.349999999996,723.0,693.5358,,0.0005111029712246259,,19.587916666666665,69.89722222222223,0.9342581222303624,0.36398650753261813,,0.39287722432077127,0.0,0.0,0.0,
1.0,39.0,2021-04-05,teaching,1356939.4800000023,5880.349999999996,723.0,700.341,,0.0005161180806678267,,16.171805555555558,67.48263888888889,0.6118814266634643,0.3603947954440941,,0.5423295553265327,0.0,0.0,0.0,
1.0,39.0,2021-04-06,teaching,1356939.4800000023,5880.349999999996,723.0,694.6501000000001,,0.0005119241574428941,,15.451944444444443,80.40347222222222,0.3358990575851977,0.3633959505509593,,0.7146952452389345,0.0,0.0,0.0,
1.0,39.0,2021-04-07,teaching,1356939.4800000023,5880.349999999996,723.0,700.7953,,0.0005164528782079499,,17.645,86.85902777777778,0.9143472969734043,0.3601562866231199,,0.40077812983772987,0.0,0.0,0.0,
1.0,39.0,2021-04-08,teaching,1356939.4800000023,5880.349999999996,723.0,711.0114000000001,,0.000523981659078855,,21.732152777777777,62.30694444444445,1.5495834862532543,0.3548342925825104,,0.21233639643889923,0.0,0.0,0.0,
1.0,39.0,2021-04-09,teaching,1356939.4800000023,5880.349999999996,723.0,660.45,,0.0004867203067892158,,14.847708333333333,75.55625,0.03296218788856088,0.38196550043010924,,0.9675751449565495,0.0,0.0,0.0,
1.0,39.0,2021-04-10,teaching,1356939.4800000023,5880.349999999996,723.0,669.4069999999999,4.865076294000083,0.0004933211907136778,1.0616858729496252e-07,12.658541666666666,72.42708333333333,0.4907855217984927,0.37701233932160205,0.7618970055920287,0.612145351756844,0.0,0.0,0.0,57.5135498214237
1.0,39.0,2021-04-11,teaching,1356939.4800000023,5880.349999999996,723.0,704.8996999999999,8.821999999999807,0.0005194776262239778,1.9251892889557281e-07,9.652222222222223,85.93194444444444,1.2167811813583984,0.3580086069554247,0.6107151382865506,0.29618199034054704,0.0,0.0,0.0,35.03434798816031
1.0,39.0,2021-04-12,teaching,1356939.4800000023,5880.349999999996,723.0,719.5125,19.091999999999896,0.0005302465663391257,4.1663697466269966e-07,11.875416666666666,91.0375,1.213296054809246,0.3504657114361165,0.3439742863473161,0.2972160228789676,0.0,0.0,0.0,31.569603977643755
1.0,39.0,2021-04-13,teaching,1356939.4800000023,5880.349999999996,723.0,718.2314,,0.0005293024564367446,,13.497083333333332,70.77361111111111,0.4436424507279134,0.35112059027292514,,0.6416948173294377,0.0,0.0,0.0,
1.0,39.0,2021-04-14,teaching,1356939.4800000023,5880.349999999996,723.0,716.0473,,0.0005276928783883558,,17.736666666666665,52.93888888888889,1.6637270876816896,0.35223989172240006,,0.18943163443944913,0.0,0.0,0.0,
1.0,39.0,2021-04-15,teaching,1356939.4800000023,5880.349999999996,723.0,725.2137,,0.0005344480801752476,,14.692777777777776,68.23680555555555,0.5245358867001872,0.3475661256673545,,0.5918299767997052,0.0,0.0,0.0,
1.0,39.0,2021-04-16,teaching,1356939.4800000023,5880.349999999996,723.0,736.2106,,0.0005425522735914492,,12.155277777777776,77.81805555555556,0.5464426782684396,0.34204077897770063,,0.579005861328134,0.0,0.0,0.0,
1.0,39.0,2021-04-17,teaching,1356939.4800000023,5880.349999999996,723.0,677.7755,,0.000499488378066794,,13.511527777777777,59.19444444444444,1.183727367460079,0.3724426701984434,,0.3061355297330381,0.0,0.0,0.0,
1.0,39.0,2021-04-18,teaching,1356939.4800000023,5880.349999999996,723.0,666.1342,,0.0004909092924321126,,14.702083333333333,79.89236111111111,0.2962427640627528,0.37881468466539625,,0.7436068850778847,0.0,0.0,0.0,
1.0,39.0,2021-04-19,teaching,1356939.4800000023,5880.349999999996,723.0,710.5912000000001,,0.000523671991620436,,15.746944444444443,70.35277777777777,0.39729433337656317,0.3550516335272499,,0.672136164408724,0.0,0.0,0.0,
1.0,39.0,2021-04-20,teaching,1356939.4800000023,5880.349999999996,723.0,700.0421,,0.0005158978055528305,,12.694027777777778,76.04652777777778,0.42797884532247454,0.3605518049534066,,0.6518252038048699,0.0,0.0,0.0,
1.0,39.0,2021-04-21,teaching,1356939.4800000023,5880.349999999996,723.0,724.7163,,0.0005340815199805365,,10.063749999999999,75.7375,0.9115598476966614,0.3478181413529894,,0.4018968369912524,0.0,0.0,0.0,
1.0,39.0,2021-04-22,teaching,1356939.4800000023,5880.349999999996,723.0,749.8887,,0.0005526323841649877,,13.27625,64.3,0.85736186543594,0.3352906884256479,,0.4242799146810884,0.0,0.0,0.0,
1.0,39.0,2021-04-23,teaching,1356939.4800000023,5880.349999999996,723.0,753.7543000000001,,0.0005554811479138324,,13.680069444444444,74.61736111111111,0.2575790576670355,0.33340728774553496,,0.7729205186049939,0.0,0.0,0.0,
1.0,39.0,2021-04-24,teaching,1356939.4800000023,5880.349999999996,723.0,737.724,,0.0005436675775694866,,13.749722222222221,74.48263888888889,0.2484667654096753,0.3412872850427887,,0.7799957832446811,0.0,0.0,0.0,
1.0,39.0,2021-04-25,teaching,1356939.4800000023,5880.349999999996,723.0,730.0299,,0.0005379973910111295,,12.694861111111111,89.67361111111111,1.0615182156631975,0.3451353449070339,,0.3459302147768665,0.0,0.0,0.0,
1.0,39.0,2021-04-26,teaching,1356939.4800000023,5880.349999999996,723.0,753.6097,,0.000555374584576166,,13.061874999999999,87.95694444444445,0.9249867742492803,0.3334775490298503,,0.396536663535375,0.0,0.0,0.0,
1.0,39.0,2021-04-27,teaching,1356939.4800000023,5880.349999999996,723.0,754.279,,0.0005558678269129576,,13.00173611111111,95.15555555555555,1.4033814736731394,0.33315245978602115,,0.24576451105214073,0.0,0.0,0.0,
1.0,39.0,2021-04-28,teaching,1356939.4800000023,5880.349999999996,723.0,725.5106,,0.0005346668813851586,,11.645486111111111,89.275,1.129604732845356,0.3474157835575634,,0.32316096609643136,0.0,0.0,0.0,
1.0,39.0,2021-04-29,teaching,1356939.4800000023,5880.349999999996,723.0,728.2646,,0.0005366964486876001,,12.646111111111113,86.79305555555555,0.8859622790168834,0.3460243282471415,,0.41231721811157807,0.0,0.0,0.0,
1.0,39.0,2021-04-30,teaching,1356939.4800000023,5880.349999999996,723.0,750.4748,,0.0005530643120502314,,14.864444444444445,74.85763888888889,0.0662055715503166,0.33500444553335407,,0.9359384421974789,0.0,0.0,0.0,
1.0,39.0,2021-05-01,teaching,1356939.4800000023,5880.349999999996,723.0,723.0237999999999,,0.0005328342278021115,,15.677708333333335,72.10277777777777,0.27984874339902416,0.3486770431773816,,0.7558980673815884,0.0,0.0,0.0,
1.0,39.0,2021-05-02,teaching,1356939.4800000023,5880.349999999996,723.0,732.0939,,0.0005395184610591467,,18.405763888888888,64.72708333333334,0.987699959606183,0.3440988357996253,,0.3724323160296357,0.0,0.0,0.0,
1.0,39.0,2021-05-03,teaching,1356939.4800000023,5880.349999999996,723.0,750.9378999999999,,0.0005534055947727297,,13.962222222222222,93.72222222222223,1.2686166955123168,0.33477844692491326,,0.2812203662350553,0.0,0.0,0.0,
1.0,39.0,2021-05-04,teaching,1356939.4800000023,5880.349999999996,723.0,724.8489,,0.0005341792398876911,,11.529305555555556,92.19027777777778,1.3143559831524145,0.3477509395784345,,0.26864728091439716,0.0,0.0,0.0,
1.0,39.0,2021-05-05,teaching,1356939.4800000023,5880.349999999996,723.0,726.914,,0.0005357011205835052,,11.44513888888889,84.18888888888888,0.8830914657208232,0.34670601957500075,,0.4135026045609971,0.0,0.0,0.0,
1.0,39.0,2021-05-06,teaching,1356939.4800000023,5880.349999999996,723.0,701.4461,,0.0005169324869227026,,12.125069444444444,91.68958333333333,1.2328895550410963,0.359814889724382,,0.291449201267646,0.0,0.0,0.0,
1.0,39.0,2021-05-07,teaching,1356939.4800000023,5880.349999999996,723.0,675.2028,,0.0004975924202603338,,14.088402777777777,85.3548611111111,0.6923566402669435,0.37384158048692234,,0.5003954264261686,0.0,0.0,0.0,
1.0,39.0,2021-05-08,teaching,1356939.4800000023,5880.349999999996,723.0,589.3254999999999,,0.00043430492566993404,,13.632083333333334,87.55347222222223,0.8625617712674163,0.42367843959174567,,0.4220794252058416,0.0,0.0,0.0,
1.0,39.0,2021-05-09,teaching,1356939.4800000023,5880.349999999996,723.0,610.7228,,0.0004500737203106501,,14.567152777777778,77.47361111111111,0.14741021459508624,0.41067168116079783,,0.8629399142528369,0.0,0.0,0.0,
1.0,39.0,2021-05-10,teaching,1356939.4800000023,5880.349999999996,723.0,612.8317999999999,5.399076292999974,0.0004516279532230862,1.1782185274924706e-07,13.823055555555555,76.36041666666667,0.22402474014611728,0.40941150547521565,0.7394911434270158,0.7992953594407654,0.0,0.0,0.0,68.55872588669526
1.0,39.0,2021-05-11,teaching,1356939.4800000023,5880.349999999996,723.0,699.4686,10.874000000000077,0.0005154751632696241,2.3729889285995459e-07,11.52951388888889,89.92083333333333,1.1789362480250711,0.3608532509555899,0.5445336161343381,0.30760578088126833,0.0,0.0,0.0,35.19369198391045
1.0,39.0,2021-05-12,teaching,1356939.4800000023,5880.349999999996,723.0,694.5074,17.89000000000012,0.0005118189943150587,3.904062160441959e-07,11.060625,86.62013888888889,1.0518063668927282,0.36347152520328074,0.36787944117144233,0.349306203719714,0.0,0.0,0.0,35.5468593236069
1.0,39.0,2021-05-13,teaching,1356939.4800000023,5880.349999999996,723.0,695.0610999999999,,0.0005122270449379207,,9.909305555555555,91.54930555555555,1.4487311796302036,0.3631783706355271,,0.23486810455131926,0.0,0.0,0.0,
1.0,39.0,2021-05-14,teaching,1356939.4800000023,5880.349999999996,723.0,683.0219999999999,,0.0005033547995817756,,10.501597222222221,76.51527777777778,0.8328027452004303,0.3696060777113541,,0.43482886234477636,0.0,0.0,0.0,
1.0,39.0,2021-05-15,teaching,1356939.4800000023,5880.349999999996,723.0,691.2968000000001,,0.0005094529344816461,,8.860208333333334,79.82430555555555,1.1686015166005579,0.36517603646512126,,0.31080128792308587,0.0,0.0,0.0,
1.0,39.0,2021-05-16,teaching,1356939.4800000023,5880.349999999996,723.0,687.7245,,0.0005068203189135589,,10.819652777777778,75.91180555555556,0.7725270084804972,0.3670819711886579,,0.4618445074644563,0.0,0.0,0.0,
1.0,39.0,2021-05-17,teaching,1356939.4800000023,5880.349999999996,723.0,690.7695,,0.0005090643394059099,,11.284930555555555,85.84444444444445,0.9842669809617672,0.3654567438595889,,0.37371306535175275,0.0,0.0,0.0,
1.0,39.0,2021-05-18,teaching,1356939.4800000023,5880.349999999996,723.0,690.5724,,0.0005089190860597547,,11.58423611111111,82.79097222222222,0.800930156634999,0.3655617251533608,,0.44891121211746754,0.0,0.0,0.0,
1.0,39.0,2021-05-19,teaching,1356939.4800000023,5880.349999999996,723.0,694.0024,,0.0005114468332810235,,12.706597222222221,72.8013888888889,0.4711634198977416,0.36373910204622933,,0.6242755510282745,0.0,0.0,0.0,
1.0,39.0,2021-05-20,teaching,1356939.4800000023,5880.349999999996,723.0,692.4859,,0.000510329244750104,,13.389999999999999,70.52916666666667,0.46930457125854225,0.3645438118808161,,0.6254370639907338,0.0,0.0,0.0,
1.0,39.0,2021-05-21,teaching,1356939.4800000023,5880.349999999996,723.0,716.2841000000001,,0.0005278673887504539,,9.605,86.52708333333334,1.2483855917613016,0.35211836486892445,,0.2869677061263938,0.0,0.0,0.0,
1.0,39.0,2021-05-22,teaching,1356939.4800000023,5880.349999999996,723.0,715.0335,,0.0005269457559006234,,8.828125,78.1138888888889,1.1511491169787975,0.35276065291186204,,0.31627312566584576,0.0,0.0,0.0,
1.0,39.0,2021-05-23,teaching,1356939.4800000023,5880.349999999996,723.0,710.6303,,0.0005237008064648534,,9.931597222222223,84.51875,1.1186384988335911,0.3550314041345291,,0.32672432749133506,0.0,0.0,0.0,
1.0,39.0,2021-05-24,teaching,1356939.4800000023,5880.349999999996,723.0,728.4337,,0.0005368210673625612,,12.3675,76.225,0.4887486712300319,0.34593907249705574,,0.6133934710492834,0.0,0.0,0.0,
1.0,39.0,2021-05-25,teaching,1356939.4800000023,5880.349999999996,723.0,717.4891,,0.0005287554165643399,,16.083055555555553,68.18541666666667,0.5603144549291895,0.35150060253735416,,0.5710294725812494,0.0,0.0,0.0,
1.0,39.0,2021-05-26,teaching,1356939.4800000023,5880.349999999996,723.0,695.5427999999999,,0.0005125820349777123,,11.389999999999999,73.79652777777778,0.6807335177919779,0.362923528549674,,0.5062455160468717,0.0,0.0,0.0,
1.0,39.0,2021-05-27,teaching,1356939.4800000023,5880.349999999996,723.0,468.3646,,0.00034516248285443004,,11.08375,91.75,1.3304639063121864,0.5053453983710274,,0.26435459708342923,0.0,0.0,0.0,
1.0,39.0,2021-05-28,teaching,1356939.4800000023,5880.349999999996,723.0,734.9094,,0.0005415933509429608,,10.779861111111112,71.41458333333334,0.8354032088014723,0.3426899523448024,,0.4336995746876821,0.0,0.0,0.0,
1.0,39.0,2021-05-29,teaching,1356939.4800000023,5880.349999999996,723.0,709.7632,,0.0005230617949151268,,9.740902777777778,70.45555555555555,1.0379032568669149,0.3554802914252664,,0.3541965631313648,0.0,0.0,0.0,
1.0,39.0,2021-05-30,teaching,1356939.4800000023,5880.349999999996,723.0,713.6677,,0.0005259392261178802,,5.443819444444444,91.3236111111111,2.070140375812628,0.35346344432583104,,0.1261680695166003,0.0,0.0,0.0,
1.0,39.0,2021-05-31,teaching,1356939.4800000023,5880.349999999996,723.0,734.0624,,0.0005409691521393414,,6.899444444444445,79.00138888888888,1.5114222050089552,0.34311318558862297,,0.22059602198999134,0.0,0.0,0.0,
1.0,39.0,2021-06-01,teaching,1356939.4800000023,5880.349999999996,723.0,725.3945000000001,,0.0005345813211949577,,9.938819444444444,70.63888888888889,0.9993096217806658,0.34747456570514235,,0.3681335048148798,0.0,0.0,0.0,
1.0,39.0,2021-06-02,teaching,1356939.4800000023,5880.349999999996,723.0,730.8025,,0.0005385667605455763,,11.862291666666668,77.68819444444445,0.5964431024693224,0.34474699193455977,,0.5507671786177283,0.0,0.0,0.0,
1.0,39.0,2021-06-03,teaching,1356939.4800000023,5880.349999999996,723.0,740.4244,,0.0005456576442156424,,12.281944444444445,89.31458333333333,1.0721825648332848,0.33994692664720577,,0.3422606954728714,0.0,0.0,0.0,
1.0,39.0,2021-06-04,teaching,1356939.4800000023,5880.349999999996,723.0,740.2204999999999,,0.0005455073795921972,,9.889930555555555,86.30208333333333,1.1972447777750859,0.34004794954287665,,0.3020252131697502,0.0,0.0,0.0,
1.0,39.0,2021-06-05,teaching,1356939.4800000023,5880.349999999996,723.0,717.717,,0.0005289233680488085,,7.6386111111111115,80.825,1.4037461480000288,0.3513838879251037,,0.2456749033843005,0.0,0.0,0.0,
1.0,39.0,2021-06-06,teaching,1356939.4800000023,5880.349999999996,723.0,720.8311,,0.0005312183119618561,,11.407708333333332,89.60416666666667,1.1730463660529709,0.34979293872098666,,0.309422888646669,0.0,0.0,0.0,
1.0,39.0,2021-06-07,teaching,1356939.4800000023,5880.349999999996,723.0,726.7743,,0.0005355981683132978,,13.874027777777776,66.03194444444445,0.7066813039944547,0.34677660726018267,,0.49327852551421386,0.0,0.0,0.0,
1.0,39.0,2021-06-08,teaching,1356939.4800000023,5880.349999999996,723.0,729.9925000000001,,0.0005379698289860347,,9.683958333333333,87.02777777777777,1.2583431322926926,0.3451541553845075,,0.2841243932564658,0.0,0.0,0.0,
1.0,39.0,2021-06-09,teaching,1356939.4800000023,5880.349999999996,723.0,717.3555,,0.0005286569597046426,,9.556944444444444,99.96875,1.9650794351234597,0.35156904123768895,,0.14014475375783425,0.0,0.0,0.0,
1.0,39.0,2021-06-10,teaching,1356939.4800000023,5880.349999999996,723.0,690.7399,7.241137330000014,0.0005090425256106476,1.580204038491704e-07,12.295069444444445,93.90625,1.3619461869454481,0.3654725077716501,0.6671376156442745,0.25616175285464415,0.0,0.0,0.0,32.69426226886075
1.0,39.0,2021-06-11,teaching,1356939.4800000023,5880.349999999996,723.0,716.7904,8.914000000000001,0.0005282405078227946,1.9452660759183561e-07,9.22048611111111,99.42986111111111,1.9658330552145606,0.3518586700116415,0.607582574213308,0.14003917764287743,0.0,0.0,0.0,22.020746646354976
1.0,39.0,2021-06-12,teaching,1356939.4800000023,5880.349999999996,723.0,695.37,29.11299999999992,0.0005124546895783435,6.353211943932123e-07,12.166597222222224,88.50902777777777,1.0335943963187868,0.3630149273486839,0.19645267704173947,0.35572603951235304,0.0,0.0,0.0,32.15254600721397
1.0,39.0,2021-06-13,teaching,1356939.4800000023,5880.349999999996,723.0,701.7419,,0.0005171504774848166,,12.076319444444445,85.69930555555555,0.8807711365171733,0.3596598258435457,,0.41446318072563615,0.0,0.0,0.0,
1.0,39.0,2021-06-14,teaching,1356939.4800000023,5880.349999999996,723.0,731.865,,0.0005393497726221355,,10.938958333333334,92.04791666666667,1.362417641379157,0.3442136322276659,,0.2560410127244854,0.0,0.0,0.0,
1.0,39.0,2021-06-15,teaching,1356939.4800000023,5880.349999999996,723.0,743.7577,,0.0005481141281260375,,9.712916666666667,91.19652777777777,1.4541421540459192,0.33829968190827403,,0.233600671363194,0.0,0.0,0.0,
1.0,39.0,2021-06-16,teaching,1356939.4800000023,5880.349999999996,723.0,742.1414,,0.000546922991731362,,11.382083333333334,86.78055555555555,1.0201567984646098,0.3390974231748579,,0.3605384038726315,0.0,0.0,0.0,
1.0,39.0,2021-06-17,teaching,1356939.4800000023,5880.349999999996,723.0,720.7682,,0.0005311719576469238,,9.610416666666667,88.39861111111111,1.3302852221373753,0.3498250020441962,,0.26440183728687927,0.0,0.0,0.0,
1.0,39.0,2021-06-18,teaching,1356939.4800000023,5880.349999999996,723.0,718.5237999999999,,0.0005295179413602136,,9.185,99.99583333333334,2.0025481961283274,0.35097101214612125,,0.13499086140540106,0.0,0.0,0.0,
1.0,39.0,2021-06-19,teaching,1356939.4800000023,5880.349999999996,723.0,710.8389,,0.0005238545347652489,,10.780694444444444,92.47916666666667,1.403552910548504,0.3549234990240965,,0.24572238156366755,0.0,0.0,0.0,
1.0,39.0,2021-06-20,teaching,1356939.4800000023,5880.349999999996,723.0,675.6893,,0.0004979509476723301,,8.034305555555555,91.09375,1.6726890263217529,0.37357664297169757,,0.18774154430894535,0.0,0.0,0.0,
1.0,39.0,2021-06-21,teaching,1356939.4800000023,5880.349999999996,723.0,716.5895,,0.0005280924540569774,,7.235416666666667,86.81458333333333,1.6273225308500885,0.3519616940838051,,0.19645487243838622,0.0,0.0,0.0,
1.0,39.0,2021-06-22,teaching,1356939.4800000023,5880.349999999996,723.0,737.1294,,0.0005432293855876305,,8.297430555555556,84.02916666666667,1.3653888392113678,0.3415831272427906,,0.25528139327118554,0.0,0.0,0.0,
1.0,39.0,2021-06-23,teaching,1356939.4800000023,5880.349999999996,723.0,719.0609,,0.0005299137585708677,,13.352986111111111,72.12708333333333,0.3953418399103978,0.3506964229781152,,0.6734497878814096,0.0,0.0,0.0,
1.0,39.0,2021-06-24,teaching,1356939.4800000023,5880.349999999996,723.0,726.995,,0.0005357608137394593,,12.509583333333333,85.05833333333334,0.7973437168293787,0.3466650984357838,,0.4505240956838911,0.0,0.0,0.0,
1.0,39.0,2021-06-25,teaching,1356939.4800000023,5880.349999999996,723.0,753.6428000000001,,0.0005553989777053275,,10.844930555555557,95.14861111111111,1.555693372969188,0.3334614644001757,,0.21104300038628232,0.0,0.0,0.0,
1.0,39.0,2021-06-26,teaching,1356939.4800000023,5880.349999999996,723.0,741.7036,,0.0005466003539081925,,10.045555555555556,81.69027777777778,1.0049505331086914,0.33931382739905575,,0.3660627423420374,0.0,0.0,0.0,
1.0,39.0,2021-06-27,teaching,1356939.4800000023,5880.349999999996,723.0,738.2726,,0.000544071869734381,,11.42548611111111,84.18819444444445,0.8857551621149828,0.3410145573276818,,0.4124026248206748,0.0,0.0,0.0,
1.0,39.0,2021-06-28,teaching,1356939.4800000023,5880.349999999996,723.0,746.5885000000001,,0.0005502002933837542,,8.288402777777778,90.24444444444444,1.5989677716706616,0.33690703098195757,,0.20210502889704052,0.0,0.0,0.0,
1.0,39.0,2021-06-29,teaching,1356939.4800000023,5880.349999999996,723.0,725.104,,0.0005343672364813196,,7.941875,88.96041666666666,1.5955716682731202,0.34762169123163794,,0.20279256528385822,0.0,0.0,0.0,
1.0,39.0,2021-06-30,teaching,1356939.4800000023,5880.349999999996,723.0,726.9374,,0.0005357183652730031,,7.935643564356436,95.20792079207921,1.8816275116922265,0.3466941974164233,,0.1523419655559583,0.0,0.0,0.0,
1.0,39.0,2021-07-01,teaching,1356939.4800000023,5880.349999999996,723.0,724.5231,,0.0005339391407492976,,11.94375,86.20833333333333,0.9237381016808696,0.3479160784966974,,0.39703211725485965,0.0,0.0,0.0,
1.0,39.0,2021-07-02,teaching,1356939.4800000023,5880.349999999996,723.0,718.2019,,0.0005292807163367366,,10.61875,93.6875,1.490249323247471,0.3511356846291222,,0.22531647190130308,0.0,0.0,0.0,
1.0,39.0,2021-07-03,teaching,1356939.4800000023,5880.349999999996,723.0,700.5345,,0.0005162606809848283,,7.595833333333334,82.97916666666667,1.4564093143207173,0.36029318807714045,,0.23307166110303001,0.0,0.0,0.0,
1.0,39.0,2021-07-04,teaching,1356939.4800000023,5880.349999999996,723.0,699.0724,,0.0005151831826722286,,8.512244897959183,85.0204081632653,1.361139864290443,0.3610616508121225,,0.2563683851742816,0.0,0.0,0.0,
1.0,39.0,2021-07-05,teaching,1356939.4800000023,5880.349999999996,723.0,731.2098,,0.0005388669213161951,,7.433333333333334,91.64583333333333,1.7827729259716245,0.34454243558516545,,0.1681711739107216,0.0,0.0,0.0,
1.0,39.0,2021-07-06,teaching,1356939.4800000023,5880.349999999996,723.0,744.7307000000001,,0.0005488311829500302,,8.447916666666666,81.47916666666667,1.273792719921736,0.33782035310963965,,0.27976852338340263,0.0,0.0,0.0,
1.0,39.0,2021-07-07,teaching,1356939.4800000023,5880.349999999996,723.0,707.8115,,0.0005216234846376485,,8.34375,75.33333333333333,1.22847380662171,0.35649274067562287,,0.2927390132642993,0.0,0.0,0.0,
1.0,39.0,2021-07-08,teaching,1356939.4800000023,5880.349999999996,723.0,718.3893,,0.0005294188212432281,,5.589583333333334,89.89583333333333,1.9963539380065851,0.3510398081225333,,0.13582962472140117,0.0,0.0,0.0,
1.0,39.0,2021-07-09,teaching,1356939.4800000023,5880.349999999996,723.0,675.9492,,0.0004981424816381633,,5.333333333333333,91.29166666666667,2.0863214874431706,0.3734351839331638,,0.12414295836015604,0.0,0.0,0.0,
1.0,39.0,2021-07-10,teaching,1356939.4800000023,5880.349999999996,723.0,654.2358,7.30111443999996,0.00048214073629871757,1.5932926000145354e-07,6.727083333333333,96.35416666666667,2.095940668276157,0.3854400952705393,0.6649047487749072,0.12295452981272581,0.0,0.0,0.0,21.055005312203562
1.0,39.0,2021-07-11,teaching,1356939.4800000023,5880.349999999996,723.0,634.9671000000001,8.909999999999934,0.00046794061884027354,1.9443931721373595e-07,9.877083333333333,81.3125,1.0229610461771048,0.39641618788772626,0.6077184379368527,0.35952878115602477,0.0,0.0,0.0,40.27412145954767
1.0,39.0,2021-07-12,teaching,1356939.4800000023,5880.349999999996,723.0,668.602,20.86600000000007,0.0004927279439168494,4.5535025734925454e-07,12.304166666666667,69.4375,0.6637625926824597,0.3774548595660852,0.31150187666866436,0.5149102874173469,0.0,0.0,0.0,44.142821069223785
1.0,39.0,2021-07-13,teaching,1356939.4800000023,5880.349999999996,723.0,638.9917,,0.0004709065580433985,,11.077083333333334,88.58333333333333,1.1524573600665673,0.39409810929180566,,0.3158596340680826,0.0,0.0,0.0,
1.0,39.0,2021-07-14,teaching,1356939.4800000023,5880.349999999996,723.0,645.0228,,0.0004753511925233385,,11.329166666666666,88.5625,1.122687076316379,0.39064968427371877,,0.3254042327919488,0.0,0.0,0.0,
1.0,39.0,2021-07-15,teaching,1356939.4800000023,5880.349999999996,723.0,627.3899,,0.00046235658203415154,,12.61875,89.375,1.048333857797556,0.4008175485393748,,0.3505212811518656,0.0,0.0,0.0,
1.0,39.0,2021-07-16,teaching,1356939.4800000023,5880.349999999996,723.0,581.5803999999999,,0.00042859715453190216,,11.424999999999999,81.77083333333333,0.7838735880370379,0.42848731412704083,,0.4566337699461819,0.0,0.0,0.0,
1.0,39.0,2021-07-17,teaching,1356939.4800000023,5880.349999999996,723.0,538.1721,,0.0003966072974750496,,9.291666666666666,87.33333333333333,1.3282924772511049,0.4564671973695959,,0.26492924801904255,0.0,0.0,0.0,
1.0,39.0,2021-07-18,teaching,1356939.4800000023,5880.349999999996,723.0,583.0504000000001,,0.0004296804747695889,,10.489583333333334,85.9375,1.0956702084542793,0.4275704242539768,,0.3343154707931023,0.0,0.0,0.0,
1.0,39.0,2021-07-19,teaching,1356939.4800000023,5880.349999999996,723.0,702.2689,,0.0005175388514747901,,9.945833333333333,86.91666666666667,1.2161405481568284,0.3593837281738806,,0.29637179514840567,0.0,0.0,0.0,
1.0,39.0,2021-07-20,teaching,1356939.4800000023,5880.349999999996,723.0,695.0404,,0.000512211790020288,,8.760784313725491,90.58823529411765,1.5485155326669948,0.3631893259239811,,0.21256328298555602,0.0,0.0,0.0,
1.0,39.0,2021-07-21,teaching,1356939.4800000023,5880.349999999996,723.0,708.6798,,0.0005222633805304263,,8.108333333333333,96.75,1.9395127677252177,0.35604195230072666,,0.14377398404013933,0.0,0.0,0.0,
1.0,39.0,2021-07-22,teaching,1356939.4800000023,5880.349999999996,723.0,691.7174,,0.0005097628967210821,,7.925,83.6875,1.4183038158963683,0.36495228525143375,,0.24212435627730886,0.0,0.0,0.0,
1.0,39.0,2021-07-23,teaching,1356939.4800000023,5880.349999999996,723.0,667.345,,0.000491801594570746,,8.547916666666667,84.95833333333333,1.353307513497624,0.3781468897876231,,0.2583842364209002,0.0,0.0,0.0,
1.0,39.0,2021-07-24,teaching,1356939.4800000023,5880.349999999996,723.0,581.7302,,0.00042870755002279024,,9.516,79.62,1.0481872200436968,0.428393788780337,,0.3505726845739626,0.0,0.0,0.0,
1.0,39.0,2021-07-25,teaching,1356939.4800000023,5880.349999999996,723.0,592.2137,,0.00043643339200359843,,8.625,67.58333333333333,1.3057720916805402,0.42189902571556814,,0.27096324579294245,0.0,0.0,0.0,
1.0,39.0,2021-07-26,teaching,1356939.4800000023,5880.349999999996,723.0,600.1401000000001,,0.0004422747726376117,,12.447916666666666,79.625,0.5453246423275069,0.4170538927988246,,0.5796535727059393,0.0,0.0,0.0,
1.0,39.0,2021-07-27,teaching,1356939.4800000023,5880.349999999996,723.0,634.3968,,0.0004675203348052036,,13.59591836734694,60.6530612244898,1.0813648862224658,0.39674576889144103,,0.33913233256560893,0.0,0.0,0.0,
1.0,39.0,2021-07-28,teaching,1356939.4800000023,5880.349999999996,723.0,676.7548,,0.0004987361706065174,,12.983928571428573,59.160714285714285,1.212369109946371,0.3729970501482092,,0.29749165347198475,0.0,0.0,0.0,
1.0,39.0,2021-07-29,teaching,1356939.4800000023,5880.349999999996,723.0,723.6547,,0.0005332991711612657,,9.379166666666666,73.5,1.0490347010302552,0.34835662938269374,,0.35027570674868436,0.0,0.0,0.0,
1.0,39.0,2021-07-30,teaching,1356939.4800000023,5880.349999999996,723.0,695.5255,,0.0005125692856987246,,11.524074074074074,57.907407407407405,1.397142319322189,0.36293267797143364,,0.24730266717766933,0.0,0.0,0.0,
1.0,39.0,2021-07-31,teaching,1356939.4800000023,5880.349999999996,723.0,690.5884000000001,,0.000508930877300437,,13.40408163265306,63.183673469387756,0.9220957621693524,0.3655532019552441,,0.39768471453483123,0.0,0.0,0.0,
1.0,39.0,2021-08-01,teaching,1356939.4800000023,5880.349999999996,723.0,702.6275,,0.0005178031226565822,,9.588679245283018,83.62264150943396,1.1405726029268408,0.35919597721113705,,0.3196359449285356,0.0,0.0,0.0,
1.0,39.0,2021-08-02,teaching,1356939.4800000023,5880.349999999996,723.0,714.6447000000001,,0.0005266592287520434,,8.976470588235294,75.05882352941177,1.112660143376507,0.35296057297228733,,0.3286834519938432,0.0,0.0,0.0,
1.0,39.0,2021-08-03,teaching,1356939.4800000023,5880.349999999996,723.0,729.5439,,0.0005376392320754046,,9.942857142857143,78.91836734693878,0.9600086198781367,0.3453798604367439,,0.3828895854993204,0.0,0.0,0.0,
1.0,39.0,2021-08-04,teaching,1356939.4800000023,5880.349999999996,723.0,684.7433000000001,,0.0005046233159934287,,10.352083333333333,86.6875,1.1490740599411702,0.3686801479217565,,0.3169300918264648,0.0,0.0,0.0,
1.0,39.0,2021-08-05,teaching,1356939.4800000023,5880.349999999996,723.0,738.1116,,0.0005439532203750153,,11.59375,85.52083333333333,0.9287940148554471,0.3410945732999929,,0.395029823319904,0.0,0.0,0.0,
1.0,39.0,2021-08-06,teaching,1356939.4800000023,5880.349999999996,723.0,733.5985000000001,,0.0005406272798548088,,11.65,82.5625,0.7816166937754453,0.34334521098723214,,0.4576655079050263,0.0,0.0,0.0,
1.0,39.0,2021-08-07,teaching,1356939.4800000023,5880.349999999996,723.0,678.4513,,0.0004999864105951127,,11.112499999999999,85.10416666666667,0.9712589003743217,0.3720760716533962,,0.3786061105899315,0.0,0.0,0.0,
1.0,39.0,2021-08-08,teaching,1356939.4800000023,5880.349999999996,723.0,719.4234,,0.0005301809038675762,,9.654166666666667,86.58333333333333,1.2435559671022351,0.3505112184541651,,0.28835700463093605,0.0,0.0,0.0,
1.0,39.0,2021-08-09,teaching,1356939.4800000023,5880.349999999996,723.0,722.5706,,0.0005325002409097853,,9.797916666666667,87.4375,1.2603350517164171,0.34890739073743837,,0.28355900365099623,0.0,0.0,0.0,
1.0,39.0,2021-08-10,teaching,1356939.4800000023,5880.349999999996,723.0,698.5980999999999,20.121038147000053,0.0005148336460812524,4.3909325689497803e-07,13.276470588235295,68.0,0.6257532759905693,0.3613112892902446,0.3247470614013425,0.5348583807583679,0.0,0.0,0.0,45.10640251868679
1.0,39.0,2021-08-11,teaching,1356939.4800000023,5880.349999999996,723.0,698.8169,21.710999999999963,0.000514994891297583,4.7379034972249666e-07,14.432692307692308,56.13461538461539,1.3681971624137346,0.36119610677418945,0.2971307482462996,0.2545654863308758,0.0,0.0,0.0,28.14683348490366
1.0,39.0,2021-08-12,teaching,1356939.4800000023,5880.349999999996,723.0,685.3467,33.00400000000006,0.0005050679931576602,7.20232909688238e-07,11.479166666666666,70.85416666666667,0.7339271701093703,0.36835611354789277,0.15805226433941483,0.48002016280946463,0.0,0.0,0.0,37.297092697111424
1.0,39.0,2021-08-13,teaching,1356939.4800000023,5880.349999999996,723.0,538.5687,,0.0003968995728534622,,11.770833333333334,74.6875,0.6016310160327357,0.45620346481711116,,0.5479172450979048,0.0,0.0,0.0,
1.0,39.0,2021-08-14,teaching,1356939.4800000023,5880.349999999996,723.0,575.6274000000001,,0.00042421007604554264,,10.454166666666667,81.125,0.9201972069040568,0.4322205538821406,,0.3984404581270198,0.0,0.0,0.0,
1.0,39.0,2021-08-15,teaching,1356939.4800000023,5880.349999999996,723.0,690.3746,,0.0005087733168468197,,13.86122448979592,57.285714285714285,1.3012869454122231,0.36566710960568644,,0.27218128508395845,0.0,0.0,0.0,
1.0,39.0,2021-08-16,teaching,1356939.4800000023,5880.349999999996,723.0,717.4173000000001,,0.0005287025033717781,,11.373469387755101,83.83673469387755,0.8769493285043828,0.35153738155995184,,0.4160502101599368,0.0,0.0,0.0,
1.0,39.0,2021-08-17,teaching,1356939.4800000023,5880.349999999996,723.0,710.2246,,0.0005234018248183027,,10.833333333333334,93.58333333333333,1.462996223808696,0.3552413595622365,,0.23154148426781448,0.0,0.0,0.0,
1.0,39.0,2021-08-18,teaching,1356939.4800000023,5880.349999999996,723.0,682.9062,,0.0005032694604773374,,11.097916666666668,83.79166666666667,0.9143806316561542,0.36966845281099653,,0.4007647702485887,0.0,0.0,0.0,
1.0,39.0,2021-08-19,teaching,1356939.4800000023,5880.349999999996,723.0,713.7239999999999,,0.0005259807165460311,,11.13125,78.27083333333333,0.7367868109198376,0.3534344467274533,,0.47864943838589497,0.0,0.0,0.0,
1.0,39.0,2021-08-20,teaching,1356939.4800000023,5880.349999999996,723.0,691.6482000000001,,0.0005097118996051312,,12.473469387755102,69.73469387755102,0.6267031967302494,0.364989088912692,,0.5343505489278746,0.0,0.0,0.0,
1.0,39.0,2021-08-21,teaching,1356939.4800000023,5880.349999999996,723.0,705.8862999999999,,0.0005202047036025503,,14.910416666666668,61.666666666666664,0.9789085220091404,0.3574942680581866,,0.37572096629547796,0.0,0.0,0.0,
1.0,39.0,2021-08-22,teaching,1356939.4800000023,5880.349999999996,723.0,705.9394,,0.0005202438357825648,,16.34313725490196,59.72549019607843,1.1403920978190285,0.3574666066842891,,0.3196936460567531,0.0,0.0,0.0,
1.0,39.0,2021-08-23,teaching,1356939.4800000023,5880.349999999996,723.0,712.0006000000001,,0.0005247106525340385,,11.648,75.1,0.6214312132735321,0.35432317165783855,,0.5371750750674251,0.0,0.0,0.0,
1.0,39.0,2021-08-24,teaching,1356939.4800000023,5880.349999999996,723.0,702.6761,,0.0005178389385501547,,8.335416666666667,78.52083333333333,1.2450847194359247,0.3591705394256618,,0.28791651497275567,0.0,0.0,0.0,
1.0,39.0,2021-08-25,teaching,1356939.4800000023,5880.349999999996,723.0,714.8406,,0.0005268035977551473,,9.016666666666667,84.9375,1.277322950551155,0.35285982748782224,,0.27878261723495545,0.0,0.0,0.0,
1.0,39.0,2021-08-26,teaching,1356939.4800000023,5880.349999999996,723.0,727.3164,,0.0005359976702866651,,7.689583333333334,87.08333333333333,1.5636388918016697,0.34650277499479487,,0.20937279834993858,0.0,0.0,0.0,
1.0,39.0,2021-08-27,teaching,1356939.4800000023,5880.349999999996,723.0,721.0749,,0.0005313979809917526,,7.465909090909091,92.88636363636364,1.8332151463551747,0.3496686892521047,,0.15989864290040892,0.0,0.0,0.0,
1.0,39.0,2021-08-28,teaching,1356939.4800000023,5880.349999999996,723.0,724.0099,,0.0005335609367044128,,14.49655172413793,51.51724137931034,1.6882532857999353,0.34817636430901167,,0.18484210851520244,0.0,0.0,0.0,
1.0,39.0,2021-08-29,teaching,1356939.4800000023,5880.349999999996,723.0,722.2973999999999,,0.0005322989054751349,,10.889583333333334,82.39583333333333,0.8905287146249241,0.34904632336898284,,0.41043869043712283,0.0,0.0,0.0,
1.0,39.0,2021-08-30,teaching,1356939.4800000023,5880.349999999996,723.0,715.0347999999999,,0.0005269467139389287,,10.739583333333334,76.45833333333333,0.7888279665405847,0.35275998464484865,,0.4543770284043961,0.0,0.0,0.0,
1.0,39.0,2021-08-31,teaching,1356939.4800000023,5880.349999999996,723.0,707.9464,,0.0005217228995356512,,15.584313725490196,53.450980392156865,1.5544045361075927,0.3564226682905679,,0.21131517574170142,0.0,0.0,0.0,
1.0,39.0,2021-09-01,teaching,1356939.4800000023,5880.349999999996,723.0,717.0334,,0.0005284195872906571,,16.504166666666666,62.979166666666664,0.9286531755095634,0.35173409682183765,,0.39508546297985964,0.0,0.0,0.0,
1.0,39.0,2021-09-02,teaching,1356939.4800000023,5880.349999999996,723.0,726.9123,,0.0005356998677641826,,21.400000000000002,38.916666666666664,2.8196707197597277,0.3467068784654766,,0.059625572999832295,0.0,0.0,0.0,
1.0,39.0,2021-09-03,teaching,1356939.4800000023,5880.349999999996,723.0,749.8749,,0.0005526222142198993,,18.649056603773584,68.0377358490566,0.8564955396630568,0.3352974310954355,,0.4246476385674346,0.0,0.0,0.0,
1.0,39.0,2021-09-04,teaching,1356939.4800000023,5880.349999999996,723.0,716.2362,,0.0005278320887236613,,10.791666666666666,89.72916666666667,1.2475744704655176,0.3521429439868162,,0.2872005661701385,0.0,0.0,0.0,
1.0,39.0,2021-09-05,teaching,1356939.4800000023,5880.349999999996,723.0,715.1753,,0.0005270502557711702,,10.210416666666667,88.5,1.2548234252209989,0.3526877678637524,,0.2851261898737544,0.0,0.0,0.0,
1.0,39.0,2021-09-06,teaching,1356939.4800000023,5880.349999999996,723.0,730.5857,,0.000538406989234331,,11.35,77.60416666666667,0.6874228073884211,0.3448559238933996,,0.5028703943517785,0.0,0.0,0.0,
1.0,39.0,2021-09-07,teaching,1356939.4800000023,5880.349999999996,723.0,722.1273,,0.0005321735498476312,,12.077083333333334,82.39583333333333,0.7132748938356832,0.349132853657795,,0.49003674845841344,0.0,0.0,0.0,
1.0,39.0,2021-09-08,teaching,1356939.4800000023,5880.349999999996,723.0,721.9784,,0.0005320638176140315,,13.585416666666667,75.3125,0.26481310527343277,0.3492086170618214,,0.7673493501220453,0.0,0.0,0.0,
1.0,39.0,2021-09-09,teaching,1356939.4800000023,5880.349999999996,723.0,715.0686000000001,,0.0005269716229348702,,17.14814814814815,53.48148148148148,1.5977246670005867,0.35274261014684544,,0.2023564228244172,0.0,0.0,0.0,
1.0,39.0,2021-09-10,teaching,1356939.4800000023,5880.349999999996,723.0,704.6989,5.8939999999999975,0.0005193296461534149,1.286223721276956e-07,13.854166666666666,69.10416666666667,0.5079460155283196,0.35811337954134576,0.7193136412629162,0.6017302549752158,0.0,0.0,0.0,55.73166657962867
1.0,39.0,2021-09-11,teaching,1356939.4800000023,5880.349999999996,723.0,689.1092,28.19100000000008,0.000507840777099358,6.15200762241581e-07,18.017647058823528,46.6078431372549,2.101408198392368,0.3663420122814671,0.2068427297014964,0.12228410666754719,0.0,0.0,0.0,16.87861770349086
1.0,39.0,2021-09-12,teaching,1356939.4800000023,5880.349999999996,723.0,708.9051,36.87799999999994,0.000522429415938284,8.047736408763408e-07,11.60204081632653,66.36734693877551,0.9050579036369298,0.3559250782703854,0.12727883222169054,0.4045184613347481,0.0,0.0,0.0,32.081737757017045
1.0,39.0,2021-09-13,teaching,1356939.4800000023,5880.349999999996,723.0,703.2786,,0.0005182829524570977,,9.289583333333333,84.25,1.209935199254977,0.3588553337223251,,0.29821660346185735,0.0,0.0,0.0,
1.0,39.0,2021-09-14,teaching,1356939.4800000023,5880.349999999996,723.0,684.7444,,0.0005046241266412257,,9.725,80.47916666666667,1.0287657987967775,0.36867955694685667,,0.3574478510072296,0.0,0.0,0.0,
1.0,39.0,2021-09-15,teaching,1356939.4800000023,5880.349999999996,723.0,701.1191,,0.000516691503441258,,8.870833333333334,81.27083333333333,1.1953814950332269,0.35998638703226293,,0.3025884961518171,0.0,0.0,0.0,
1.0,39.0,2021-09-16,teaching,1356939.4800000023,5880.349999999996,723.0,694.2347,,0.0005116180273566798,,9.672916666666667,77.89583333333333,0.9951073618888504,0.3636159922420632,,0.3696837524674467,0.0,0.0,0.0,
1.0,39.0,2021-09-17,teaching,1356939.4800000023,5880.349999999996,723.0,715.3411,,0.0005271724425027406,,13.633333333333333,69.89583333333333,0.47883123579606435,0.3526025659390076,,0.6195070264812519,0.0,0.0,0.0,
1.0,39.0,2021-09-18,teaching,1356939.4800000023,5880.349999999996,723.0,708.6974,,0.0005222763508951769,,12.658490566037736,69.98113207547169,0.5899372323395229,0.35603282094592126,,0.5543620796532949,0.0,0.0,0.0,
1.0,39.0,2021-09-19,teaching,1356939.4800000023,5880.349999999996,723.0,698.7108000000001,,0.0005149167006328085,,12.86153846153846,62.36538461538461,1.0110628768019478,0.36125195623233614,,0.3638320653248212,0.0,0.0,0.0,
1.0,39.0,2021-09-20,teaching,1356939.4800000023,5880.349999999996,723.0,704.2718,,0.0005190148937224517,,9.5875,78.08928571428571,1.0127578867304667,0.35833633197610937,,0.36321588872203775,0.0,0.0,0.0,
1.0,39.0,2021-09-21,teaching,1356939.4800000023,5880.349999999996,723.0,706.8466,,0.0005209123991292514,,8.597916666666666,88.04166666666667,1.4601440678672546,0.3569943496572929,,0.23220281935493947,0.0,0.0,0.0,
1.0,39.0,2021-09-22,teaching,1356939.4800000023,5880.349999999996,723.0,719.2509,,0.00053005377955397,,12.439583333333333,89.72916666666667,1.0847651264410152,0.35059933806150845,,0.3379811594107587,0.0,0.0,0.0,
1.0,39.0,2021-09-23,teaching,1356939.4800000023,5880.349999999996,723.0,729.4037000000001,,0.000537535911328926,,14.066666666666668,76.95833333333333,0.19482078743816011,0.34545042982187846,,0.8229821335773976,0.0,0.0,0.0,
1.0,39.0,2021-09-24,teaching,1356939.4800000023,5880.349999999996,723.0,717.7124,,0.0005289199780671123,,13.820754716981131,60.471698113207545,1.0844792671826775,0.35138624334357593,,0.3380777882647882,0.0,0.0,0.0,
1.0,39.0,2021-09-25,teaching,1356939.4800000023,5880.349999999996,723.0,710.8281,,0.0005238465756777883,,9.045833333333333,72.70833333333333,1.1187760633430335,0.35492908486899977,,0.3266793849108237,0.0,0.0,0.0,
1.0,39.0,2021-09-26,teaching,1356939.4800000023,5880.349999999996,723.0,692.4654,,0.0005103141372229798,,9.016666666666667,76.27083333333333,1.1049729862566007,0.3645547021101119,,0.33121982960861535,0.0,0.0,0.0,
1.0,39.0,2021-09-27,teaching,1356939.4800000023,5880.349999999996,723.0,716.0235,,0.0005276753389178409,,11.052083333333334,69.33333333333333,0.8545136299535736,0.3522521083116656,,0.4254900863974287,0.0,0.0,0.0,
1.0,39.0,2021-09-28,teaching,1356939.4800000023,5880.349999999996,723.0,719.3473,,0.000530124821779081,,14.033333333333333,64.77083333333333,0.7836842180583523,0.35055009051857083,,0.45672025086164986,0.0,0.0,0.0,
1.0,39.0,2021-09-29,teaching,1356939.4800000023,5880.349999999996,723.0,731.6009,,0.0005391551434556232,,14.375,88.52083333333333,0.8992380459225534,0.3443461295145524,,0.4068795652024761,0.0,0.0,0.0,
1.0,39.0,2021-09-30,teaching,1356939.4800000023,5880.349999999996,723.0,730.5844999999999,,0.0005384061048912799,,14.514583333333334,98.375,1.5804318396140367,0.34485652693359653,,0.2058861692008889,0.0,0.0,0.0,
1.0,39.0,2021-10-01,teaching,1356939.4800000023,5880.349999999996,723.0,727.9999,,0.0005365013773495623,,15.89782608695652,85.6304347826087,0.7090216009580229,0.34615782517868976,,0.4921254570663319,0.0,0.0,0.0,
1.0,39.0,2021-10-02,teaching,1356939.4800000023,5880.349999999996,723.0,714.7521,,0.0005267383774551234,,14.535416666666668,94.27083333333333,1.2949353102696075,0.3529053368174606,,0.2739155832835552,0.0,0.0,0.0,
1.0,39.0,2021-10-03,teaching,1356939.4800000023,5880.349999999996,723.0,711.73,,0.000524511233175999,,15.547826086956523,86.73913043478261,0.7736149655755611,0.3544629178304198,,0.4613423136879204,0.0,0.0,0.0,
1.0,39.0,2021-10-04,teaching,1356939.4800000023,5880.349999999996,723.0,742.6139,,0.0005472712018077613,,13.651020408163264,70.24489795918367,0.4566212915321648,0.3388640216214763,,0.6334201762303356,0.0,0.0,0.0,
1.0,39.0,2021-10-05,teaching,1356939.4800000023,5880.349999999996,723.0,739.6690000000001,,0.0005451009502649292,,12.70185185185185,63.77777777777778,0.9344169651445381,0.34032134238954687,,0.3928148235136411,0.0,0.0,0.0,
1.0,39.0,2021-10-06,teaching,1356939.4800000023,5880.349999999996,723.0,736.0690999999999,,0.0005424479948066649,,13.804166666666667,69.125,0.5105829161042041,0.34211131420143653,,0.6001456422706044,0.0,0.0,0.0,
1.0,39.0,2021-10-07,teaching,1356939.4800000023,5880.349999999996,723.0,709.6055,,0.0005229455774991518,,11.948,74.18,0.5748003834782588,0.3555619918038186,,0.5628172052073616,0.0,0.0,0.0,
1.0,39.0,2021-10-08,teaching,1356939.4800000023,5880.349999999996,723.0,717.0578,,0.0005284375689326976,,12.641666666666666,70.375,0.5740638803253033,0.3517215906750589,,0.5632318745374245,0.0,0.0,0.0,
1.0,39.0,2021-10-09,teaching,1356939.4800000023,5880.349999999996,723.0,710.2238,,0.0005234012352562686,,16.970833333333335,57.3125,1.3315139128930822,0.35524177369606685,,0.2640771686931084,0.0,0.0,0.0,
1.0,39.0,2021-10-10,teaching,1356939.4800000023,5880.349999999996,723.0,663.0977,3.4120000000000372,0.0004886715360363742,7.445869251776423e-08,11.640816326530611,74.75510204081633,0.624875749789356,0.38049460326684326,0.8263630507891152,0.5353279389961182,0.0,0.0,0.0,53.84095475978056
1.0,39.0,2021-10-11,teaching,1356939.4800000023,5880.349999999996,723.0,728.6034,23.881000000000057,0.0005369461282090478,5.211453798407715e-07,9.429166666666667,78.20833333333333,1.0428709931899214,0.34585353536062813,0.2631898034088865,0.3524413712739946,0.0,0.0,0.0,33.333510773319155
1.0,39.0,2021-10-12,teaching,1356939.4800000023,5880.349999999996,723.0,727.5163,23.922999999999988,0.0005361449870999397,5.22061928810801e-07,11.966666666666667,70.5625,0.6663628530682238,0.3464018536094635,0.26257264263215613,0.5135731258323211,0.0,0.0,0.0,41.99714080799788
1.0,39.0,2021-10-13,teaching,1356939.4800000023,5880.349999999996,723.0,722.8620000000001,6.449381469999944,0.0005327149888807118,1.4074223675395275e-07,13.820408163265308,79.55102040816327,0.3458189199886824,0.34875926365913423,0.6973261535540556,0.7076406150760313,0.0,0.0,0.0,60.888248225129374
1.0,39.0,2021-10-14,teaching,1356939.4800000023,5880.349999999996,723.0,714.0082,449.88915258800006,0.0005261901584586504,9.817748557921172e-06,12.395918367346939,79.28571428571429,0.542426449246809,0.3532881043969445,1.198313218682634e-11,0.5813359574398526,0.0,0.0,0.0,0.6665000159225379
1.0,39.0,2021-10-15,teaching,1356939.4800000023,5880.349999999996,723.0,737.1339,19.554998379999994,0.0005432327018740724,4.267408005749652e-07,11.240816326530611,90.77551020408163,1.2578541105896606,0.3415808873127947,0.3351863400182273,0.28426337022973747,0.0,0.0,0.0,30.413635690931173
1.0,39.0,2021-10-16,teaching,1356939.4800000023,5880.349999999996,723.0,719.4156,9.480000000000068,0.0005301751556377436,2.0687819609273217e-07,12.209615384615384,89.4423076923077,1.0863125763446588,0.35051520251479523,0.5886609046136483,0.33745855495458854,0.0,0.0,0.0,37.54269094636659
1.0,39.0,2021-10-17,teaching,1356939.4800000023,5880.349999999996,723.0,719.2182,4.381000000000058,0.0005300296812058256,9.560478661205328e-08,13.047916666666666,74.41666666666667,0.3734319474486495,0.35061604497167526,0.7827942328331803,0.6883678298895031,0.0,0.0,0.0,61.1730243393149
1.0,39.0,2021-10-18,teaching,1356939.4800000023,5880.349999999996,723.0,717.9161,6.614999999999935,0.0005290700953000489,1.4435646277989453e-07,12.420833333333334,82.64583333333333,0.6788207883734633,0.3512819543986404,0.6909003739353203,0.5072147533872939,0.0,0.0,0.0,49.62453779138316
1.0,39.0,2021-10-19,teaching,1356939.4800000023,5880.349999999996,723.0,742.4763,5.725999999999964,0.0005471697971378936,1.249561762475705e-07,12.018749999999999,86.5,0.931640575531153,0.33893197552073945,0.7261003311139071,0.3939069458866973,0.0,0.0,0.0,42.54797035379846
1.0,39.0,2021-10-20,teaching,1356939.4800000023,5880.349999999996,723.0,693.828,8.270999999999978,0.0005113183087575864,1.8049467931254968e-07,15.304166666666667,75.85416666666667,0.05391636298594724,0.3638315545343371,0.6298174135221136,0.9475113502080111,0.0,0.0,0.0,72.16815026127216
1.0,39.0,2021-10-21,teaching,1356939.4800000023,5880.349999999996,723.0,626.4825000000001,24.02699999999994,0.00046168787129695647,5.243314786413532e-07,18.245833333333334,70.0625,0.7133040526903188,0.40134789492154205,0.2610506563344682,0.49002245975642117,0.0,0.0,0.0,42.0344689524631
1.0,39.0,2021-10-22,teaching,1356939.4800000023,5880.349999999996,723.0,713.3843999999999,8.424000000000014,0.0005257304474625491,1.8383353627480657e-07,18.70625,78.5,0.7064072246044442,0.3536093955270337,0.6244540161193112,0.49341374152070594,0.0,0.0,0.0,47.99002963899111
1.0,39.0,2021-10-23,teaching,1356939.4800000023,5880.349999999996,723.0,721.4253,5.104000000000034,0.0005316562091626951,1.1138252245330216e-07,12.997916666666667,90.29166666666667,1.0806355163660983,0.34949018978851465,0.7517893982690363,0.3393797756941118,0.0,0.0,0.0,39.32029698230248
1.0,39.0,2021-10-24,teaching,1356939.4800000023,5880.349999999996,723.0,718.5830000000001,5.6900000000000475,0.0005295615689507382,1.2417056284468855e-07,11.464583333333332,76.27083333333333,0.654816264915576,0.3509407359599049,0.7275629320030341,0.5195375110866215,0.0,0.0,0.0,50.81489409583137
1.0,39.0,2021-10-25,teaching,1356939.4800000023,5880.349999999996,723.0,646.3874000000001,6.791000000000006,0.00047635683796303055,1.481972394162168e-07,11.597916666666668,65.89583333333333,0.9294837147070751,0.3898736372141105,0.6841366911069732,0.3947574652428307,0.0,0.0,0.0,43.40728673076979
1.0,39.0,2021-10-26,teaching,1356939.4800000023,5880.349999999996,723.0,733.8715,7.484000000000021,0.0005408284678989506,1.6332029742173006e-07,12.0875,75.875,0.5391329384922913,0.3432086476241051,0.6581421977821392,0.5832537500694354,0.0,0.0,0.0,53.34416152976548
1.0,39.0,2021-10-27,teaching,1356939.4800000023,5880.349999999996,723.0,681.8646,11.369000000000005,0.0005025018507089195,2.4810107714960507e-07,17.233333333333334,61.354166666666664,1.080559066257845,0.37022997890745124,0.529673399483982,0.3394057223065007,0.0,0.0,0.0,37.401249952407056
1.0,39.0,2021-10-28,teaching,1356939.4800000023,5880.349999999996,723.0,744.0608,10.745999999999954,0.0005483374984417129,2.3450560076080955e-07,17.71896551724138,75.10344827586206,0.49947082146520366,0.3381502929275268,0.5484436354577825,0.6068517076567976,0.0,0.0,0.0,52.75554258836534
1.0,39.0,2021-10-29,teaching,1356939.4800000023,5880.349999999996,723.0,619.336,7.7779999999999845,0.0004564212399509512,1.6973614021194684e-07,13.911475409836067,64.80327868852459,0.786979084640781,0.40554939795417455,0.6474148325307839,0.4552178949598445,0.0,0.0,0.0,47.301805366046
1.0,39.0,2021-10-30,teaching,1356939.4800000023,5880.349999999996,723.0,646.9368999999999,8.462000000000003,0.00047676179338521335,1.8466279486673923e-07,10.077083333333333,76.91666666666667,0.9129156330794934,0.3895615725149754,0.6231290262426983,0.40135232034151924,0.0,0.0,0.0,43.1232594119781
1.0,39.0,2021-10-31,teaching,1356939.4800000023,5880.349999999996,723.0,671.3317999999999,17.740000000000006,0.000494739676967759,3.8713282686551095e-07,13.104166666666666,71.91666666666667,0.44043111751679,0.3759563508111108,0.37097692034843693,0.6437588255430112,0.0,0.0,0.0,52.179477764472004
1.0,39.0,2021-11-01,teaching,1356939.4800000023,5880.349999999996,723.0,722.2567,,0.0005322689115066494,,16.08125,68.41666666666667,0.5451418516153579,0.34906702560719105,,0.5797595376797055,0.0,0.0,0.0,
1.0,39.0,2021-11-02,teaching,1356939.4800000023,5880.349999999996,723.0,656.5649000000001,,0.00048385717246578967,,20.027083333333334,64.97916666666667,1.1876669606855645,0.3841341193300725,,0.30493185282950347,0.0,0.0,0.0,
1.0,39.0,2021-11-03,teaching,1356939.4800000023,5880.349999999996,723.0,675.4984,,0.0004978102634319394,,20.287499999999998,71.16666666666667,1.0209379142179729,0.37368058064662396,,0.3602568916068205,0.0,0.0,0.0,
1.0,39.0,2021-11-04,teaching,1356939.4800000023,5880.349999999996,723.0,735.6003000000001,,0.0005421025114546736,,14.975,82.47916666666667,0.47077410526281255,0.3423451065738052,,0.6245186379520963,0.0,0.0,0.0,
1.0,39.0,2021-11-05,teaching,1356939.4800000023,5880.349999999996,723.0,674.6252,,0.0004971667564717026,,18.185416666666665,82.72916666666667,0.7607376076037888,0.3741563730897506,,0.46732159988649813,0.0,0.0,0.0,
1.0,39.0,2021-11-06,teaching,1356939.4800000023,5880.349999999996,723.0,653.3534999999999,,0.0004814905230703427,,20.400000000000002,81.0625,1.0586784058073972,0.38593597839987265,,0.3469139870121162,0.0,0.0,0.0,
1.0,39.0,2021-11-07,teaching,1356939.4800000023,5880.349999999996,723.0,674.6945000000001,,0.000497217827282908,,14.135416666666666,85.125,0.6747236458237287,0.3741185905281899,,0.5092971475551036,0.0,0.0,0.0,
1.0,39.0,2021-11-08,teaching,1356939.4800000023,5880.349999999996,723.0,720.418,,0.0005309138768664898,,13.456249999999999,68.5,0.5790001503171986,0.35000357050372277,,0.5604584607279384,0.0,0.0,0.0,
1.0,39.0,2021-11-09,teaching,1356939.4800000023,5880.349999999996,723.0,629.3004,,0.00046376452986687284,,13.502083333333333,69.16666666666667,0.5347272447504513,0.39970321215543425,,0.5858290563057194,0.0,0.0,0.0,
1.0,39.0,2021-11-10,teaching,1356939.4800000023,5880.349999999996,723.0,722.2387,4.695114440999946,0.0005322556463608817,1.0245957869229943e-07,12.177083333333334,87.5625,0.976330570169224,0.34907618177981303,0.7691698115190715,0.37669080641527874,0.0,0.0,0.0,42.080161385910614
1.0,39.0,2021-11-11,teaching,1356939.4800000023,5880.349999999996,723.0,634.4242999999999,21.484999999999953,0.00046754060100012625,4.6885844335994823e-07,11.697916666666666,77.16666666666667,0.6189925359848507,0.3967298701318828,0.30090813759215634,0.5384866703518331,0.0,0.0,0.0,45.566487759862696
1.0,39.0,2021-11-12,teaching,1356939.4800000023,5880.349999999996,723.0,670.5859,24.42799999999995,0.0004941899840662008,5.330823390456978e-07,11.497916666666667,96.5625,1.589406337511944,0.3763652168385956,0.25526436081262105,0.20404671066264285,0.0,0.0,0.0,24.126035918657365
1.0,39.0,2021-11-13,teaching,1356939.4800000023,5880.349999999996,723.0,653.0388,5.123000000000001,0.0004812586041051727,1.1179715174926789e-07,11.277999999999999,86.56,1.0214162937665991,0.3861130050049011,0.75099138730643,0.3600845932929048,0.0,0.0,0.0,41.625311573046474
1.0,39.0,2021-11-14,teaching,1356939.4800000023,5880.349999999996,723.0,680.5524,2.0700000000000056,0.0005015348215824621,4.51727706658179e-08,10.648214285714285,71.625,0.8530559125265227,0.37093859963304,0.8907360826372263,0.4261107830016241,0.0,0.0,0.0,47.17950385539437
1.0,39.0,2021-11-15,teaching,1356939.4800000023,5880.349999999996,723.0,712.9173000000001,27.41999999999996,0.0005253862169298802,5.983755418631506e-07,10.13265306122449,70.61224489795919,0.9667044870134918,0.35385016888114157,0.21595184579017251,0.3803343719393878,0.0,0.0,0.0,33.88597226124324
1.0,39.0,2021-11-16,teaching,1356939.4800000023,5880.349999999996,723.0,702.1028,17.059000000000058,0.0005174164436574568,3.7227163999429376e-07,10.629166666666666,79.27083333333333,0.8444910517681563,0.3594707258292235,0.3853707315325801,0.4297760363118721,0.0,0.0,0.0,40.61119274006882
1.0,39.0,2021-11-17,teaching,1356939.4800000023,5880.349999999996,723.0,681.8795,16.20699999999997,0.0005025128313018048,3.5367878945937554e-07,14.379166666666668,72.5,0.25302389478687193,0.37022194031369493,0.4041678173383242,0.7764493285108534,0.0,0.0,0.0,59.247445382412785
1.0,39.0,2021-11-18,teaching,1356939.4800000023,5880.349999999996,723.0,652.039,19.866999999999965,0.0004805217989530372,4.3354948541922715e-07,17.570588235294117,63.450980392156865,0.9753352630545923,0.38667595642037267,0.32939136890432796,0.37706591609862206,0.0,0.0,0.0,37.007161064107805
1.0,39.0,2021-11-19,teaching,1356939.4800000023,5880.349999999996,723.0,699.7495,20.865999999999936,0.0005156821732388528,4.5535025734925163e-07,14.754166666666665,71.10416666666667,0.32505196238786627,0.3607055713838999,0.31150187666866663,0.7224898103709058,0.0,0.0,0.0,53.832462137285766
1.0,39.0,2021-11-20,teaching,1356939.4800000023,5880.349999999996,723.0,633.1647,14.473999999999965,0.00046661233557741203,3.158602331483309e-07,13.704166666666666,67.45833333333333,0.6239707532711866,0.3974587452707005,0.4452785052094873,0.5358126282049309,0.0,0.0,0.0,48.71634876349863
1.0,39.0,2021-11-21,teaching,1356939.4800000023,5880.349999999996,723.0,651.3558,15.454999999999888,0.0004800183129759029,3.3726819837691243e-07,13.643749999999999,75.79166666666667,0.25259807202946727,0.3870611137583029,0.4215189931980014,0.7767800287097432,0.0,0.0,0.0,60.26344515122009
1.0,39.0,2021-11-22,teaching,1356939.4800000023,5880.349999999996,723.0,719.2701,18.768000000000015,0.0005300679290427888,4.095664540367482e-07,15.706249999999999,81.16666666666667,0.4000428696115918,0.3505895288705179,0.3502606466156437,0.6702913102915731,0.0,0.0,0.0,52.180363785539264
1.0,39.0,2021-11-23,teaching,1356939.4800000023,5880.349999999996,723.0,727.9378,21.430000000000042,0.0005364556125966641,4.6765820066109993e-07,19.816666666666666,71.10416666666667,0.9404184383439954,0.3461891517129234,0.3018346559693272,0.39046441588684616,0.0,0.0,0.0,36.37782529319336
1.0,39.0,2021-11-24,teaching,1356939.4800000023,5880.349999999996,723.0,688.8497,24.27200000000001,0.0005076495379145419,5.296780142998693e-07,20.314583333333335,82.54166666666667,1.0849620285164931,0.36648057077447743,0.2574999877415288,0.33791461677040524,0.0,0.0,0.0,32.75126569740724
1.0,39.0,2021-11-25,teaching,1356939.4800000023,5880.349999999996,723.0,712.3607,19.64199999999999,0.0005249760291446445,4.28639401651204e-07,15.010416666666666,93.08333333333333,1.20921385812421,0.35413729036717845,0.33356023825713643,0.2984317969684447,0.0,0.0,0.0,31.545248121304144
1.0,39.0,2021-11-26,teaching,1356939.4800000023,5880.349999999996,723.0,668.3695,11.093000000000005,0.0004925566024506847,2.420780410608294e-07,15.151020408163264,79.85714285714286,0.2891855650364721,0.37758276485308967,0.5379083553322107,0.7488732278205447,0.0,0.0,0.0,61.21180894806729
1.0,39.0,2021-11-27,teaching,1356939.4800000023,5880.349999999996,723.0,667.4663,,0.0004918909869141687,,15.487499999999999,65.39583333333333,0.7242352054313421,0.3780800538728668,,0.4846951194346025,0.0,0.0,0.0,
1.0,39.0,2021-11-28,teaching,1356939.4800000023,5880.349999999996,723.0,674.1288,,0.0004968009332295342,,15.927083333333334,68.10416666666667,0.5562953291552193,0.3744271233932184,,0.5733291300629242,0.0,0.0,0.0,
1.0,39.0,2021-11-29,teaching,1356939.4800000023,5880.349999999996,723.0,637.6239,20.5129999999999,0.00046989855435557,4.476468814820848e-07,19.316666666666666,63.4375,1.1655587685061897,0.39488440659241625,0.3177093771288688,0.3117484181582643,0.0,0.0,0.0,32.862113570952836
1.0,39.0,2021-11-30,teaching,1356939.4800000023,5880.349999999996,723.0,707.5347999999999,32.05199999999997,0.0005214195698690989,6.994577997008648e-07,22.24791666666667,57.958333333333336,1.8172791011776364,0.35663651268919655,0.16669067533156143,0.1624672069149667,0.0,0.0,0.0,19.23201263134275
1.0,39.0,2021-12-01,teaching,1356939.4800000023,5880.349999999996,723.0,706.3549,,0.0005205500395640333,,21.826,65.42,1.44436482584448,0.3572502342255088,,0.23589586393645764,0.0,0.0,0.0,
1.0,39.0,2021-12-02,teaching,1356939.4800000023,5880.349999999996,723.0,701.6447000000001,,0.0005170788456976716,,21.311764705882354,73.92156862745098,1.1657359718276048,0.3597107725246947,,0.3116931801974404,0.0,0.0,0.0,
1.0,39.0,2021-12-03,teaching,1356939.4800000023,5880.349999999996,723.0,676.9726,,0.0004988966788703052,,15.660416666666668,73.04166666666667,0.22108944650774678,0.37287868569369725,,0.8016449727399838,0.0,0.0,0.0,
1.0,39.0,2021-12-04,teaching,1356939.4800000023,5880.349999999996,723.0,669.187,,0.0004931590611542962,,14.652083333333335,65.6875,0.7018951892751644,0.37713322498773366,,0.4956450718895906,0.0,0.0,0.0,
1.0,39.0,2021-12-05,teaching,1356939.4800000023,5880.349999999996,723.0,590.0581,,0.00043484481710267506,,14.793750000000001,66.02083333333333,0.6767167510185707,0.4232263771506126,,0.5082830756762555,0.0,0.0,0.0,
1.0,39.0,2021-12-06,teaching,1356939.4800000023,5880.349999999996,723.0,710.9573,,0.000523941789946298,,20.185416666666665,62.333333333333336,1.3322144308516877,0.3548622673776528,,0.2638922426735424,0.0,0.0,0.0,
1.0,39.0,2021-12-07,teaching,1356939.4800000023,5880.349999999996,723.0,617.8993,,0.0004553624602329346,,14.35,80.97916666666667,0.38620753950802267,0.40639934427132507,,0.6796294610785985,0.0,0.0,0.0,
1.0,39.0,2021-12-08,teaching,1356939.4800000023,5880.349999999996,723.0,700.2676,,0.0005160639883511967,,12.597999999999999,70.9,0.5574548641868526,0.36043334547605327,,0.5726647201296996,0.0,0.0,0.0,
1.0,39.0,2021-12-09,teaching,1356939.4800000023,5880.349999999996,723.0,630.6672000000001,,0.0004647717966021587,,13.80625,87.6875,0.862659038320838,0.39890790090542644,,0.42203837278039846,0.0,0.0,0.0,
1.0,39.0,2021-12-10,teaching,1356939.4800000023,5880.349999999996,723.0,698.6147,4.930205993999954,0.0005148458794934604,1.0758988632956527e-07,15.133333333333333,73.72916666666667,0.14033680407320254,0.36130254929266653,0.7591283132138156,0.8690654813072041,0.0,0.0,0.0,70.64143173192241
1.0,39.0,2021-12-11,teaching,1356939.4800000023,5880.349999999996,723.0,673.7396,4.0220000000000145,0.0004965141112999371,8.777047517773901e-08,16.58125,69.9375,0.49521058511888966,0.37463954086716317,0.7986612949724954,0.6094425542494197,0.0,0.0,0.0,57.76282447904757
1.0,39.0,2021-12-12,teaching,1356939.4800000023,5880.349999999996,723.0,667.6934,24.849000000000053,0.0004920583488366031,5.422696513405354e-07,18.620833333333334,65.91666666666667,0.9521262668011791,0.3779549542541364,0.24932743120375228,0.38591958246650543,0.0,0.0,0.0,35.559212862024886
1.0,39.0,2021-12-13,teaching,1356939.4800000023,5880.349999999996,723.0,701.3556,39.17699999999996,0.0005168657927175933,8.549437856882807e-07,22.112244897959183,62.63265306122449,1.592875899184121,0.359862344868147,0.11192988662553288,0.20333998473953713,0.0,0.0,0.0,20.6056092671409
1.0,39.0,2021-12-14,teaching,1356939.4800000023,5880.349999999996,723.0,672.8861999999999,39.389999999999866,0.0004958851960000447,8.595919983220078e-07,18.8,73.60416666666667,0.7120345457857282,0.37510573120503005,0.110605140931136,0.49064494169144185,0.0,0.0,0.0,35.61714139989523
1.0,39.0,2021-12-15,teaching,1356939.4800000023,5880.349999999996,723.0,660.309,22.24500000000009,0.0004866163964807029,4.85443615198609e-07,15.814583333333333,86.0625,0.7351259415619049,0.38204399051787125,0.2883927291261096,0.4794450731110737,0.0,0.0,0.0,41.78230330538737
1.0,39.0,2021-12-16,teaching,1356939.4800000023,5880.349999999996,723.0,602.1169,28.113999999999947,0.00044373158042391027,6.135204224631878e-07,16.072916666666668,65.91666666666667,0.7099325829301941,0.4158542374813457,0.20773491610301892,0.4916773437894466,0.0,0.0,0.0,40.74970648922278
1.0,39.0,2021-12-17,teaching,1356939.4800000023,5880.349999999996,723.0,690.5509,32.99900000000011,0.0005089032415800879,7.201237967156163e-07,20.072916666666668,56.6875,1.6197337432800898,0.3655731785137662,0.15809644386794283,0.19795139795751052,0.0,0.0,0.0,21.619999406735523
1.0,39.0,2021-12-18,teaching,1356939.4800000023,5880.349999999996,723.0,709.2514,29.447000000000024,0.0005226846226038016,6.426099409644141e-07,23.726530612244897,47.673469387755105,2.5271210623182934,0.3557455104751609,0.1928190000220608,0.07988868407633062,0.0,0.0,0.0,12.757736537147474
1.0,39.0,2021-12-19,teaching,1356939.4800000023,5880.349999999996,723.0,673.1009,21.16500000000004,0.0004960434197109505,4.618752131120942e-07,17.098181818181818,75.0,0.3866131411955332,0.37498839156449776,0.3063389336222337,0.6793538581185943,0.0,0.0,0.0,52.103317701210365
1.0,39.0,2021-12-20,teaching,1356939.4800000023,5880.349999999996,723.0,672.4498000000001,28.557000000000194,0.000495563589910435,6.231878318375687e-07,18.708333333333332,54.0625,1.6543843364109043,0.3753443493613111,0.20265406011462817,0.19120974034968588,0.0,0.0,0.0,22.240112287999334
1.0,39.0,2021-12-21,teaching,1356939.4800000023,5880.349999999996,723.0,709.8374,22.033999999999914,0.000523116476793791,4.808390477539252e-07,18.977083333333333,71.0625,0.7981052228892715,0.3554418567780358,0.2918142566517854,0.45018114944929066,0.0,0.0,0.0,39.679614998136444
1.0,39.0,2021-12-22,teaching,1356939.4800000023,5880.349999999996,723.0,651.9121,5.4789999999999885,0.0004804282796753757,1.195659954000073e-07,17.145833333333332,67.1875,0.7119476299606047,0.38674746792107023,0.7361948299224156,0.4906875883546998,0.0,0.0,0.0,50.17377412217648
1.0,39.0,2021-12-23,teaching,1356939.4800000023,5880.349999999996,723.0,678.6356000000001,3.5260000000001135,0.0005001222309487221,7.694646829356454e-08,16.570833333333333,66.97916666666667,0.6726945284115683,0.37197615780091414,0.8211139801907266,0.5103316204437088,0.0,0.0,0.0,51.978140201862
1.0,39.0,2021-12-24,teaching,1356939.4800000023,5880.349999999996,723.0,630.8677,3.9190000000000254,0.00046491955558695876,8.552274794171064e-08,19.724999999999998,61.479166666666664,1.3172402165621913,0.3987913674786462,0.8032727749452159,0.26787355578963773,0.0,0.0,0.0,35.3675852976184
1.0,39.0,2021-12-25,teaching,1356939.4800000023,5880.349999999996,723.0,634.7017000000001,6.223999999999961,0.00046774503163545585,1.3582382832079618e-07,18.495833333333334,73.64583333333333,0.6567131903996761,0.3965695306311494,0.70616676601044,0.5185529212838791,0.0,0.0,0.0,51.79261227815177
1.0,39.0,2021-12-26,teaching,1356939.4800000023,5880.349999999996,723.0,612.2647,1.8609999999999616,0.0004512100274361528,4.0611848410186065e-08,15.660416666666668,60.583333333333336,1.06082226100189,0.40974998008590985,0.9012031322868018,0.34617105031791545,0.0,0.0,0.0,42.489858732695566
1.0,39.0,2021-12-27,teaching,1356939.4800000023,5880.349999999996,723.0,672.9656,4.419999999999934,0.0004959437100319307,9.645586779850803e-08,17.072916666666668,56.583333333333336,1.385490761529911,0.3750623325747076,0.7810896088624832,0.2502009806406595,0.0,0.0,0.0,33.31892088376677
1.0,39.0,2021-12-28,teaching,1356939.4800000023,5880.349999999996,723.0,671.6254,3.346000000000089,0.0004949560462342793,7.301840127914508e-08,17.41875,66.1875,0.7977531183195008,0.3757955354534335,0.8294173095884158,0.4503396881987075,0.0,0.0,0.0,48.32610018357232
1.0,39.0,2021-12-29,teaching,1356939.4800000023,5880.349999999996,723.0,647.9135,6.86500000000008,0.0004774815012383595,1.498121114110351e-07,18.379166666666666,70.29166666666667,0.7254456851062165,0.38900757121437296,0.6813126802235084,0.4841087608032162,0.0,0.0,0.0,49.140353326098044
1.0,39.0,2021-12-30,teaching,1356939.4800000023,5880.349999999996,723.0,687.2791,4.575999999999997,0.0005064920802510653,9.986019254433914e-08,23.139583333333334,60.125,1.8482305642499668,0.3673203025315893,0.7743081523708535,0.15751563366932955,0.0,0.0,0.0,24.93234686633281
1.0,39.0,2021-12-31,teaching,1356939.4800000023,5880.349999999996,723.0,715.7482,10.271999999999888,0.000527472455882851,2.241616909561716e-07,28.0125,42.020833333333336,3.3513911968389722,0.352393451171705,0.563169000686064,0.03503557879421551,0.0,0.0,0.0,9.284030818056264
1.0,39.0,2022-01-01,teaching,1356939.4800000023,5880.349999999996,723.0,705.3770999999999,4.585999999999974,0.000519829447367836,1.0007841848958413e-07,27.453061224489797,37.63265306122449,3.503926159358705,0.35775963423093726,0.7738754571307228,0.030079056120706413,1.0,0.0,0.0,8.972754472892618
1.0,39.0,2022-01-02,teaching,1356939.4800000023,5880.349999999996,723.0,661.3082999999999,35.55500000000008,0.000487352833156567,7.759023483203646e-07,23.827083333333334,52.6875,2.281201719085095,0.3814880606175373,0.1370481244580325,0.10216136365843015,0.0,0.0,0.0,14.16992010180726
1.0,39.0,2022-01-03,teaching,1356939.4800000023,5880.349999999996,723.0,670.1856,42.61999999999994,0.0004938949819633804,9.300789786363049e-07,18.770833333333332,62.229166666666664,1.1664335066070517,0.3765848251079783,0.09233458543948242,0.31147583917401006,0.0,0.0,0.0,26.11955974394929
1.0,39.0,2022-01-04,teaching,1356939.4800000023,5880.349999999996,723.0,675.2242,,0.0004976081910447464,,19.587500000000002,76.0625,0.8419203638498232,0.3738299225540211,,0.43088227766744147,0.0,0.0,0.0,
1.0,39.0,2022-01-05,teaching,1356939.4800000023,5880.349999999996,723.0,698.1557,,0.0005145076182763868,,23.396,69.86,1.5957262377291015,0.36154429340611355,,0.20276122216977172,0.0,0.0,0.0,
1.0,39.0,2022-01-06,teaching,1356939.4800000023,5880.349999999996,723.0,666.1378,,0.0004909119454612662,,23.728571428571428,67.44897959183673,1.704176816969139,0.37881269740346474,,0.18192207972328736,0.0,0.0,0.0,
1.0,39.0,2022-01-07,teaching,1356939.4800000023,5880.349999999996,723.0,664.1531,,0.0004894493157498807,,21.867346938775512,78.9795918367347,1.2815233450777959,0.3799098689040504,,0.2776140761402859,0.0,0.0,0.0,
1.0,39.0,2022-01-08,teaching,1356939.4800000023,5880.349999999996,723.0,592.5509999999999,,0.00043668196609623216,,18.152083333333334,91.125,1.2183177255946473,0.42169170386302124,,0.29572724306952797,0.0,0.0,0.0,
1.0,39.0,2022-01-09,teaching,1356939.4800000023,5880.349999999996,723.0,641.0255,,0.00047240537212462773,,19.243750000000002,69.375,0.8950002561706416,0.3929318472574817,,0.40860749396759116,0.0,0.0,0.0,
1.0,39.0,2022-01-10,teaching,1356939.4800000023,5880.349999999996,723.0,698.8559,,0.0005150236324467461,,23.327083333333334,65.4375,1.6892644998550121,0.3611755799259103,,0.18465528805076104,0.0,0.0,0.0,
1.0,39.0,2022-01-11,teaching,1356939.4800000023,5880.349999999996,723.0,697.6261,,0.0005141173282098026,,24.239583333333332,62.166666666666664,1.9426654668266612,0.3618234218063594,,0.1433214217011388,0.0,0.0,0.0,
1.0,39.0,2022-01-12,teaching,1356939.4800000023,5880.349999999996,723.0,708.4355,,0.0005220833430242584,,23.489583333333332,66.5,1.6868729624101704,0.35616872592112475,,0.18509742657120373,0.0,0.0,0.0,
1.0,39.0,2022-01-13,teaching,1356939.4800000023,5880.349999999996,723.0,732.7175,8.079000000000097,0.0005399780246647394,1.7630474116383873e-07,25.579166666666666,56.895833333333336,2.3451769028350458,0.3437862862028898,0.6366131748156494,0.0958302479883727,0.0,0.0,0.0,17.50618537898184
1.0,39.0,2022-01-14,teaching,1356939.4800000023,5880.349999999996,723.0,584.2591,8.558999999999942,0.0004305712293078826,1.867795865356192e-07,25.620833333333334,68.66666666666667,2.013057728257108,0.42681798627474204,0.6197595489804941,0.13357959945129125,0.0,0.0,0.0,22.350131498717467
1.0,39.0,2022-01-15,teaching,1356939.4800000023,5880.349999999996,723.0,635.6835000000001,1.2099999999999156,0.0004684685716418237,2.6405339374703235e-08,20.835416666666667,77.83333333333333,1.081361674121902,0.39600256245837995,0.9346010263118301,0.33913342189451506,0.0,0.0,0.0,41.92941806515976
1.0,39.0,2022-01-16,teaching,1356939.4800000023,5880.349999999996,723.0,669.2701,1.758999999999883,0.0004932203019105899,3.8385943768680284e-08,24.650000000000002,52.270833333333336,2.410845641349155,0.37708755862005977,0.9063560259338481,0.0897393751501963,0.0,0.0,0.0,18.250770977107248
1.0,39.0,2022-01-17,teaching,1356939.4800000023,5880.349999999996,723.0,702.1712,18.29600000000008,0.0005174668512113737,3.992661894211622e-07,20.979166666666668,63.854166666666664,1.3740363024488689,0.35943489763399356,0.359624717520715,0.25308337414948273,0.0,0.0,0.0,28.982441329615636
1.0,39.0,2022-01-18,teaching,1356939.4800000023,5880.349999999996,723.0,686.3897,24.10100000000029,0.0005058366346596377,5.259463506361775e-07,18.55,56.895833333333336,1.463529088567796,0.3677966791854996,0.25997307943469095,0.23141813683724655,0.0,0.0,0.0,26.02343540426849
1.0,39.0,2022-01-19,teaching,1356939.4800000023,5880.349999999996,723.0,691.3921,40.504999999999875,0.00050952316605896,8.839241912168809e-07,20.227083333333333,62.145833333333336,1.3468372279771834,0.3651253266577173,0.10392206557969018,0.2600614764640969,0.0,0.0,0.0,23.72337389890079
1.0,39.0,2022-01-20,teaching,1356939.4800000023,5880.349999999996,723.0,724.5995,37.14300000000006,0.0005339954439235557,8.10556628425349e-07,21.4375,55.770833333333336,1.8241812519762168,0.3478773464337958,0.12540737829683155,0.16134969480804626,0.0,0.0,0.0,18.11372964981128
1.0,39.0,2022-01-21,teaching,1356939.4800000023,5880.349999999996,723.0,692.7975,35.74199999999999,0.0005105588791623918,7.799831734964534e-07,24.12708333333333,50.229166666666664,2.442259056079832,0.3643783204433095,0.13562305330137686,0.08696417244866642,0.0,0.0,0.0,12.69008677170608
1.0,39.0,2022-01-22,teaching,1356939.4800000023,5880.349999999996,723.0,730.4058,26.59999999999999,0.0005382744114719094,5.804810143530205e-07,25.49791666666667,48.0625,2.7264075075137435,0.34494634144174124,0.22608049514255454,0.06545401084080124,0.0,0.0,0.0,11.53743029638408
1.0,39.0,2022-01-23,teaching,1356939.4800000023,5880.349999999996,723.0,680.7339999999999,0.8540000000000489,0.0005016686521642061,1.863649572396647e-08,26.527083333333334,48.125,2.8606918724064863,0.3708404502995086,0.9533852898721085,0.05722915129424314,0.0,0.0,0.0,13.923103826466294
1.0,39.0,2022-01-24,teaching,1356939.4800000023,5880.349999999996,723.0,727.6855,125.49000000000007,0.000536269679470155,2.738517386885737e-06,27.741666666666664,48.833333333333336,2.9989879334771503,0.3463164543760538,0.0008987251859676356,0.04983748169954943,0.0,0.0,0.0,3.664130430686164
1.0,39.0,2022-01-25,teaching,1356939.4800000023,5880.349999999996,723.0,737.6786,49.468999999999824,0.0005436341199240505,1.0795419285349429e-06,27.683333333333334,51.145833333333336,2.89250041398672,0.34130986469628866,0.06296501174324011,0.055437422660617935,0.0,0.0,0.0,8.28690959596352
1.0,39.0,2022-01-26,teaching,1356939.4800000023,5880.349999999996,723.0,708.0886,40.765000000000114,0.0005218276941872152,8.89598065793269e-07,27.433333333333334,59.708333333333336,2.543337468147606,0.35634881890893666,0.10242266131170555,0.07860362443955383,0.0,0.0,0.0,11.294519801569757
1.0,39.0,2022-01-27,teaching,1356939.4800000023,5880.349999999996,723.0,737.3427999999999,57.65899999999995,0.0005433866512602306,1.2582689776910073e-06,26.018367346938778,69.57142857142857,2.0701551040595567,0.34147692095093285,0.03983641925909286,0.12616621129580216,0.0,0.0,0.0,12.659159099031582
1.0,39.0,2022-01-28,teaching,1356939.4800000023,5880.349999999996,723.0,723.5012,42.765000000000114,0.0005331860489459698,9.332432548423683e-07,24.846,78.74,1.821753023662176,0.3484345599752474,0.09158923028895362,0.16174196477321426,0.0,0.0,0.0,17.162934596346016
1.0,39.0,2022-01-29,teaching,1356939.4800000023,5880.349999999996,723.0,676.9536,31.78099999999983,0.000498882676771995,6.935438765847087e-07,19.195833333333333,88.52083333333333,1.1776354921708945,0.3728890098392303,0.16923494876277315,0.30800616124362584,0.0,0.0,0.0,28.82430932839283
1.0,39.0,2022-01-30,teaching,1356939.4800000023,5880.349999999996,723.0,683.6912,14.100999999999942,0.0005038479682233129,3.0772040539067335e-07,23.416666666666668,77.75,1.552907362522929,0.3692458225245,0.4546598593290009,0.21163178819361889,0.0,0.0,0.0,27.22412879546124
1.0,39.0,2022-01-31,teaching,1356939.4800000023,5880.349999999996,723.0,579.9363000000001,33.10400000000017,0.0004273855308565413,7.224151691406954e-07,26.368750000000002,69.54166666666667,2.133717703607706,0.42951512567836275,0.1571712618089779,0.11839631224369554,0.0,0.0,0.0,16.29261621496769
1.0,39.0,2022-02-01,teaching,1356939.4800000023,5880.349999999996,723.0,663.8451,2.969000000000058,0.0004892223343667463,6.479128314338919e-08,20.665306122448982,68.48979591836735,1.1554748463131155,0.38008042046646395,0.8470812720416737,0.3149079685074066,0.0,0.0,0.0,39.03602012817871
1.0,39.0,2022-02-02,teaching,1356939.4800000023,5880.349999999996,723.0,687.508,29.90900000000012,0.0005066607686880765,6.526919796347582e-07,16.055102040816326,60.0,1.1113812400289733,0.3671977999496767,0.1879032950024027,0.32910407527180546,0.0,0.0,0.0,30.485174258926495
1.0,39.0,2022-02-03,teaching,1356939.4800000023,5880.349999999996,723.0,674.5813,45.467999999999954,0.0004971344042550807,9.922297278422226e-07,15.358333333333334,69.39583333333333,0.44493273048625537,0.3741803094715959,0.0787457018940311,0.6408673854197208,0.0,0.0,0.0,39.48855663970655
1.0,39.0,2022-02-04,teaching,1356939.4800000023,5880.349999999996,723.0,648.1539,,0.0004776586646296111,,17.818749999999998,64.85416666666667,0.9159082445611152,0.38887131905472144,,0.40015302418825566,0.0,0.0,0.0,
1.0,39.0,2022-02-05,teaching,1356939.4800000023,5880.349999999996,723.0,593.8015,,0.00043760352525080856,,19.695833333333333,60.666666666666664,1.356938316092155,0.42092397112616176,,0.2574477953100618,0.0,0.0,0.0,
1.0,39.0,2022-02-06,teaching,1356939.4800000023,5880.349999999996,723.0,611.2671,,0.00045047484357961125,,21.058333333333334,59.395833333333336,1.5905177368540635,0.41034607859910427,,0.20382005925609295,0.0,0.0,0.0,
1.0,39.0,2022-02-07,teaching,1356939.4800000023,5880.349999999996,723.0,716.8567,,0.0005282893677763719,,21.462500000000002,56.4375,1.7921181398494932,0.3518246771480563,,0.16660689894886327,0.0,0.0,0.0,
1.0,39.0,2022-02-08,teaching,1356939.4800000023,5880.349999999996,723.0,758.8496,,0.0005592361422043662,,22.400000000000002,54.354166666666664,2.0153904513958896,0.3309409050084971,,0.13326835838953263,0.0,0.0,0.0,
1.0,39.0,2022-02-09,teaching,1356939.4800000023,5880.349999999996,723.0,708.7341,,0.0005223033970534919,,21.538,63.46,1.4732737939685578,0.3560137807491579,,0.2291739873158959,0.0,0.0,0.0,
1.0,39.0,2022-02-10,teaching,1356939.4800000023,5880.349999999996,723.0,649.8849,,0.00047893432948092787,,19.764583333333334,66.29166666666667,1.0933170933127507,0.38789164344262134,,0.33510307989349686,0.0,0.0,0.0,
1.0,39.0,2022-02-11,teaching,1356939.4800000023,5880.349999999996,723.0,644.5444,,0.00047499863442693766,,18.324489795918367,59.10204081632653,1.3078162495879233,0.3909221155621546,,0.2704099198669046,0.0,0.0,0.0,
1.0,39.0,2022-02-12,teaching,1356939.4800000023,5880.349999999996,723.0,626.8575,,0.0004619642285004479,,20.833333333333332,63.833333333333336,1.3535720487724154,0.401128634347955,,0.2583158937158435,0.0,0.0,0.0,
1.0,39.0,2022-02-13,teaching,1356939.4800000023,5880.349999999996,723.0,669.3123,14.466999999999903,0.0004932514013078895,3.157074749866577e-07,24.554166666666664,52.020833333333336,2.4097891048980333,0.37706437035548585,0.4454527678934512,0.08983423817544098,0.0,0.0,0.0,16.100361141726996
1.0,39.0,2022-02-14,teaching,1356939.4800000023,5880.349999999996,723.0,734.7945,22.67000000000019,0.000541508675095811,4.947182178715447e-07,23.39591836734694,57.265306122448976,2.0078782304289695,0.34274733553697695,0.2816223265005952,0.13427326957722002,0.0,0.0,0.0,18.621293909760876
1.0,39.0,2022-02-15,teaching,1356939.4800000023,5880.349999999996,723.0,713.7224000000001,25.19899999999985,0.0005259795374219629,5.499075594241234e-07,20.139583333333334,73.08333333333333,0.9609202477133156,0.3534352707826629,0.2444969941923676,0.38254069175016847,0.0,0.0,0.0,34.755172957196955
1.0,39.0,2022-02-16,teaching,1356939.4800000023,5880.349999999996,723.0,711.513,34.52700000000006,0.0005243513144742452,7.53468721149127e-07,20.2,73.5625,0.966089617944587,0.3545750231330085,0.14515387795409695,0.380568299690634,0.0,0.0,0.0,31.60574822497907
1.0,39.0,2022-02-17,teaching,1356939.4800000023,5880.349999999996,723.0,699.1707,24.356999999999903,0.0005152556251071705,5.315329348344537e-07,19.960416666666667,66.08333333333333,1.130899162388084,0.3610099341220326,0.256279440808261,0.3227429276139108,0.0,0.0,0.0,31.7140581493981
1.0,39.0,2022-02-18,teaching,1356939.4800000023,5880.349999999996,723.0,614.6220000000001,8.801999999999916,0.0004529472456649275,1.920824770050842e-07,17.420833333333334,62.25,1.0373213862137198,0.4083448548627783,0.6113982647682528,0.3544027196893224,0.0,0.0,0.0,40.21152995498853
1.0,39.0,2022-02-19,teaching,1356939.4800000023,5880.349999999996,723.0,607.848,5.936000000000028,0.00044795512914105716,1.2953892109772734e-07,17.985416666666666,61.9375,1.1046128701764335,0.4123956893956152,0.7176269035557339,0.3313391286747944,0.0,0.0,0.0,39.77837825055224
1.0,39.0,2022-02-20,teaching,1356939.4800000023,5880.349999999996,723.0,651.7681,5.844999999999953,0.00048032215850923497,1.2755306499599168e-07,17.977083333333333,70.16666666666667,0.66839625729531,0.38682863174195115,0.7212865133547772,0.5125298850918616,0.0,0.0,0.0,51.34881545386183
1.0,39.0,2022-02-21,teaching,1356939.4800000023,5880.349999999996,723.0,657.6451,9.188000000000002,0.0004846532286023536,2.0050599849156226e-07,16.597916666666666,68.1875,0.6000216529541674,0.38352993113391703,0.5983478487537102,0.5487997528294779,0.0,0.0,0.0,51.71150956521166
1.0,39.0,2022-02-22,teaching,1356939.4800000023,5880.349999999996,723.0,658.4066,11.78600000000006,0.00048521441796357703,2.572010990663435e-07,17.520833333333332,67.9375,0.7116342176598398,0.3831045725763863,0.5174699614647051,0.49084139998269183,0.0,0.0,0.0,47.048290295071666
1.0,39.0,2022-02-23,teaching,1356939.4800000023,5880.349999999996,723.0,721.4855,23.960000000000196,0.0005317005737057623,5.228693648082139e-07,23.020833333333332,66.47916666666667,1.6079966377692523,0.3494595321021271,0.2620301525119327,0.2002884627600689,0.0,0.0,0.0,23.59502893410525
1.0,39.0,2022-02-24,teaching,1356939.4800000023,5880.349999999996,723.0,683.3372999999999,26.19600000000011,0.0005035871607184712,5.716646861651051e-07,21.329166666666666,80.60416666666667,1.2109412127101506,0.36943629625562574,0.23124402942347855,0.2979167444026323,0.0,0.0,0.0,29.79104902274517
1.0,39.0,2022-02-25,teaching,1356939.4800000023,5880.349999999996,723.0,582.3235,30.815,0.0004291447839663409,6.724632502739975e-07,19.618750000000002,70.39583333333333,0.9249148370443705,0.42802357145970377,0.17862428348931056,0.3965651903006495,0.0,0.0,0.0,34.97801463970582
1.0,39.0,2022-02-26,teaching,1356939.4800000023,5880.349999999996,723.0,717.8869,27.779000000000053,0.0005290485762858036,6.062098532974659e-07,21.902083333333334,72.04166666666667,1.2932797277404853,0.35129690211599557,0.21166151473516517,0.2743694487398851,0.0,0.0,0.0,27.590118471808957
1.0,39.0,2022-02-27,teaching,1356939.4800000023,5880.349999999996,723.0,724.707,27.211999999999904,0.0005340746663218899,5.93836442202043e-07,20.177083333333332,81.04166666666667,1.0198349288190185,0.3478228550869425,0.21847728574176464,0.36065446891881364,0.0,0.0,0.0,32.7486658922841
1.0,39.0,2022-02-28,teaching,1356939.4800000023,5880.349999999996,723.0,703.6354,38.181000000000196,0.000518545897124313,8.332084815418346e-07,20.983333333333334,82.125,1.1856333358272926,0.35866879959547354,0.11833815230045805,0.305552600795812,0.0,0.0,0.0,26.70193445704958
1.0,39.0,2022-03-01,teaching,1356939.4800000023,5880.349999999996,723.0,738.095,4.924999999999983,0.0005439409869628075,1.0747627803340665e-07,21.78125,89.97916666666667,1.592846454793622,0.3411028244616587,0.7593492518677317,0.20334597204959776,0.0,0.0,0.0,28.6174821168917
1.0,39.0,2022-03-02,teaching,1356939.4800000023,5880.349999999996,723.0,762.079,16.28000000000001,0.0005616160567455806,3.552718388596685e-07,23.304166666666664,74.95833333333333,1.5266726498204364,0.32938716714283195,0.4025219740442641,0.21725735729934612,0.0,0.0,0.0,26.436803872003644
1.0,39.0,2022-03-03,teaching,1356939.4800000023,5880.349999999996,723.0,735.9024,42.76100000000008,0.0005423251448178063,9.331559644642694e-07,23.652083333333334,67.3125,1.6941936050489572,0.3421944298375531,0.0916097108859814,0.18374734222986422,0.0,0.0,0.0,18.49172114692924
1.0,39.0,2022-03-04,teaching,1356939.4800000023,5880.349999999996,723.0,598.6131,,0.0004411494461049943,,23.93541666666667,69.9375,1.690617011976076,0.41798294783980156,,0.184405708353283,0.0,0.0,0.0,
1.0,39.0,2022-03-05,teaching,1356939.4800000023,5880.349999999996,723.0,650.3744,,0.0004792950677505521,,18.85625,97.66666666666667,1.6839955405474434,0.38761505426655246,,0.18563079695094423,0.0,0.0,0.0,
1.0,39.0,2022-03-06,teaching,1356939.4800000023,5880.349999999996,723.0,617.0813,,0.0004547596330530519,,17.910416666666666,87.41666666666667,0.973382518966692,0.4068840655837444,,0.3778029487208752,0.0,0.0,0.0,
1.0,39.0,2022-03-07,teaching,1356939.4800000023,5880.349999999996,723.0,670.6551,,0.0004942409811821518,,18.970833333333335,78.10416666666667,0.7467569160800251,0.37632726606589945,,0.47390096387972924,0.0,0.0,0.0,
1.0,39.0,2022-03-08,teaching,1356939.4800000023,5880.349999999996,723.0,689.7012,,0.0005082770530046033,,17.818749999999998,75.47916666666667,0.5162621924981292,0.36602611341738567,,0.5967469095979318,0.0,0.0,0.0,
1.0,39.0,2022-03-09,teaching,1356939.4800000023,5880.349999999996,723.0,670.5493,,0.00049416301160314,,17.14375,64.29166666666667,0.8870860522721289,0.37638529061545195,,0.41185412730245524,0.0,0.0,0.0,
1.0,39.0,2022-03-10,teaching,1356939.4800000023,5880.349999999996,723.0,647.28,,0.0004770146418025945,,15.714583333333332,71.3125,0.33282844128658184,0.3893668504303308,,0.7168931728767587,0.0,0.0,0.0,
1.0,39.0,2022-03-11,teaching,1356939.4800000023,5880.349999999996,723.0,682.3587,,0.0005028659789602398,,15.129166666666668,73.20833333333333,0.1761707178714994,0.3699635035571701,,0.8384748284798516,0.0,0.0,0.0,
1.0,39.0,2022-03-12,teaching,1356939.4800000023,5880.349999999996,723.0,650.482,,0.00047937436384414055,,16.027083333333334,73.9375,0.2237734975828673,0.38755428194807384,,0.7994962016846687,0.0,0.0,0.0,
1.0,39.0,2022-03-13,teaching,1356939.4800000023,5880.349999999996,723.0,701.0941,7.4350000000000716,0.0005166730796276919,1.6225099029002822e-07,21.027083333333334,66.29166666666667,1.2867308033096674,0.35999950181025453,0.659947294057247,0.2761721700255596,0.0,0.0,0.0,34.06598878489853
1.0,39.0,2022-03-14,teaching,1356939.4800000023,5880.349999999996,723.0,682.6766,31.414000000000016,0.0005031002561735464,6.855349843942031e-07,21.758333333333336,64.375,1.4713322465989243,0.36979215684836825,0.17274253216850777,0.22961937169568272,0.0,0.0,0.0,24.114846779881567
1.0,39.0,2022-03-15,teaching,1356939.4800000023,5880.349999999996,723.0,653.4949,42.043000000000085,0.00048159472815987263,9.174873415956428e-07,21.46875,76.83333333333333,1.1904122299857394,0.3858564637997486,0.09536116625432829,0.3040958807845061,0.0,0.0,0.0,26.01734019332089
1.0,39.0,2022-03-16,teaching,1356939.4800000023,5880.349999999996,723.0,702.9655,28.297999999999853,0.0005180522126159958,6.175357798557029e-07,19.150000000000002,85.875,1.0389111802600028,0.3590191015158019,0.20560929663111419,0.35383973998503987,0.0,0.0,0.0,32.23323614530917
1.0,39.0,2022-03-17,teaching,1356939.4800000023,5880.349999999996,723.0,664.9672,38.0140000000001,0.0004900492688148471,8.295641082562327e-07,20.935416666666665,76.97916666666667,1.0932304677118982,0.37945943850455194,0.11944799012685695,0.3351321096564823,0.0,0.0,0.0,28.642096062448918
1.0,39.0,2022-03-18,teaching,1356939.4800000023,5880.349999999996,723.0,678.1902,15.88999999999998,0.0004997939922862284,3.467610269950935e-07,19.2625,78.45833333333333,0.8046783800139662,0.3722176667394766,0.41139325319984515,0.4472317420977884,0.0,0.0,0.0,42.40847891412135
1.0,39.0,2022-03-19,teaching,1356939.4800000023,5880.349999999996,723.0,626.172,8.29600000000002,0.00046145904753246543,1.8104024417566436e-07,20.202173913043477,72.58695652173913,0.9793499449423337,0.40152953337502373,0.6289379032426804,0.3755551510444933,0.0,0.0,0.0,41.73097735347242
1.0,39.0,2022-03-20,teaching,1356939.4800000023,5880.349999999996,723.0,661.3235,6.747999999999983,0.00048736403483521523,1.472588678516607e-07,20.13695652173913,81.6304347826087,1.0286665030613684,0.38147961081277987,0.6857830443844096,0.3574833458166782,0.0,0.0,0.0,40.67548123430218
1.0,39.0,2022-03-21,teaching,1356939.4800000023,5880.349999999996,723.0,702.4833,22.627000000000116,0.0005176968540999329,4.937798463069875e-07,21.489583333333332,79.08333333333333,1.2145189441939026,0.3592714637130701,0.2823000417090631,0.29685278270618226,0.0,0.0,0.0,30.617584347050226
1.0,39.0,2022-03-22,teaching,1356939.4800000023,5880.349999999996,723.0,687.6759,25.932999999999822,0.0005067845030199864,5.659253438051422e-07,18.304255319148936,87.74468085106383,1.0333103944576865,0.36710796929097966,0.23466864728787215,0.3558270807168823,0.0,0.0,0.0,33.266026361141776
1.0,39.0,2022-03-23,teaching,1356939.4800000023,5880.349999999996,723.0,671.4718,,0.0004948428503237292,,15.825531914893617,75.12765957446808,0.15468061594541888,0.3758796591566371,,0.8566887465198716,0.0,0.0,0.0,
1.0,39.0,2022-03-24,teaching,1356939.4800000023,5880.349999999996,723.0,631.2142,,0.0004651749096429849,,16.058333333333334,65.83333333333333,0.714790061651516,0.39859005704057504,,0.4892948227614814,0.0,0.0,0.0,
1.0,39.0,2022-03-25,teaching,1356939.4800000023,5880.349999999996,723.0,622.058,,0.0004584272247720281,,15.239583333333334,76.3125,0.0583130601247868,0.4039439442646704,,0.9433545745036549,0.0,0.0,0.0,
1.0,39.0,2022-03-26,teaching,1356939.4800000023,5880.349999999996,723.0,578.525,,0.0004263454697331078,,16.620833333333334,81.6875,0.5099150891035277,0.43039936822424973,,0.6005465695949964,0.0,0.0,0.0,
1.0,39.0,2022-03-27,teaching,1356939.4800000023,5880.349999999996,723.0,575.9119000000001,,0.00042441973904392484,,19.900000000000002,65.0625,1.1658859468906557,0.4320414006656367,,0.31164643749829496,0.0,0.0,0.0,
1.0,39.0,2022-03-28,teaching,1356939.4800000023,5880.349999999996,723.0,628.0014,,0.00046280722851397833,,18.429166666666667,71.3125,0.699323965449717,0.40046054160625605,,0.49692112611489214,0.0,0.0,0.0,
1.0,39.0,2022-03-29,teaching,1356939.4800000023,5880.349999999996,723.0,611.1345,,0.0004503771236724566,,16.722916666666666,82.64583333333333,0.5756717612439576,0.4104253766872618,,0.562326992419871,0.0,0.0,0.0,
1.0,39.0,2022-03-30,teaching,1356939.4800000023,5880.349999999996,723.0,658.0763,,0.0004849710025387417,,16.716666666666665,65.72916666666667,0.7630021667328062,0.38328901353753064,,0.46626451985315354,0.0,0.0,0.0,
1.0,39.0,2022-03-31,teaching,1356939.4800000023,5880.349999999996,723.0,654.415,,0.0004822727981943593,,15.472916666666668,67.45833333333333,0.5814948175136282,0.38533945654290463,,0.5590620459103178,0.0,0.0,0.0,
1.0,39.0,2022-04-01,teaching,1356939.4800000023,5880.349999999996,723.0,533.4987,4.224000000000149,0.0003931632234622572,9.2178639271701e-08,14.864583333333334,68.29166666666667,0.5180834774038625,0.45958643979418495,0.7896941515556353,0.5956610525865864,0.0,0.0,0.0,59.3210236279494
1.0,39.0,2022-04-02,teaching,1356939.4800000023,5880.349999999996,723.0,519.5113,37.13100000000036,0.0003828551734672788,8.10294757291061e-07,14.979166666666666,85.1875,0.6593634551099115,0.46905022193579504,0.12549152549449882,0.517180438301167,0.0,0.0,0.0,39.417722681665374
1.0,39.0,2022-04-03,teaching,1356939.4800000023,5880.349999999996,723.0,600.885,45.12699999999987,0.00044282372858662713,9.847882231093492e-07,15.277083333333332,95.27083333333333,1.3624060295325833,0.41660143152925955,0.08026106426643385,0.2560439858507035,0.0,0.0,0.0,23.07174629017847
1.0,39.0,2022-04-04,teaching,1356939.4800000023,5880.349999999996,723.0,665.2203,,0.0004902357915033903,,15.633333333333333,87.70833333333333,0.8425919251283283,0.37931951058927377,,0.430593010955199,0.0,0.0,0.0,
1.0,39.0,2022-04-05,teaching,1356939.4800000023,5880.349999999996,723.0,679.8253,,0.0005009989833887056,,14.839583333333332,82.89583333333333,0.5007825750842934,0.3713318355850201,,0.6060561896089377,0.0,0.0,0.0,
1.0,39.0,2022-04-06,teaching,1356939.4800000023,5880.349999999996,723.0,646.1066000000001,,0.00047614990168905614,,16.758333333333333,82.91666666666667,0.5950534206217214,0.39003320189794927,,0.5515331018396432,0.0,0.0,0.0,
1.0,39.0,2022-04-07,teaching,1356939.4800000023,5880.349999999996,723.0,604.6238000000001,,0.0004455790467530645,,16.016666666666666,81.375,0.4347920996397168,0.41433784345936353,,0.647399247624706,0.0,0.0,0.0,
1.0,39.0,2022-04-08,teaching,1356939.4800000023,5880.349999999996,723.0,679.6701,,0.0005008846083540873,,17.566666666666666,75.3125,0.47044294782767976,0.3714158260447018,,0.6247254861902088,0.0,0.0,0.0,
1.0,39.0,2022-04-09,teaching,1356939.4800000023,5880.349999999996,723.0,634.4010000000001,,0.0004675234300058828,,18.879166666666666,78.60416666666667,0.7390094021016127,0.39674334067603134,,0.47758677773252967,0.0,0.0,0.0,
1.0,39.0,2022-04-10,teaching,1356939.4800000023,5880.349999999996,723.0,618.5292,,0.000455826666639546,,20.099999999999998,71.45833333333333,0.9818582524128162,0.4060264787323628,,0.3746143236889686,0.0,0.0,0.0,
1.0,39.0,2022-04-11,teaching,1356939.4800000023,5880.349999999996,723.0,680.5925,,0.000501564373379422,,15.491666666666667,77.66666666666667,0.16141107462515442,0.3709169245556202,,0.8509421984549354,0.0,0.0,0.0,
1.0,39.0,2022-04-12,teaching,1356939.4800000023,5880.349999999996,723.0,662.435,,0.000488183157586364,,13.835416666666667,66.85416666666667,0.654557628336728,0.38086222580929885,,0.5196718998692504,0.0,0.0,0.0,
1.0,39.0,2022-04-13,teaching,1356939.4800000023,5880.349999999996,723.0,678.3552,,0.0004999155894557647,,15.370833333333332,74.14583333333333,0.1276493823544467,0.37212818062281733,,0.8801619253525833,0.0,0.0,0.0,
1.0,39.0,2022-04-14,teaching,1356939.4800000023,5880.349999999996,723.0,678.1976999999999,,0.0004997995194302982,,15.933333333333332,72.79166666666667,0.26481647846175754,0.3722135987219243,,0.7673467617125421,0.0,0.0,0.0,
1.0,39.0,2022-04-15,teaching,1356939.4800000023,5880.349999999996,723.0,671.8883000000001,,0.0004951497910577404,,18.033333333333335,68.16666666666667,0.7650417375408866,0.3756515939745338,,0.46531450948564884,0.0,0.0,0.0,
1.0,39.0,2022-04-16,teaching,1356939.4800000023,5880.349999999996,723.0,670.2607,,0.000493950327099333,,20.058333333333334,60.354166666666664,1.4166218341532906,0.3765436147929594,,0.24253194770870307,0.0,0.0,0.0,
1.0,39.0,2022-04-17,teaching,1356939.4800000023,5880.349999999996,723.0,674.8253,,0.0004973142206754857,,20.875999999999998,54.26,1.8431982354186396,0.37404728838396517,,0.1583103019731003,0.0,0.0,0.0,
1.0,39.0,2022-04-18,teaching,1356939.4800000023,5880.349999999996,723.0,678.7683,,0.0005002200245511309,,16.247916666666665,99.97916666666667,1.7046145959479964,0.37190423427284697,,0.18184245549117367,0.0,0.0,0.0,
1.0,39.0,2022-04-19,teaching,1356939.4800000023,5880.349999999996,723.0,621.7281,,0.0004581841041282099,,13.68125,100.0,1.708656215789371,0.4041381825153772,,0.18110900058640053,0.0,0.0,0.0,
1.0,39.0,2022-04-20,teaching,1356939.4800000023,5880.349999999996,723.0,671.3859,,0.000494779546100316,,12.75625,90.54166666666667,1.112851786247902,0.37592671310977344,,0.3286204681887145,0.0,0.0,0.0,
1.0,39.0,2022-04-21,teaching,1356939.4800000023,5880.349999999996,723.0,688.9208,,0.0005077019352403239,,13.552083333333334,75.75,0.26943107018921564,0.36644260213781044,,0.7638139272573244,0.0,0.0,0.0,
1.0,39.0,2022-04-22,teaching,1356939.4800000023,5880.349999999996,723.0,641.7184,,0.00047291600654142575,,12.120833333333332,69.04166666666667,0.7073138167191493,0.3925352994991922,,0.4929666192227554,0.0,0.0,0.0,
1.0,39.0,2022-04-23,teaching,1356939.4800000023,5880.349999999996,723.0,590.1657,,0.00043492411319626356,,11.841666666666667,84.35416666666667,0.8384124771755703,0.4231600215024053,,0.4323964180311869,0.0,0.0,0.0,
1.0,39.0,2022-04-24,teaching,1356939.4800000023,5880.349999999996,723.0,608.3772,,0.0004483451244266244,,12.112499999999999,87.875,1.0010785667430988,0.4120777872545998,,0.36748287254203676,0.0,0.0,0.0,
1.0,39.0,2022-04-25,teaching,1356939.4800000023,5880.349999999996,723.0,683.2547,,0.0005035262884384488,,13.139583333333334,82.95833333333333,0.6110421964977024,0.36948076682522246,,0.5427848856859091,0.0,0.0,0.0,
1.0,39.0,2022-04-26,teaching,1356939.4800000023,5880.349999999996,723.0,653.3922,,0.0004815190431337431,,15.31875,79.1875,0.247835442290209,0.385914214288897,,0.7804883680894693,0.0,0.0,0.0,
1.0,39.0,2022-04-27,teaching,1356939.4800000023,5880.349999999996,723.0,645.3546,,0.00047559571337698784,,16.95625,82.4375,0.5886038626878699,0.39046084782833157,,0.555101742238568,0.0,0.0,0.0,
1.0,39.0,2022-04-28,teaching,1356939.4800000023,5880.349999999996,723.0,642.723,,0.0004736563490657659,,18.002083333333335,83.8125,0.7872887608493092,0.3919610759653377,,0.4550769466333773,0.0,0.0,0.0,
1.0,39.0,2022-04-29,teaching,1356939.4800000023,5880.349999999996,723.0,627.504,,0.0004624406683192672,,18.383333333333333,81.375,0.7344326373995398,0.40075091034621557,,0.47977758963011113,0.0,0.0,0.0,
1.0,39.0,2022-04-30,teaching,1356939.4800000023,5880.349999999996,723.0,686.341,,0.000505800745070811,,14.046938775510203,74.46938775510205,0.19846598690292938,0.3678227815061764,,0.8199876605859884,0.0,0.0,0.0,
1.0,62.0,2020-01-15,teaching,1274716.1699999983,7615.16,1331.0,123.4915,,9.687764453478312e-05,,25.178333333333335,59.03333333333333,2.202316377250051,0.8256678376309977,,0.11054679348058882,0.0,0.0,0.0,
1.0,62.0,2020-01-16,teaching,1274716.1699999983,7615.16,1331.0,330.2569,,0.0002590826944636628,,16.955694444444443,78.79791666666667,0.41650437407793967,0.5991149849556044,,0.659347628751214,0.0,0.0,0.0,
1.0,62.0,2020-01-17,teaching,1274716.1699999983,7615.16,1331.0,229.0334,,0.00017967403677008372,,17.920625,70.66388888888889,0.6402691235162331,0.7009760015006499,,0.5271505363453215,0.0,0.0,0.0,
1.0,62.0,2020-01-18,teaching,1274716.1699999983,7615.16,1331.0,69.12219999999999,,5.422556144400371e-05,,20.48423611111111,72.21388888888889,1.0358472065350626,0.8983245418397655,,0.3549255582610618,0.0,0.0,0.0,
1.0,62.0,2020-01-19,teaching,1274716.1699999983,7615.16,1331.0,103.9031,,8.151077270793556e-05,,21.127361111111114,82.04027777777777,1.2080772590258515,0.8511416059492669,,0.29877118711853284,0.0,0.0,0.0,
1.0,62.0,2020-01-20,teaching,1274716.1699999983,7615.16,1331.0,217.68189999999998,,0.00017076891713078393,,18.349166666666665,95.32708333333333,1.4970164808585655,0.7134285895938276,,0.22379686732452336,0.0,0.0,0.0,
1.0,62.0,2020-01-21,teaching,1274716.1699999983,7615.16,1331.0,193.2178,,0.00015157711539816763,,17.669999999999998,71.74027777777778,0.5617459880711768,0.7410229489559516,,0.5702126097887766,0.0,0.0,0.0,
1.0,62.0,2020-01-22,teaching,1274716.1699999983,7615.16,1331.0,218.1881,,0.00017116602513954167,,22.136736111111112,60.66388888888889,1.6786263979977964,0.7128686049988567,,0.1866301556101624,0.0,0.0,0.0,
1.0,62.0,2020-01-23,teaching,1274716.1699999983,7615.16,1331.0,146.4706,,0.00011490448105008363,,16.66125,74.14583333333333,0.3221465524124807,0.7967547187149908,,0.7245919918438019,0.0,0.0,0.0,
1.0,62.0,2020-01-24,teaching,1274716.1699999983,7615.16,1331.0,37.2957,,2.9258042596258935e-05,,17.142222222222223,58.60625,1.2544900076505354,0.9437878183242413,,0.28522127180537005,0.0,0.0,0.0,
1.0,62.0,2020-01-25,teaching,1274716.1699999983,7615.16,1331.0,63.871599999999994,,5.010652685138534e-05,,19.92125,64.67361111111111,1.1862868121748273,0.9056711344737622,,0.3053529946243233,0.0,0.0,0.0,
1.0,62.0,2020-01-26,teaching,1274716.1699999983,7615.16,1331.0,76.45819999999999,,5.9980568066379904e-05,,19.281041666666667,77.25972222222222,0.7924565246696922,0.8881597667127448,,0.4527312825921889,0.0,0.0,0.0,
1.0,62.0,2020-01-27,teaching,1274716.1699999983,7615.16,1331.0,49.6104,,3.8918781425672246e-05,,18.437430555555558,70.13263888888889,0.7403810929337388,0.9259299091843298,,0.4769321254209023,0.0,0.0,0.0,
1.0,62.0,2020-01-28,teaching,1274716.1699999983,7615.16,1331.0,124.3438,,9.754626396556981e-05,,18.482777777777777,73.73958333333333,0.6529586966371046,0.8245769381751905,,0.5205034843896124,0.0,0.0,0.0,
1.0,62.0,2020-01-29,teaching,1274716.1699999983,7615.16,1331.0,201.4428,,0.00015802953217420964,,22.096805555555555,61.65069444444445,1.6306969585536533,0.7316284439735916,,0.19579306690976997,0.0,0.0,0.0,
1.0,62.0,2020-01-30,teaching,1274716.1699999983,7615.16,1331.0,222.0734,,0.00017421399777175519,,27.760972222222225,38.54375,3.4939473888043104,0.708585093917113,,0.030380710687962404,0.0,0.0,0.0,
1.0,62.0,2020-01-31,teaching,1274716.1699999983,7615.16,1331.0,201.88309999999998,,0.00015837494239992285,,30.863263888888888,38.64930555555556,3.8955672056259307,0.7311289101587508,,0.02033183884456184,0.0,0.0,0.0,
1.0,62.0,2020-02-01,teaching,1274716.1699999983,7615.16,1331.0,61.63259999999999,,4.835005740925062e-05,,22.20888888888889,89.38958333333333,1.630819684734177,0.908822167533888,,0.19576903944892454,0.0,0.0,0.0,
1.0,62.0,2020-02-02,teaching,1274716.1699999983,7615.16,1331.0,121.8557,,9.559437847250353e-05,,18.176180555555558,73.66180555555556,0.5991851353883214,0.8277656209411066,,0.5492590255309111,0.0,0.0,0.0,
1.0,62.0,2020-02-03,teaching,1274716.1699999983,7615.16,1331.0,156.4306,,0.00012271798513389863,,14.821736111111111,61.49930555555556,0.9910154681318545,0.7845393306229653,,0.3711995582493364,0.0,0.0,0.0,
1.0,62.0,2020-02-04,teaching,1274716.1699999983,7615.16,1331.0,155.8824,,0.00012228792861394407,,14.87611111111111,57.77430555555556,1.2500539050599555,0.7852067708088275,,0.28648935321818675,0.0,0.0,0.0,
1.0,62.0,2020-02-05,teaching,1274716.1699999983,7615.16,1331.0,154.6199,,0.0001212975120571352,,15.598958333333334,68.42777777777778,0.5190825218046669,0.7867460403866464,,0.5950662579098398,0.0,0.0,0.0,
1.0,62.0,2020-02-06,teaching,1274716.1699999983,7615.16,1331.0,251.296,,0.0001971387873741339,,19.938958333333332,74.91944444444445,0.9079933689542332,0.6771815592349152,,0.4033327525761929,0.0,0.0,0.0,
1.0,62.0,2020-02-07,teaching,1274716.1699999983,7615.16,1331.0,173.4261,,0.00013605075708736025,,20.387083333333333,91.02430555555556,1.453834804491583,0.7641261655268106,,0.23367247945995814,0.0,0.0,0.0,
1.0,62.0,2020-02-08,teaching,1274716.1699999983,7615.16,1331.0,66.1446,,5.188966889782224e-05,,22.619305555555556,70.0111111111111,1.4550544939991588,0.9024834269282479,,0.23338764532846334,0.0,0.0,0.0,
1.0,62.0,2020-02-09,teaching,1274716.1699999983,7615.16,1331.0,136.4123,,0.00010701386176030085,,22.215972222222224,61.87777777777778,1.6389327490568428,0.8092836964314686,,0.19418717818730985,0.0,0.0,0.0,
1.0,62.0,2020-02-10,teaching,1274716.1699999983,7615.16,1331.0,288.4993,,0.00022632434324575988,,21.774444444444445,80.00347222222223,1.2794186270778574,0.6392073192753821,,0.27819899080766597,0.0,0.0,0.0,
1.0,62.0,2020-02-11,teaching,1274716.1699999983,7615.16,1331.0,175.6934,,0.00013782942755013474,,21.968055555555555,84.95694444444445,1.4323694552504282,0.7614433890684148,,0.23874256170941793,0.0,0.0,0.0,
1.0,62.0,2020-02-12,teaching,1274716.1699999983,7615.16,1331.0,238.7742,,0.00018731558100498587,,22.238541666666666,82.27916666666667,1.4058665838584123,0.6904637749706017,,0.24515451742716343,0.0,0.0,0.0,
1.0,62.0,2020-02-13,teaching,1274716.1699999983,7615.16,1331.0,223.9148,,0.00017565855464122678,,24.246180555555554,73.30277777777778,1.707477047135731,0.7065639652415258,,0.18132268460277148,0.0,0.0,0.0,
1.0,62.0,2020-02-14,teaching,1274716.1699999983,7615.16,1331.0,97.4476,,7.644650808814963e-05,,23.58152777777778,86.32569444444445,1.7412194893449877,0.859707682341176,,0.17530648581853556,0.0,0.0,0.0,
1.0,62.0,2020-02-15,teaching,1274716.1699999983,7615.16,1331.0,33.0644,,2.593863699085267e-05,,18.241319444444443,99.99513888888889,1.7918118702877064,0.950002919175453,,0.16665793338554336,0.0,0.0,0.0,
1.0,62.0,2020-02-16,teaching,1274716.1699999983,7615.16,1331.0,84.87889999999999,,6.65865092148318e-05,,20.063958333333332,79.64583333333333,0.9686711462019942,0.8766337339640929,,0.3795871188889976,0.0,0.0,0.0,
1.0,62.0,2020-02-17,teaching,1274716.1699999983,7615.16,1331.0,262.6456,,0.00020604241648554622,,21.003888888888888,76.49791666666667,1.1036430440586926,0.6653636084489546,,0.33166062588861106,0.0,0.0,0.0,
1.0,62.0,2020-02-18,teaching,1274716.1699999983,7615.16,1331.0,312.0507,,0.000244800142450535,,18.38326388888889,97.18402777777777,1.618238663609748,0.6162762972567819,,0.1982475724153489,0.0,0.0,0.0,
1.0,62.0,2020-02-19,teaching,1274716.1699999983,7615.16,1331.0,369.6928,,0.00029001969905190775,,14.996041666666667,89.09861111111111,0.9317151168562366,0.5635633273182433,,0.3938775846353181,0.0,0.0,0.0,
1.0,62.0,2020-02-20,teaching,1274716.1699999983,7615.16,1331.0,422.9535,,0.0003318020983447638,,15.342361111111112,77.0201388888889,0.10868572911277687,0.5188737227142489,,0.8970122780501056,0.0,0.0,0.0,
1.0,62.0,2020-02-21,teaching,1274716.1699999983,7615.16,1331.0,261.3477,,0.0002050242290407286,,15.426597222222222,78.72083333333333,0.22224317513391065,0.666704555000708,,0.8007206253124896,0.0,0.0,0.0,
1.0,62.0,2020-02-22,teaching,1274716.1699999983,7615.16,1331.0,35.391099999999994,,2.776390606231977e-05,,16.11486111111111,74.5423611111111,0.21832900571092967,0.9465803222138643,,0.8038609233203569,0.0,0.0,0.0,
1.0,62.0,2020-02-23,teaching,1274716.1699999983,7615.16,1331.0,128.1252,,0.0001005127282569893,,21.049930555555555,70.23125,1.1747224723807737,0.8197543007117112,,0.30890469737818765,0.0,0.0,0.0,
1.0,62.0,2020-02-24,teaching,1274716.1699999983,7615.16,1331.0,365.6189,,0.00028682377191465336,,20.888194444444444,84.49791666666667,1.2418893129455262,0.5671360557623303,,0.28883799674373334,0.0,0.0,0.0,
1.0,62.0,2020-02-25,teaching,1274716.1699999983,7615.16,1331.0,427.1783,,0.0003351164047758181,,21.825277777777778,83.46736111111112,1.3646969796632022,0.5154843491224453,,0.25545807325240755,0.0,0.0,0.0,
1.0,62.0,2020-02-26,teaching,1274716.1699999983,7615.16,1331.0,325.6605,,0.0002554768721573528,,16.374583333333334,68.84513888888888,0.540197882929579,0.6034019615743776,,0.5826329478513774,0.0,0.0,0.0,
1.0,62.0,2020-02-27,teaching,1274716.1699999983,7615.16,1331.0,282.3208,,0.00022147738190220054,,14.65125,62.78125,0.9035883866812255,0.645363077718055,,0.40511334506138313,0.0,0.0,0.0,
1.0,62.0,2020-02-28,teaching,1274716.1699999983,7615.16,1331.0,178.2311,,0.00013982022366594771,,16.337569444444444,77.59027777777777,0.27599492022997907,0.7584518319340212,,0.7588167853662088,0.0,0.0,0.0,
1.0,62.0,2020-02-29,teaching,1274716.1699999983,7615.16,1331.0,45.890699999999995,,3.60007200661776e-05,,17.74659722222222,77.01041666666667,0.510675225709361,0.9312880425112178,,0.6000902456201906,0.0,0.0,0.0,
1.0,62.0,2020-03-01,teaching,1274716.1699999983,7615.16,1331.0,53.2386,,4.1765062100059555e-05,,21.073194444444447,66.10277777777777,1.3007621826894233,0.9207332803563295,,0.2723241531588557,0.0,0.0,0.0,
1.0,62.0,2020-03-02,teaching,1274716.1699999983,7615.16,1331.0,80.82759999999999,,6.340831151455473e-05,,15.750694444444445,70.61458333333333,0.3804351403919616,0.8821602556795175,,0.683563898224922,0.0,0.0,0.0,
1.0,62.0,2020-03-03,teaching,1274716.1699999983,7615.16,1331.0,112.19709999999999,,8.801731918094374e-05,,15.912777777777778,62.96388888888889,0.9035929363123523,0.8402611023894324,,0.40511150194929135,0.0,0.0,0.0,
1.0,62.0,2020-03-04,teaching,1274716.1699999983,7615.16,1331.0,50.4655,,3.958959742387207e-05,,16.37076388888889,87.55347222222223,0.8610250127260921,0.9247025238063394,,0.42272855802009146,0.0,0.0,0.0,
1.0,62.0,2020-03-05,teaching,1274716.1699999983,7615.16,1331.0,247.3111,,0.00019401267970108228,,17.662083333333335,100.0,1.7596815824292653,0.6813804972030709,,0.17209965465336505,0.0,0.0,0.0,
1.0,62.0,2020-03-06,teaching,1274716.1699999983,7615.16,1331.0,21.246199999999998,,1.6667396633087368e-05,,16.297638888888887,87.97222222222223,0.8852944973448664,0.9675796122975818,,0.41259264794615247,0.0,0.0,0.0,
1.0,62.0,2020-03-07,teaching,1274716.1699999983,7615.16,1331.0,31.949699999999996,,2.506416781392209e-05,,16.51986111111111,77.82083333333334,0.31316156071903045,0.9516470349777655,,0.731131780850196,0.0,0.0,0.0,
1.0,62.0,2020-03-08,teaching,1274716.1699999983,7615.16,1331.0,76.84909999999999,,6.028722456701878e-05,,15.620694444444444,80.875,0.3758744557040593,0.8876213741774305,,0.6866885374599173,0.0,0.0,0.0,
1.0,62.0,2020-03-09,teaching,1274716.1699999983,7615.16,1331.0,109.3641,,8.579486365188272e-05,,15.201458333333333,74.84097222222222,0.07012925525459665,0.8439618493431985,,0.9322733108937512,0.0,0.0,0.0,
1.0,62.0,2020-03-10,teaching,1274716.1699999983,7615.16,1331.0,261.8174,,0.00020539270322427963,,16.09201388888889,77.99861111111112,0.25383901393892583,0.66621896503296,,0.7758166876664473,0.0,0.0,0.0,
1.0,62.0,2020-03-11,teaching,1274716.1699999983,7615.16,1331.0,92.4025,,7.248868585388709e-05,,20.397430555555555,68.4173611111111,1.1135951722454351,0.8664622107599573,,0.3283762671132362,0.0,0.0,0.0,
1.0,62.0,2020-03-12,teaching,1274716.1699999983,7615.16,1331.0,91.2098,,7.155302658473386e-05,,22.320555555555554,52.44097222222222,2.1063051767913286,0.8680667730819998,,0.1216867478589923,0.0,0.0,0.0,
1.0,62.0,2020-03-13,teaching,1274716.1699999983,7615.16,1331.0,27.279899999999998,,2.140076406185389e-05,,19.371875,60.60625,1.3232249607506885,0.9585656959563821,,0.2662751887630053,0.0,0.0,0.0,
1.0,62.0,2020-03-14,teaching,1274716.1699999983,7615.16,1331.0,62.68429999999999,,4.9175103819385986e-05,,13.939027777777778,58.010416666666664,1.2491694633991188,0.9073407055742918,,0.2867428484218941,0.0,0.0,0.0,
1.0,62.0,2020-03-15,teaching,1274716.1699999983,7615.16,1331.0,148.1233,,0.00011620100496567812,,14.661458333333334,77.59027777777777,0.14565294584060326,0.794714691233427,,0.8644576647583528,0.0,0.0,0.0,
1.0,62.0,2020-03-16,teaching,1274716.1699999983,7615.16,1331.0,104.1773,,8.172587941674901e-05,,16.351041666666667,71.28333333333333,0.394839342827227,0.850779654065967,,0.6737882794738784,0.0,0.0,0.0,
1.0,62.0,2020-03-17,teaching,1274716.1699999983,7615.16,1331.0,51.9455,,4.075064019937871e-05,,19.630555555555556,63.229166666666664,1.2158912076471922,0.9225820190336446,,0.296445701856435,0.0,0.0,0.0,
1.0,62.0,2020-03-18,teaching,1274716.1699999983,7615.16,1331.0,126.1164,,9.893684803574757e-05,,23.425416666666667,43.732638888888886,2.7127659652656937,0.822312716694848,,0.06635302250629285,0.0,0.0,0.0,
1.0,62.0,2020-03-19,teaching,1274716.1699999983,7615.16,1331.0,242.2131,,0.00019001335803247896,,23.81388888888889,52.82361111111111,2.272814990600095,0.6867903047957817,,0.10302176621521913,0.0,0.0,0.0,
1.0,62.0,2020-03-20,teaching,1274716.1699999983,7615.16,1331.0,143.0537,,0.00011222396276655075,,17.762569444444445,67.71458333333334,0.7526714345165706,0.8009890254096176,,0.4711063404643012,0.0,0.0,0.0,
1.0,62.0,2020-03-21,teaching,1274716.1699999983,7615.16,1331.0,12.078699999999998,,9.475599576021707e-06,,15.447638888888887,72.01597222222222,0.269942896147166,0.9814376975689011,,0.763423087491811,0.0,0.0,0.0,
1.0,62.0,2020-03-22,teaching,1274716.1699999983,7615.16,1331.0,61.1975,,4.800872652301891e-05,,14.043194444444445,82.93541666666667,0.5334254821342194,0.9094357719728878,,0.5865921632550074,0.0,0.0,0.0,
1.0,62.0,2020-03-23,teaching,1274716.1699999983,7615.16,1331.0,139.7933,,0.00010966621691164409,,13.530555555555555,68.72569444444444,0.5585834627696504,0.8050503723139973,,0.5720187761124577,0.0,0.0,0.0,
1.0,62.0,2020-03-24,teaching,1274716.1699999983,7615.16,1331.0,65.0578,,5.1037086946186686e-05,,12.323958333333334,75.22569444444444,0.496692614275892,0.9040061780464831,,0.6085400115769783,0.0,0.0,0.0,
1.0,62.0,2020-03-25,teaching,1274716.1699999983,7615.16,1331.0,145.9752,,0.00011451584551563365,,14.207569444444445,65.93402777777777,0.697574109903732,0.7973672403857641,,0.4977914275321507,0.0,0.0,0.0,
1.0,62.0,2020-03-26,teaching,1274716.1699999983,7615.16,1331.0,300.9794,,0.00023611483645021966,,15.714861111111112,80.99930555555555,0.38953003810182546,0.6269516601199265,,0.6773751402125978,0.0,0.0,0.0,
1.0,62.0,2020-03-27,teaching,1274716.1699999983,7615.16,1331.0,238.0924,,0.00018678071683989096,,19.07173611111111,69.42291666666667,0.8659103737788918,0.6911944117064804,,0.4206684127609531,0.0,0.0,0.0,
1.0,62.0,2020-03-28,teaching,1274716.1699999983,7615.16,1331.0,95.0878,,7.4595272451906e-05,,20.08388888888889,58.33541666666667,1.5284753094394044,0.8628604724497071,,0.21686606902016928,0.0,0.0,0.0,
1.0,62.0,2020-03-29,teaching,1274716.1699999983,7615.16,1331.0,122.48339999999999,,9.608680181722349e-05,,20.712916666666665,61.90486111111111,1.4232246800755555,0.8269600161817429,,0.24093582191203985,0.0,0.0,0.0,
1.0,62.0,2020-03-30,teaching,1274716.1699999983,7615.16,1331.0,163.66899999999998,,0.0001283964256921603,,17.596180555555556,74.04375,0.48915501893842245,0.7757795082166864,,0.613144270652415,0.0,0.0,0.0,
1.0,62.0,2020-03-31,teaching,1274716.1699999983,7615.16,1331.0,129.7412,,0.00010178046144970465,,15.555208333333333,77.49444444444444,0.15853099429059686,0.8177019349368163,,0.8533965129615066,0.0,0.0,0.0,
1.0,62.0,2020-04-01,teaching,1274716.1699999983,7615.16,1331.0,152.2711,,0.00011945490579287167,,16.100208333333335,75.69166666666666,0.1996482833629999,0.7896177859014841,,0.8190187649513777,0.0,0.0,0.0,
1.0,62.0,2020-04-02,teaching,1274716.1699999983,7615.16,1331.0,299.8269,,0.00023521071361321197,,16.549444444444443,95.35763888888889,1.3964405847873034,0.6280735163131292,,0.2474762689038366,0.0,0.0,0.0,
1.0,62.0,2020-04-03,teaching,1274716.1699999983,7615.16,1331.0,270.5639,,0.00021225423068101532,,17.07375,84.31736111111111,0.7085230860467586,0.6572409082077039,,0.4923708501058548,0.0,0.0,0.0,
1.0,62.0,2020-04-04,teaching,1274716.1699999983,7615.16,1331.0,61.5545,,4.8288788868191794e-05,,11.797222222222222,89.12708333333333,1.1057971345224584,0.9089322784008861,,0.3309469678151571,0.0,0.0,0.0,
1.0,62.0,2020-04-05,teaching,1274716.1699999983,7615.16,1331.0,129.8438,,0.00010186094995562828,,12.235555555555557,86.50833333333334,0.9090565195182929,0.8175718036406646,,0.40290417699334197,0.0,0.0,0.0,
1.0,62.0,2020-04-06,teaching,1274716.1699999983,7615.16,1331.0,212.6694,,0.000166836669217117,,12.566527777777777,81.07986111111111,0.5853093521461239,0.7189974758306621,,0.5569335465726228,0.0,0.0,0.0,
1.0,62.0,2020-04-08,teaching,1274716.1699999983,7615.16,1331.0,26.7881,,2.101495268550648e-05,,14.032916666666667,81.57222222222222,0.4459012879379881,0.959297256049486,,0.6402469690409547,0.0,0.0,0.0,
1.0,62.0,2020-04-12,teaching,1274716.1699999983,7615.16,1331.0,0.24779999999999988,,1.9439621606118027e-07,,12.402083333333334,80.37638888888888,0.5801941475102277,0.9996156810812312,,0.5597896742430661,0.0,0.0,0.0,
1.0,62.0,2020-04-13,teaching,1274716.1699999983,7615.16,1331.0,0.9230999999999998,,7.241612068041791e-07,,14.046180555555555,74.95138888888889,0.1863263131545425,0.9985690917857293,,0.8300027099850934,0.0,0.0,0.0,
1.0,62.0,2020-04-14,teaching,1274716.1699999983,7615.16,1331.0,24.7192,,1.9391924713718847e-05,,16.094791666666666,73.01805555555555,0.27362358423518157,0.9623808963498103,,0.7606183301125469,0.0,0.0,0.0,
1.0,62.0,2020-04-15,teaching,1274716.1699999983,7615.16,1331.0,136.9523,,0.00010743748547568844,,19.30770833333333,56.584722222222226,1.5492386151981399,0.8086060758360758,,0.2124096377446556,0.0,0.0,0.0,
1.0,62.0,2020-04-16,teaching,1274716.1699999983,7615.16,1331.0,135.6254,,0.00010639654786837778,,17.02347222222222,67.6763888888889,0.6711240161669892,0.8102721570127382,,0.5111337322007116,0.0,0.0,0.0,
1.0,62.0,2020-04-17,teaching,1274716.1699999983,7615.16,1331.0,30.470799999999997,,2.3903987975613455e-05,,14.002986111111111,68.08541666666666,0.563433544293915,0.9538327165462565,,0.569251155433157,0.0,0.0,0.0,
1.0,62.0,2020-04-18,teaching,1274716.1699999983,7615.16,1331.0,1.0628999999999995,,8.338326797878472e-07,,13.622638888888888,76.61458333333333,0.2638923208129256,0.9983525647502205,,0.7680562388755635,0.0,0.0,0.0,
1.0,62.0,2020-04-19,teaching,1274716.1699999983,7615.16,1331.0,9.5671,,7.505278606452457e-06,,13.680069444444444,72.36875,0.33900385713846526,0.9852688852695582,,0.7124797009510315,0.0,0.0,0.0,
1.0,62.0,2020-04-20,teaching,1274716.1699999983,7615.16,1331.0,45.2574,,3.550390358663141e-05,,15.1825,69.18333333333334,0.45627279907790597,0.9322033790188917,,0.6336409568500828,0.0,0.0,0.0,
1.0,62.0,2020-04-21,teaching,1274716.1699999983,7615.16,1331.0,26.243999999999996,,2.058811256783542e-05,,13.31590277777778,71.21111111111111,0.44329913197126636,0.9601072637481396,,0.6419151610181665,0.0,0.0,0.0,
1.0,62.0,2020-04-22,teaching,1274716.1699999983,7615.16,1331.0,23.819399999999998,,1.8686042085745276e-05,,14.87875,75.88125,0.027593101184787708,0.9637251153768562,,0.9727841109840839,0.0,0.0,0.0,
1.0,62.0,2020-04-23,teaching,1274716.1699999983,7615.16,1331.0,24.4822,,1.9206000971965417e-05,,15.015694444444444,75.42847222222223,0.020312348777764486,0.9627347707146652,,0.979892557259157,0.0,0.0,0.0,
1.0,62.0,2020-04-25,teaching,1274716.1699999983,7615.16,1331.0,0.0381,,2.9889006585677853e-08,,15.571041666666666,79.35763888888889,0.2731735683169838,0.9999409001918586,,0.7609606974983795,0.0,0.0,0.0,
1.0,62.0,2020-04-26,teaching,1274716.1699999983,7615.16,1331.0,0.3445999999999999,,2.703346894862096e-07,,14.218333333333334,91.00972222222222,1.0748712089960344,0.9994655917782935,,0.3413417142122455,0.0,0.0,0.0,
1.0,62.0,2020-04-27,teaching,1274716.1699999983,7615.16,1331.0,3.2798999999999996,,2.57304337796233e-06,,10.97076388888889,83.26944444444445,0.9115021264934244,0.9949250684714582,,0.4019200356297809,0.0,0.0,0.0,
1.0,62.0,2020-04-28,teaching,1274716.1699999983,7615.16,1331.0,39.9814,,3.1364942989622585e-05,,12.646388888888888,79.38541666666667,0.5053500613529672,0.9398640672372088,,0.6032943484221459,0.0,0.0,0.0,
1.0,62.0,2020-04-29,teaching,1274716.1699999983,7615.16,1331.0,45.2115,,3.546789557082347e-05,,13.734375,97.98611111111111,1.5684903750681707,0.9322697552743572,,0.20835948973468904,0.0,0.0,0.0,
1.0,62.0,2020-04-30,teaching,1274716.1699999983,7615.16,1331.0,1.2094,,9.48760224795769e-07,,10.009652777777777,90.01041666666667,1.3563310278533047,0.9981257109050126,,0.25760418781112837,0.0,0.0,0.0,
1.0,62.0,2020-05-01,teaching,1274716.1699999983,7615.16,1331.0,0.2937,,2.30404231869123e-07,,9.408819444444445,82.23263888888889,1.1273748529306524,0.9995445098934507,,0.32388238027851557,0.0,0.0,0.0,
1.0,62.0,2020-05-02,teaching,1274716.1699999983,7615.16,1331.0,4.618099999999999,,3.62284570376165e-06,,10.277569444444445,86.59652777777778,1.1551936378570637,0.9928619002391462,,0.31499653574337316,0.0,0.0,0.0,
1.0,62.0,2020-05-03,teaching,1274716.1699999983,7615.16,1331.0,11.620999999999999,,9.116539252812658e-06,,11.277847222222222,78.79027777777777,0.7205215544969651,0.9821347601327372,,0.4864984543234135,0.0,0.0,0.0,
1.0,62.0,2020-05-04,teaching,1274716.1699999983,7615.16,1331.0,96.9266,,7.603778965163682e-05,,11.207083333333333,97.31736111111111,1.6594551317469828,0.860402767422382,,0.19024260902493037,0.0,0.0,0.0,
1.0,62.0,2020-05-05,teaching,1274716.1699999983,7615.16,1331.0,46.5847,,3.65451549892868e-05,,12.641388888888887,82.73402777777778,0.6554557144362899,0.9302860056964455,,0.5192053992698519,0.0,0.0,0.0,
1.0,62.0,2020-05-06,teaching,1274716.1699999983,7615.16,1331.0,89.2226,,6.999409131210764e-05,,15.101111111111111,72.05694444444444,0.2555975203777452,0.8707467940264221,,0.7744536078694017,0.0,0.0,0.0,
1.0,62.0,2020-05-07,teaching,1274716.1699999983,7615.16,1331.0,134.2124,,0.00010528806581311367,,18.45611111111111,55.99305555555556,1.5127872974827123,0.8120501213823267,,0.22029509346499548,0.0,0.0,0.0,
1.0,62.0,2020-05-08,teaching,1274716.1699999983,7615.16,1331.0,131.8952,,0.00010347024938108392,,15.548819444444444,67.58958333333334,0.5746725524268924,0.8149742808443375,,0.5628891553210617,0.0,0.0,0.0,
1.0,62.0,2020-05-09,teaching,1274716.1699999983,7615.16,1331.0,89.5923,,7.028411665947575e-05,,11.616805555555556,79.32916666666667,0.6742674068551213,0.8702475754487506,,0.5095295617745992,0.0,0.0,0.0,
1.0,62.0,2020-05-10,teaching,1274716.1699999983,7615.16,1331.0,118.9619,,9.332422605104331e-05,,9.728472222222223,78.01527777777778,0.9863149632491296,0.8314897519384165,,0.37294849079816156,0.0,0.0,0.0,
1.0,62.0,2020-05-11,teaching,1274716.1699999983,7615.16,1331.0,61.263,,4.80601105107187e-05,,11.031527777777777,81.66597222222222,0.8422310850243309,0.9093433734137709,,0.4307484142182312,0.0,0.0,0.0,
1.0,62.0,2020-05-12,teaching,1274716.1699999983,7615.16,1331.0,55.8125,,4.3784256694570744e-05,,11.953958333333334,76.47361111111111,0.5660449976444621,0.9170644069484702,,0.5677665219652483,0.0,0.0,0.0,
1.0,62.0,2020-05-13,teaching,1274716.1699999983,7615.16,1331.0,58.0079,,4.550652244412972e-05,,10.739097222222222,86.40902777777778,1.0834563657019165,0.9139466078267822,,0.3384237854653722,0.0,0.0,0.0,
1.0,62.0,2020-05-14,teaching,1274716.1699999983,7615.16,1331.0,56.8134,,4.45694510959252e-05,,8.350138888888889,85.96041666666666,1.4191996043545763,0.9156416610144807,,0.24190756118927048,0.0,0.0,0.0,
1.0,62.0,2020-05-15,teaching,1274716.1699999983,7615.16,1331.0,49.434999999999995,,3.878118216700747e-05,,7.636319444444444,87.59236111111112,1.5902428362156225,0.9261818744724644,,0.20387609722259303,0.0,0.0,0.0,
1.0,62.0,2020-05-16,teaching,1274716.1699999983,7615.16,1331.0,1.2577999999999996,,9.867294615082833e-07,,9.126875,82.61180555555555,1.1855180282785325,0.9980507752978803,,0.3055878353485929,0.0,0.0,0.0,
1.0,62.0,2020-05-17,teaching,1274716.1699999983,7615.16,1331.0,8.6516,,6.787079511198177e-06,,8.852986111111111,85.53958333333334,1.3246125779811495,0.9866691026446184,,0.26590595695848623,0.0,0.0,0.0,
1.0,62.0,2020-05-18,teaching,1274716.1699999983,7615.16,1331.0,75.0655,,5.8888011124860916e-05,,10.217430555555556,85.50277777777778,1.1154887677948675,0.8900806094373054,,0.3277550436339261,0.0,0.0,0.0,
1.0,62.0,2020-05-19,teaching,1274716.1699999983,7615.16,1331.0,80.7327,,6.333386356901717e-05,,14.609027777777778,71.66944444444445,0.29186345988580664,0.8822901288957549,,0.7468705067959304,0.0,0.0,0.0,
1.0,62.0,2020-05-20,teaching,1274716.1699999983,7615.16,1331.0,82.0512,,6.436821147408846e-05,,12.505347222222223,75.85347222222222,0.46220059249221546,0.880487437312771,,0.6298959748649585,0.0,0.0,0.0,
1.0,62.0,2020-05-21,teaching,1274716.1699999983,7615.16,1331.0,136.7479,,0.00010727713605453061,,9.750902777777778,93.25763888888889,1.5591505263023595,0.8088625010186474,,0.2103146521053272,0.0,0.0,0.0,
1.0,62.0,2020-05-22,teaching,1274716.1699999983,7615.16,1331.0,91.1844,,7.15331005803434e-05,,9.97625,89.90833333333333,1.355324381160524,0.8681009764863462,,0.2578636347786419,0.0,0.0,0.0,
1.0,62.0,2020-05-23,teaching,1274716.1699999983,7615.16,1331.0,86.26379999999999,,6.767294714712853e-05,,10.641319444444445,97.8861111111111,1.7410886995810193,0.8747524943643589,,0.17532941561189633,0.0,0.0,0.0,
1.0,62.0,2020-05-24,teaching,1274716.1699999983,7615.16,1331.0,95.83919999999999,,7.518473700698416e-05,,11.126111111111111,87.35972222222222,1.0815446764331975,0.8618553184282524,,0.33907136537288746,0.0,0.0,0.0,
1.0,62.0,2020-05-25,teaching,1274716.1699999983,7615.16,1331.0,93.73769999999999,,7.35361347146009e-05,,9.394444444444444,88.06111111111112,1.3451398114831552,0.8646694588112038,,0.26050328396329775,0.0,0.0,0.0,
1.0,62.0,2020-05-26,teaching,1274716.1699999983,7615.16,1331.0,129.2654,,0.00010140720188714651,,8.895555555555555,89.2388888888889,1.4681997605963784,0.8183056801106747,,0.2303397789071048,0.0,0.0,0.0,
1.0,62.0,2020-05-27,teaching,1274716.1699999983,7615.16,1331.0,58.1516,,4.561925342172452e-05,,11.423124999999999,87.71944444444445,1.0656812032585992,0.9137429021560989,,0.3444931049944557,0.0,0.0,0.0,
1.0,62.0,2020-05-31,teaching,1274716.1699999983,7615.16,1331.0,26.3494,,2.0670797641172178e-05,,14.026041666666666,64.45,0.8057437451488535,0.9599503002053732,,0.4467555307070905,0.0,0.0,0.0,
1.0,62.0,2020-06-01,teaching,1274716.1699999983,7615.16,1331.0,94.15769999999999,,7.386561982656902e-05,,9.533819444444445,92.55277777777778,1.5467724704964627,0.8641062987178795,,0.21293411710254165,0.0,0.0,0.0,
1.0,62.0,2020-06-02,teaching,1274716.1699999983,7615.16,1331.0,122.74549999999999,,9.629241621685881e-05,,11.355902777777779,83.60138888888889,0.8689799380329504,0.8266238630373525,,0.4193791238282717,0.0,0.0,0.0,
1.0,62.0,2020-06-03,teaching,1274716.1699999983,7615.16,1331.0,88.0693,,6.908934088441046e-05,,11.188194444444445,74.04097222222222,0.7142088755684467,0.8723059754244684,,0.48957927675533264,0.0,0.0,0.0,
1.0,62.0,2020-06-04,teaching,1274716.1699999983,7615.16,1331.0,67.86149999999999,,5.323655696624613e-05,,10.150902777777777,74.6048611111111,0.8988778519576681,0.9000830471102939,,0.4070261471636813,0.0,0.0,0.0,
1.0,62.0,2020-06-05,teaching,1274716.1699999983,7615.16,1331.0,53.4371,,4.1920783039882574e-05,,7.036527777777778,90.44513888888889,1.7913761768976724,0.9204498140663988,,0.16673056096604566,0.0,0.0,0.0,
1.0,62.0,2020-06-06,teaching,1274716.1699999983,7615.16,1331.0,1.9039,,1.4935873920858809e-06,,8.537847222222222,95.32986111111111,1.8130031101530981,0.9970509855249249,,0.1631634026360686,0.0,0.0,0.0,
1.0,62.0,2020-06-07,teaching,1274716.1699999983,7615.16,1331.0,0.0211,,1.6552704434588e-08,,9.432986111111111,87.02916666666667,1.2947588975950706,0.9999672697534377,,0.2739639097267728,0.0,0.0,0.0,
1.0,62.0,2020-06-08,teaching,1274716.1699999983,7615.16,1331.0,10.2454,,8.037397062280942e-06,,7.087152777777778,91.79027777777777,1.8391973350240447,0.9842327366490212,,0.15894495446685517,0.0,0.0,0.0,
1.0,62.0,2020-06-09,teaching,1274716.1699999983,7615.16,1331.0,58.4081,,4.582047468653361e-05,,6.283194444444444,87.11527777777778,1.7927052721212082,0.9133794067576795,,0.16650910737290436,0.0,0.0,0.0,
1.0,62.0,2020-06-10,teaching,1274716.1699999983,7615.16,1331.0,46.174,,3.622296561908371e-05,,8.669930555555556,88.97361111111111,1.4887823908719047,0.9308788674971533,,0.22564723847546722,0.0,0.0,0.0,
1.0,62.0,2020-06-11,teaching,1274716.1699999983,7615.16,1331.0,41.3232,,3.2417569473524494e-05,,7.652708333333333,87.98958333333333,1.6022469268361401,0.937909840889671,,0.2014433805642219,0.0,0.0,0.0,
1.0,62.0,2020-06-12,teaching,1274716.1699999983,7615.16,1331.0,102.0611,,8.006574514544688e-05,,8.290555555555555,86.68680555555555,1.454605224995587,0.8535770939201581,,0.2334925227206427,0.0,0.0,0.0,
1.0,62.0,2020-06-13,teaching,1274716.1699999983,7615.16,1331.0,6.601999999999999,,5.179192164793837e-06,,13.801944444444445,74.28333333333333,0.24481162696829872,0.9898110951693451,,0.7828519925564352,0.0,0.0,0.0,
1.0,62.0,2020-06-14,teaching,1274716.1699999983,7615.16,1331.0,16.5044,,1.2947509718967495e-05,,12.330486111111112,82.89930555555556,0.7030664376918612,0.9747229650017376,,0.4950648882198244,0.0,0.0,0.0,
1.0,62.0,2020-06-15,teaching,1274716.1699999983,7615.16,1331.0,100.00399999999999,,7.845197413632881e-05,,14.320972222222222,80.91319444444444,0.3836014450493857,0.8563052247311621,,0.6814029495865741,0.0,0.0,0.0,
1.0,62.0,2020-06-18,teaching,1274716.1699999983,7615.16,1331.0,11.6318,,9.12501172712041e-06,,9.15076388888889,85.28125,1.268444615093937,0.9821183063738589,,0.2812687629172752,0.0,0.0,0.0,
1.0,62.0,2020-06-19,teaching,1274716.1699999983,7615.16,1331.0,86.4357,,6.780780069652691e-05,,14.840416666666668,70.83194444444445,0.3419509184065759,0.8745192682949432,,0.7103830705865798,0.0,0.0,0.0,
1.0,62.0,2020-06-20,teaching,1274716.1699999983,7615.16,1331.0,3.5722,,2.802349326124893e-06,,13.146597222222221,83.95625,0.6688627051785276,0.994474049653569,,0.5122908723596998,0.0,0.0,0.0,
1.0,62.0,2020-06-22,teaching,1274716.1699999983,7615.16,1331.0,24.656599999999997,,1.934281574226836e-05,,9.496597222222222,95.33680555555556,1.7025111729997644,0.9624743543195551,,0.18222534963801157,0.0,0.0,0.0,
1.0,62.0,2020-06-24,teaching,1274716.1699999983,7615.16,1331.0,77.4918,,6.079141523716617e-05,,12.02763888888889,98.02916666666667,1.6481462381845668,0.8867368829920889,,0.19240625359531988,0.0,0.0,0.0,
1.0,62.0,2020-06-25,teaching,1274716.1699999983,7615.16,1331.0,115.2668,,9.042546310524967e-05,,11.398680555555554,90.28333333333333,1.2132407169511703,0.8362694701249537,,0.297232470632147,0.0,0.0,0.0,
1.0,62.0,2020-06-26,teaching,1274716.1699999983,7615.16,1331.0,83.2345,,6.529649655264051e-05,,8.413263888888888,91.18888888888888,1.6240954443248732,0.87887273141556,,0.19708987336042502,0.0,0.0,0.0,
1.0,62.0,2020-06-28,teaching,1274716.1699999983,7615.16,1331.0,20.5218,,1.6099113263778578e-05,,4.980972222222222,94.02361111111111,2.2443276896621014,0.9686674976061209,,0.10599878049905972,0.0,0.0,0.0,
1.0,62.0,2020-06-29,teaching,1274716.1699999983,7615.16,1331.0,146.7743,,0.00011514273016557106,,5.7894444444444435,89.42013888888889,1.9480229578737325,0.7963794511149557,,0.14255563165586377,0.0,0.0,0.0,
1.0,62.0,2020-06-30,teaching,1274716.1699999983,7615.16,1331.0,131.57,,0.0001032151337658172,,11.019097222222221,72.28888888888889,0.7735329221624987,0.8153855043351788,,0.4613801653386435,0.0,0.0,0.0,
1.0,62.0,2020-07-01,teaching,1274716.1699999983,7615.16,1331.0,153.49099999999999,,0.00012041190314546664,,13.782916666666667,66.35,0.6908908223961704,0.7881249769459677,,0.5011294528277571,0.0,0.0,0.0,
1.0,62.0,2020-07-02,teaching,1274716.1699999983,7615.16,1331.0,162.4573,,0.00012744586114413236,,11.281319444444446,69.17361111111111,0.8248731175712607,0.7772390467252839,,0.43829060031290656,0.0,0.0,0.0,
1.0,62.0,2020-07-03,teaching,1274716.1699999983,7615.16,1331.0,138.4303,,0.00010859695927447141,,7.763333333333334,90.22291666666666,1.6740367181513627,0.8067543034493361,,0.18748869698201018,0.0,0.0,0.0,
1.0,62.0,2020-07-04,teaching,1274716.1699999983,7615.16,1331.0,26.0811,,2.0460319413693507e-05,,8.9525,98.43680555555555,1.9361244965319049,0.9603499077956001,,0.14426195551160884,0.0,0.0,0.0,
1.0,62.0,2020-07-05,teaching,1274716.1699999983,7615.16,1331.0,65.447,,5.134240981661046e-05,,10.02576388888889,98.86875,1.8554457383413432,0.9034605620856686,,0.15638322113972364,0.0,0.0,0.0,
1.0,62.0,2020-07-06,teaching,1274716.1699999983,7615.16,1331.0,153.2335,,0.00012020989739229573,,9.791805555555555,97.55625,1.7992480641686908,0.7884398481854233,,0.16542322912084606,0.0,0.0,0.0,
1.0,62.0,2020-07-07,teaching,1274716.1699999983,7615.16,1331.0,171.6329,,0.00013464401255692884,,9.684097222222222,99.84375,1.9456924401094702,0.7662546569196333,,0.14288824752087936,0.0,0.0,0.0,
1.0,62.0,2020-07-08,teaching,1274716.1699999983,7615.16,1331.0,33.9334,,2.662035737728191e-05,,7.754444444444444,93.5625,1.8250123446105915,0.948723166750688,,0.1612156539730234,0.0,0.0,0.0,
1.0,62.0,2020-07-09,teaching,1274716.1699999983,7615.16,1331.0,103.5583,,8.124028112077698e-05,,9.134166666666667,88.57569444444445,1.4048974717165301,0.8515969704337887,,0.24539221480574386,0.0,0.0,0.0,
1.0,62.0,2020-07-11,teaching,1274716.1699999983,7615.16,1331.0,6.181299999999999,,4.849157910972454e-06,,8.629166666666666,100.0,2.059439324511698,0.990457255774334,,0.12752545024839607,0.0,0.0,0.0,
1.0,62.0,2020-07-12,teaching,1274716.1699999983,7615.16,1331.0,47.8377,,3.752811890665831e-05,,9.843055555555555,98.23680555555555,1.8345667386025324,0.9284795825421311,,0.1596826711200718,0.0,0.0,0.0,
1.0,62.0,2020-07-13,teaching,1274716.1699999983,7615.16,1331.0,68.64,,5.3847281155929865e-05,,10.490972222222222,92.68680555555555,1.4456565792081013,0.8989967392512185,,0.23559134138711157,0.0,0.0,0.0,
1.0,62.0,2020-07-14,teaching,1274716.1699999983,7615.16,1331.0,102.1949,,8.017070968825958e-05,,9.47201388888889,90.93888888888888,1.471297249262935,0.8533999493986197,,0.2296274079026057,0.0,0.0,0.0,
1.0,62.0,2020-07-15,teaching,1274716.1699999983,7615.16,1331.0,170.1738,,0.0001334993655881844,,8.188472222222222,90.80555555555556,1.6380406336850348,0.7679909526391042,,0.19436049285082185,0.0,0.0,0.0,
1.0,62.0,2020-07-16,teaching,1274716.1699999983,7615.16,1331.0,221.3877,,0.00017367607410204914,,7.038749999999999,98.12569444444445,2.1426576588063244,0.7093391976397276,,0.1173425717311899,0.0,0.0,0.0,
1.0,62.0,2020-07-17,teaching,1274716.1699999983,7615.16,1331.0,245.3528,,0.0001924764161421129,,5.880277777777778,98.59930555555556,2.3166272678022803,0.6834535132287938,,0.09860559566650126,0.0,0.0,0.0,
1.0,62.0,2020-07-18,teaching,1274716.1699999983,7615.16,1331.0,164.0943,,0.00012873006859244614,,8.182361111111112,78.92013888888889,1.2774757960813503,0.7752678683656637,,0.27874000981427477,0.0,0.0,0.0,
1.0,62.0,2020-07-19,teaching,1274716.1699999983,7615.16,1331.0,181.0806,,0.00014205562325297894,,11.497777777777777,65.0826388888889,0.9839598220613034,0.755106716471386,,0.373827872277077,0.0,0.0,0.0,
1.0,62.0,2020-07-20,teaching,1274716.1699999983,7615.16,1331.0,251.1735,,0.00019704268754980987,,9.190138888888889,86.45972222222223,1.3074346769284484,0.6773102526734164,,0.2705131205872111,0.0,0.0,0.0,
1.0,62.0,2020-07-21,teaching,1274716.1699999983,7615.16,1331.0,202.2494,,0.00015866230048686077,,9.051458333333333,97.37361111111112,1.8653283199490356,0.7307135915172664,,0.1548453627166984,0.0,0.0,0.0,
1.0,62.0,2020-07-22,teaching,1274716.1699999983,7615.16,1331.0,236.7784,,0.0001857498991324479,,9.743541666666667,90.15972222222223,1.3975409987731402,0.6926047139606751,,0.24720409233728746,0.0,0.0,0.0,
1.0,62.0,2020-07-23,teaching,1274716.1699999983,7615.16,1331.0,73.7431,,5.785060371517849e-05,,8.794652777777777,91.24027777777778,1.5747009964841152,0.8919083377003735,,0.20706945792170006,0.0,0.0,0.0,
1.0,62.0,2020-07-25,teaching,1274716.1699999983,7615.16,1331.0,4.330299999999999,,3.397069953227317e-06,,6.679722222222222,92.00763888888889,1.908221303426533,0.9933052541169018,,0.1483440110561562,0.0,0.0,0.0,
1.0,62.0,2020-07-26,teaching,1274716.1699999983,7615.16,1331.0,0.8672,,6.803083073779484e-07,,8.536458333333334,96.75763888888889,1.8891966598006513,0.9986556847658009,,0.1511932196539632,0.0,0.0,0.0,
1.0,62.0,2020-07-27,teaching,1274716.1699999983,7615.16,1331.0,59.1949,,4.643771012962052e-05,,11.024375000000001,96.13263888888889,1.6002174568485497,0.9122653059363618,,0.201852618987362,0.0,0.0,0.0,
1.0,62.0,2020-07-28,teaching,1274716.1699999983,7615.16,1331.0,68.9732,,5.410867267809123e-05,,11.434930555555555,90.94097222222223,1.2482428668045775,0.8985321974422154,,0.28700866650279633,0.0,0.0,0.0,
1.0,62.0,2020-07-29,teaching,1274716.1699999983,7615.16,1331.0,59.7134,,4.684446734522877e-05,,10.712569444444444,89.79097222222222,1.2600453964153184,0.9115318581422834,,0.2836411499160542,0.0,0.0,0.0,
1.0,62.0,2020-07-30,teaching,1274716.1699999983,7615.16,1331.0,75.9181,,5.955686590215616e-05,,9.341111111111111,84.55,1.2121450237562612,0.8889041920461634,,0.2975583247129739,0.0,0.0,0.0,
1.0,62.0,2020-07-31,teaching,1274716.1699999983,7615.16,1331.0,90.13159999999999,,7.070719123301002e-05,,8.085208333333334,79.66597222222222,1.3050307152475205,0.8695198534155547,,0.27116420604197955,0.0,0.0,0.0,
1.0,62.0,2020-08-01,teaching,1274716.1699999983,7615.16,1331.0,159.1323,,0.00012483743734105154,,10.330972222222222,79.54513888888889,0.9025734188009542,0.7812582565129117,,0.40552473083084484,0.0,0.0,0.0,
1.0,62.0,2020-08-02,teaching,1274716.1699999983,7615.16,1331.0,70.4448,,5.5263125751358514e-05,,10.975833333333334,78.52430555555556,0.76887617014033,0.8964833871485609,,0.4635337087236373,0.0,0.0,0.0,
1.0,62.0,2020-08-05,teaching,1274716.1699999983,7615.16,1331.0,89.776,,7.04282271715437e-05,,7.213958333333333,88.84166666666667,1.7022301070094603,0.8699996254955707,,0.18227657418476784,0.0,0.0,0.0,
1.0,62.0,2020-08-06,teaching,1274716.1699999983,7615.16,1331.0,67.6885,,5.3100840479649755e-05,,7.107708333333334,93.16388888888889,1.8960191378769793,0.9003246270615519,,0.1501652179745067,0.0,0.0,0.0,
1.0,62.0,2020-08-07,teaching,1274716.1699999983,7615.16,1331.0,56.1222,,4.402721274022912e-05,,6.135416666666667,91.79861111111111,1.9814229103158363,0.9166239427074834,,0.13787291687513387,0.0,0.0,0.0,
1.0,62.0,2020-08-08,teaching,1274716.1699999983,7615.16,1331.0,0.0233,,1.8278578830611393e-08,,11.700486111111111,87.18472222222222,1.00493825950191,0.9999638571827665,,0.3660672352797664,0.0,0.0,0.0,
1.0,62.0,2020-08-09,teaching,1274716.1699999983,7615.16,1331.0,20.4056,,1.6007955716134068e-05,,10.853819444444444,87.50763888888889,1.1228690900692184,0.9688421175831143,,0.3253450101361809,0.0,0.0,0.0,
1.0,62.0,2020-08-10,teaching,1274716.1699999983,7615.16,1331.0,254.6036,,0.0001997335610797189,,8.884166666666667,86.40486111111112,1.351908784626723,0.6737159597695973,,0.258745898787,0.0,0.0,0.0,
1.0,62.0,2020-08-11,teaching,1274716.1699999983,7615.16,1331.0,248.4967,,0.00019494276910286652,,9.264305555555556,75.45347222222222,1.0588844737680039,0.6801285024236298,,0.3468425065194793,0.0,0.0,0.0,
1.0,62.0,2020-08-12,teaching,1274716.1699999983,7615.16,1331.0,210.8778,,0.00016543117986806452,,12.134722222222223,86.37013888888889,0.9117882392342526,0.7209984707096914,,0.40180505763591196,0.0,0.0,0.0,
1.0,62.0,2020-08-13,teaching,1274716.1699999983,7615.16,1331.0,305.6072,,0.00023974529169109104,,14.096527777777778,85.85555555555555,0.7258505821265001,0.622467050384408,,0.48391278628590023,0.0,0.0,0.0,
1.0,62.0,2020-08-14,teaching,1274716.1699999983,7615.16,1331.0,250.6011,,0.00019659364641149907,,12.602430555555555,93.97222222222223,1.346508857066312,0.6779119166743454,,0.2601468871104244,0.0,0.0,0.0,
1.0,62.0,2020-08-15,teaching,1274716.1699999983,7615.16,1331.0,51.285199999999996,,4.023264253406314e-05,,10.826458333333333,94.16458333333334,1.498219914277609,0.9235274779221165,,0.22352770468744873,0.0,0.0,0.0,
1.0,62.0,2020-08-16,teaching,1274716.1699999983,7615.16,1331.0,64.9031,,5.0915726596611765e-05,,11.698472222222222,95.71180555555556,1.5202908195180147,0.9042231420829134,,0.21864829051465812,0.0,0.0,0.0,
1.0,62.0,2020-08-17,teaching,1274716.1699999983,7615.16,1331.0,189.43949999999998,,0.0001486130830206698,,11.641041666666666,76.72152777777778,0.6251118809615047,0.7453788232991954,,0.5352015463056135,0.0,0.0,0.0,
1.0,62.0,2020-08-18,teaching,1274716.1699999983,7615.16,1331.0,297.071,,0.00023304874213684793,,11.865208333333335,79.31805555555556,0.6317593562075303,0.6307642858533457,,0.5316556061073563,0.0,0.0,0.0,
1.0,62.0,2020-08-19,teaching,1274716.1699999983,7615.16,1331.0,225.913,,0.0001772261192858331,,10.046388888888888,90.27569444444444,1.3654045566491653,0.7043772538803208,,0.2552773809332978,0.0,0.0,0.0,
1.0,62.0,2020-08-20,teaching,1274716.1699999983,7615.16,1331.0,206.2454,,0.0001617971159807287,,11.062152777777778,74.1625,0.7358121520827887,0.7261981391799839,,0.4791161857136208,0.0,0.0,0.0,
1.0,62.0,2020-08-21,teaching,1274716.1699999983,7615.16,1331.0,129.9957,,0.0001019801137377901,,9.153333333333332,72.19375,1.1067411987453901,0.8173791813946679,,0.3306346800561994,0.0,0.0,0.0,
1.0,62.0,2020-08-22,teaching,1274716.1699999983,7615.16,1331.0,60.91329999999999,,4.778577493058715e-05,,6.817569444444444,93.46875,1.950710777500511,0.9098367917302784,,0.14217298230777212,0.0,0.0,0.0,
1.0,62.0,2020-08-23,teaching,1274716.1699999983,7615.16,1331.0,87.88799999999999,,6.894711314441089e-05,,8.26013888888889,89.05902777777777,1.552229425276895,0.8725513342317058,,0.2117753099091416,0.0,0.0,0.0,
1.0,62.0,2020-08-24,teaching,1274716.1699999983,7615.16,1331.0,302.2476,,0.00023710972459069094,,7.6275,87.32916666666667,1.5821857138848958,0.6257194958257567,,0.20552538722159983,0.0,0.0,0.0,
1.0,62.0,2020-08-25,teaching,1274716.1699999983,7615.16,1331.0,226.1669,,0.00017742530088090143,,7.6757638888888895,88.59930555555556,1.6217513984019416,0.7040998858316657,,0.1975524029580527,0.0,0.0,0.0,
1.0,62.0,2020-08-26,teaching,1274716.1699999983,7615.16,1331.0,16.8516,,1.3219884078194461e-05,,10.206527777777778,76.70902777777778,0.8879510784582907,0.9741981359139602,,0.4114980167421453,0.0,0.0,0.0,
1.0,62.0,2020-08-27,teaching,1274716.1699999983,7615.16,1331.0,204.2997,,0.00016027073697511836,,12.065555555555557,63.989583333333336,0.9809768426937258,0.7283932704732738,,0.37494465795330817,0.0,0.0,0.0,
1.0,62.0,2020-08-28,teaching,1274716.1699999983,7615.16,1331.0,146.6619,,0.00011505455367370149,,10.537708333333333,76.80902777777777,0.827793082549834,0.7965183178252911,,0.43701267376792075,0.0,0.0,0.0,
1.0,62.0,2020-08-29,teaching,1274716.1699999983,7615.16,1331.0,123.3564,,9.677166015710003e-05,,13.158819444444445,64.9798611111111,0.8223800796065397,0.825840891038103,,0.43938463859190685,0.0,0.0,0.0,
1.0,62.0,2020-08-30,teaching,1274716.1699999983,7615.16,1331.0,180.7224,,0.00014177461952177183,,14.983611111111113,58.86388888888889,1.1739235274264563,0.7555264063605829,,0.30915159384273205,0.0,0.0,0.0,
1.0,62.0,2020-08-31,teaching,1274716.1699999983,7615.16,1331.0,337.4856,,0.00026475352548481474,,8.976111111111111,80.89722222222223,1.1687731725092578,0.5924344437527842,,0.310747941624317,0.0,0.0,0.0,
1.0,62.0,2020-09-01,teaching,1274716.1699999983,7615.16,1331.0,337.448,,0.00026472402872240996,,10.067638888888888,73.00694444444444,0.9302357786943437,0.5924689990584932,,0.39446069397899397,0.0,0.0,0.0,
1.0,62.0,2020-09-02,teaching,1274716.1699999983,7615.16,1331.0,353.9633,,0.0002776800893645214,,16.33451388888889,51.65277777777778,1.6935975986731995,0.577483375078366,,0.1838568894595426,0.0,0.0,0.0,
1.0,62.0,2020-09-03,teaching,1274716.1699999983,7615.16,1331.0,357.4656,,0.00028042760295415446,,14.879722222222222,55.509027777777774,1.4077715758762102,0.5743545047406534,,0.24468794457821327,0.0,0.0,0.0,
1.0,62.0,2020-09-04,teaching,1274716.1699999983,7615.16,1331.0,294.27299999999997,,0.00023085374370045088,,12.45423611111111,61.40555555555556,1.1027869073196725,0.6335079538894978,,0.33194469431867923,0.0,0.0,0.0,
1.0,62.0,2020-09-05,teaching,1274716.1699999983,7615.16,1331.0,165.1851,,0.000129585788497529,,12.327499999999999,68.25555555555556,0.7177167134490094,0.7739571678636176,,0.4878649206224022,0.0,0.0,0.0,
1.0,62.0,2020-09-06,teaching,1274716.1699999983,7615.16,1331.0,50.13249999999999,,3.9328362799383065e-05,,12.027430555555556,70.45138888888889,0.6612315696998375,0.9251803086613442,,0.5162151878586846,0.0,0.0,0.0,
1.0,62.0,2020-09-07,teaching,1274716.1699999983,7615.16,1331.0,22.7101,,1.7815809145968572e-05,,17.01076388888889,52.00347222222222,1.6920213645280444,0.9653848927252173,,0.184146919484096,0.0,0.0,0.0,
1.0,62.0,2020-09-08,teaching,1274716.1699999983,7615.16,1331.0,157.6815,,0.0001236993016257103,,17.008472222222224,70.26944444444445,0.5278841092261035,0.7830184681193398,,0.5898517120233417,0.0,0.0,0.0,
1.0,62.0,2020-09-11,teaching,1274716.1699999983,7615.16,1331.0,6.7429,,5.289726574975517e-06,,15.526597222222222,56.50694444444444,1.3413528762778124,0.9895947786036131,,0.26149166330352025,0.0,0.0,0.0,
1.0,62.0,2020-09-12,teaching,1274716.1699999983,7615.16,1331.0,42.4974,,3.3338715707983884e-05,,13.992916666666666,81.1361111111111,0.42155969975536445,0.9362030448124228,,0.6560228228224443,0.0,0.0,0.0,
1.0,62.0,2020-09-13,teaching,1274716.1699999983,7615.16,1331.0,62.8702,,4.9320940205849965e-05,,13.185208333333334,79.68888888888888,0.4358137776767302,0.907079091505117,,0.6467381518032752,0.0,0.0,0.0,
1.0,62.0,2020-09-18,teaching,1274716.1699999983,7615.16,1331.0,4.5783,,3.5916230669608637e-06,,13.227986111111111,88.49513888888889,0.9485925424692411,0.9929232000667408,,0.38728572825493357,0.0,0.0,0.0,
1.0,62.0,2020-09-19,teaching,1274716.1699999983,7615.16,1331.0,39.69,,3.113634308098567e-05,,18.875416666666666,70.48680555555555,0.7985266649152745,0.9402890063260917,,0.4499914641670808,0.0,0.0,0.0,
1.0,62.0,2020-09-20,teaching,1274716.1699999983,7615.16,1331.0,29.467499999999994,,2.3116910802190602e-05,,18.840416666666666,68.94791666666667,0.8474295684325658,0.9553183612358767,,0.42851498598332644,0.0,0.0,0.0,
1.0,62.0,2020-09-25,teaching,1274716.1699999983,7615.16,1331.0,6.8401,,5.365978843745278e-06,,7.278194444444445,92.90972222222223,1.860594079851013,0.989445579969139,,0.15558017586034073,0.0,0.0,0.0,
1.0,62.0,2020-09-26,teaching,1274716.1699999983,7615.16,1331.0,55.043699999999994,,4.318114204199674e-05,,9.314444444444444,81.82986111111111,1.1324662100257237,0.9181587314743648,,0.32223757013466514,0.0,0.0,0.0,
1.0,62.0,2020-09-27,teaching,1274716.1699999983,7615.16,1331.0,66.38889999999999,,5.208131940461702e-05,,9.795277777777779,73.73819444444445,0.9708416373028862,0.9021414834358166,,0.37876412190235065,0.0,0.0,0.0,
1.0,62.0,2020-09-28,teaching,1274716.1699999983,7615.16,1331.0,162.3795,,0.00012738482794958208,,8.776805555555557,80.62361111111112,1.198156016535025,0.7773328535300071,,0.30175012144518737,0.0,0.0,0.0,
1.0,62.0,2020-09-29,teaching,1274716.1699999983,7615.16,1331.0,126.9352,,9.957918710641301e-05,,11.686874999999999,71.17569444444445,0.6896762895820433,0.821268927032822,,0.5017384607475315,0.0,0.0,0.0,
1.0,62.0,2020-10-02,teaching,1274716.1699999983,7615.16,1331.0,2.036,,1.5972183046834675e-06,,19.695069444444446,46.90347222222222,2.183911629362231,0.9968466943446863,,0.11260021775896256,0.0,0.0,0.0,
1.0,62.0,2020-10-03,teaching,1274716.1699999983,7615.16,1331.0,16.9241,,1.3276759484427049e-05,,23.28659722222222,41.24722222222222,2.8428461673435823,0.974088580256646,,0.058259613161133615,0.0,0.0,0.0,
1.0,62.0,2020-10-04,teaching,1274716.1699999983,7615.16,1331.0,14.081299999999999,,1.1046615969420092e-05,,18.70268115942029,72.80724637681159,0.7083727814006819,0.9783936145809434,,0.49244486129419185,0.0,0.0,0.0,
1.0,62.0,2020-10-06,teaching,1274716.1699999983,7615.16,1331.0,7.6775,,6.022909397940728e-06,,10.071736111111111,88.17916666666666,1.257427236091432,0.9881611312911557,,0.2843847409164515,0.0,0.0,0.0,
1.0,62.0,2020-10-07,teaching,1274716.1699999983,7615.16,1331.0,36.8239,,2.8887920987148104e-05,,12.082777777777778,99.70625,1.7555299267532827,0.9444787978284587,,0.17281563839201194,0.0,0.0,0.0,
1.0,62.0,2020-10-09,teaching,1274716.1699999983,7615.16,1331.0,1.4768999999999999,,1.158610861584977e-06,,12.799652777777778,72.86111111111111,0.45392999500214753,0.9977116227042825,,0.6351271937675164,0.0,0.0,0.0,
1.0,62.0,2020-10-10,teaching,1274716.1699999983,7615.16,1331.0,19.7346,,1.5481564025346935e-05,,14.110277777777778,69.67361111111111,0.45287894594286576,0.9698510811886972,,0.6357950945438052,0.0,0.0,0.0,
1.0,62.0,2020-10-11,teaching,1274716.1699999983,7615.16,1331.0,10.9955,,8.625841782488735e-06,,12.846944444444443,72.96527777777777,0.4429328622262194,0.9830881774540922,,0.6421503181833829,0.0,0.0,0.0,
1.0,62.0,2020-10-16,teaching,1274716.1699999983,7615.16,1331.0,1.8358999999999994,,1.440242183481521e-06,,13.00763888888889,80.3125,0.488798510982498,0.9971561630904784,,0.6133629004323444,0.0,0.0,0.0,
1.0,62.0,2020-10-17,teaching,1274716.1699999983,7615.16,1331.0,15.419899999999998,,1.2096732090564144e-05,,15.345555555555555,87.11458333333333,0.7958555532508763,0.9763641216704425,,0.45119504835416296,0.0,0.0,0.0,
1.0,62.0,2020-10-18,teaching,1274716.1699999983,7615.16,1331.0,20.33,,1.5948648395979808e-05,,12.011319444444444,71.05277777777778,0.6414962628231698,0.9689557426626859,,0.526504045949515,0.0,0.0,0.0,
1.0,62.0,2020-10-23,teaching,1274716.1699999983,7615.16,1331.0,1.7891,,1.403528128147933e-06,,15.913055555555555,90.63333333333334,1.0516441612303093,0.9972285564488516,,0.34936286775936515,0.0,0.0,0.0,
1.0,62.0,2020-10-24,teaching,1274716.1699999983,7615.16,1331.0,19.383699999999997,,1.52062870591812e-05,,12.518263888888889,87.9263888888889,0.9664229713455229,0.970379137886196,,0.3804414570965234,0.0,0.0,0.0,
1.0,62.0,2020-10-25,teaching,1274716.1699999983,7615.16,1331.0,47.67059999999999,,3.7397030901396704e-05,,10.626805555555556,67.95972222222223,0.9720136626238646,0.9287202841684542,,0.3783204608026104,0.0,0.0,0.0,
1.0,62.0,2020-10-30,teaching,1274716.1699999983,7615.16,1331.0,1.188,,9.319721738526323e-07,,15.749166666666666,91.05972222222222,1.0767830003958991,0.9981588453845786,,0.34068976345409613,0.0,0.0,0.0,
1.0,62.0,2020-10-31,teaching,1274716.1699999983,7615.16,1331.0,12.036,,9.442101922971618e-06,,14.148055555555556,90.47222222222223,1.0397102567036574,0.9815027073827989,,0.3535571079213401,0.0,0.0,0.0,
1.0,62.0,2020-11-01,teaching,1274716.1699999983,7615.16,1331.0,16.75,,1.3140180060632652e-05,,14.361736111111112,76.89027777777778,0.14537015016154112,0.9743516856785481,,0.864702164220745,0.0,0.0,0.0,
1.0,62.0,2020-11-02,teaching,1274716.1699999983,7615.16,1331.0,59.907,,4.6996344292078823e-05,,18.107222222222223,71.46041666666666,0.641771504415602,0.911258151130902,,0.5263591500790857,0.0,0.0,0.0,
1.0,62.0,2020-11-03,teaching,1274716.1699999983,7615.16,1331.0,3.3245,,2.6080315588998956e-06,,22.253333333333334,59.859027777777776,1.7306667188420275,0.9948562374620997,,0.17716625050730014,0.0,0.0,0.0,
1.0,62.0,2020-11-04,teaching,1274716.1699999983,7615.16,1331.0,49.742399999999996,,3.9022333889433646e-05,,18.179861111111112,72.11319444444445,0.6343206428601892,0.9257403339897419,,0.5302956260924294,0.0,0.0,0.0,
1.0,62.0,2020-11-05,teaching,1274716.1699999983,7615.16,1331.0,83.918,,6.58326943479505e-05,,11.727361111111112,71.66805555555555,0.6678674663019586,0.8779413914803221,,0.5128009779483352,0.0,0.0,0.0,
1.0,62.0,2020-11-06,teaching,1274716.1699999983,7615.16,1331.0,77.9674,,6.116451790205196e-05,,11.924375,78.42569444444445,0.599436555789268,0.8860829242422487,,0.5491209479649743,0.0,0.0,0.0,
1.0,62.0,2020-11-07,teaching,1274716.1699999983,7615.16,1331.0,9.512999999999998,,7.462837786077517e-06,,12.308611111111112,67.98402777777778,0.7338860832741504,0.9853515735928238,,0.4800398857239695,0.0,0.0,0.0,
1.0,62.0,2020-11-08,teaching,1274716.1699999983,7615.16,1331.0,18.9912,,1.4898375377163391e-05,,14.25340277777778,68.94513888888889,0.4922511941414523,0.970970137584241,,0.6112488044277116,0.0,0.0,0.0,
1.0,62.0,2020-11-09,teaching,1274716.1699999983,7615.16,1331.0,48.4898,,3.803968376740688e-05,,19.524583333333336,62.696527777777774,1.2294474289925965,0.9275408522120538,,0.2924541347167214,0.0,0.0,0.0,
1.0,62.0,2020-11-10,teaching,1274716.1699999983,7615.16,1331.0,44.4812,,3.489498372017989e-05,,23.259305555555557,51.58958333333333,2.2642640171667057,0.933326482373474,,0.10390647979154476,0.0,0.0,0.0,
1.0,62.0,2020-11-11,teaching,1274716.1699999983,7615.16,1331.0,121.5871,,9.538366489851632e-05,,22.88215277777778,55.454166666666666,2.022092705930581,0.8281105881396512,,0.1323781464759762,0.0,0.0,0.0,
1.0,62.0,2020-11-12,teaching,1274716.1699999983,7615.16,1331.0,103.8682,,8.148339406410773e-05,,21.18763888888889,59.96041666666667,1.5796873043555073,0.8511876859982754,,0.20603951579199065,0.0,0.0,0.0,
1.0,62.0,2020-11-13,teaching,1274716.1699999983,7615.16,1331.0,3.8969,,3.0570726972107095e-06,,16.994097222222223,67.21875,0.6950991118576862,0.9939732773466956,,0.4990249862406356,0.0,0.0,0.0,
1.0,62.0,2020-11-14,teaching,1274716.1699999983,7615.16,1331.0,24.9407,,1.9565688885863928e-05,,16.48763888888889,70.29097222222222,0.4651636609717793,0.9620502832600292,,0.6280323123997301,0.0,0.0,0.0,
1.0,62.0,2020-11-15,teaching,1274716.1699999983,7615.16,1331.0,33.7376,,2.646675455603583e-05,,22.028055555555557,55.009027777777774,1.9356411447816702,0.9490113654907252,,0.14433170163489514,0.0,0.0,0.0,
1.0,62.0,2020-11-17,teaching,1274716.1699999983,7615.16,1331.0,18.2668,,1.43300920078546e-05,,15.599513888888888,62.925,0.8975407721376003,0.9720618349849333,,0.4075707376106081,0.0,0.0,0.0,
1.0,62.0,2020-11-18,teaching,1274716.1699999983,7615.16,1331.0,124.0551,,9.731978217550983e-05,,19.26083333333333,55.725,1.5967913391037882,0.8249462975679224,,0.20254537588279942,0.0,0.0,0.0,
1.0,62.0,2020-11-19,teaching,1274716.1699999983,7615.16,1331.0,100.3643,,7.873462529309574e-05,,24.986319444444447,38.544444444444444,3.173584233934255,0.855826764962531,,0.04185331666492183,0.0,0.0,0.0,
1.0,62.0,2020-11-20,teaching,1274716.1699999983,7615.16,1331.0,106.4994,,8.35475398417517e-05,,19.249791666666667,63.918055555555554,1.1327184240711887,0.8477205799923746,,0.32215630754171504,0.0,0.0,0.0,
1.0,62.0,2020-11-21,teaching,1274716.1699999983,7615.16,1331.0,30.1105,,2.3621336818846536e-05,,19.668819444444445,75.70277777777778,0.8565529073470919,0.9543659676661739,,0.42462327821463425,0.0,0.0,0.0,
1.0,62.0,2020-11-22,teaching,1274716.1699999983,7615.16,1331.0,40.5441,,3.180637459082366e-05,,21.094930555555557,82.58611111111111,1.2169476241766501,0.9390440436170023,,0.29613269707772794,0.0,0.0,0.0,
1.0,62.0,2020-11-23,teaching,1274716.1699999983,7615.16,1331.0,127.3968,,9.994130693423318e-05,,16.651319444444447,91.41666666666667,1.1338496872033443,0.8206810728091266,,0.3217920700512685,0.0,0.0,0.0,
1.0,62.0,2020-11-24,teaching,1274716.1699999983,7615.16,1331.0,174.5657,,0.00013694476002450037,,16.409583333333334,71.875,0.37087218934794514,0.7627765575687326,,0.6901321421612744,0.0,0.0,0.0,
1.0,62.0,2020-11-25,teaching,1274716.1699999983,7615.16,1331.0,120.0145,,9.414997850070433e-05,,20.91326388888889,66.85347222222222,1.2489573767115008,0.8301331898294068,,0.2868036692122261,0.0,0.0,0.0,
1.0,62.0,2020-11-26,teaching,1274716.1699999983,7615.16,1331.0,17.1712,,1.3470606558634948e-05,,17.41722222222222,70.54583333333333,0.5703363845251475,0.9737152769000499,,0.565335236685682,0.0,0.0,0.0,
1.0,62.0,2020-11-27,teaching,1274716.1699999983,7615.16,1331.0,89.8123,,7.045670409907808e-05,,22.168541666666666,56.12986111111111,1.8960636636738804,0.8699506377569046,,0.1501585318973621,0.0,0.0,0.0,
1.0,62.0,2020-11-28,teaching,1274716.1699999983,7615.16,1331.0,22.2322,,1.744090215785058e-05,,19.53909722222222,78.08402777777778,0.8487907367290611,0.9661008258310061,,0.42793210176159063,0.0,0.0,0.0,
1.0,62.0,2020-11-29,teaching,1274716.1699999983,7615.16,1331.0,42.8276,,3.359775376505976e-05,,15.774166666666666,83.18541666666667,0.5383207515503129,0.9357236317905735,,0.5837276535721693,0.0,0.0,0.0,
1.0,62.0,2020-11-30,teaching,1274716.1699999983,7615.16,1331.0,137.2967,,0.00010770766326750226,,19.143055555555556,67.375,0.9565631921716881,0.8081742008324931,,0.38421107913381725,0.0,0.0,0.0,
1.0,62.0,2020-12-01,teaching,1274716.1699999983,7615.16,1331.0,123.2154,,9.666104729808219e-05,,21.107420494699646,63.41224970553593,1.411446016353543,0.826021540603209,,0.24379050309772526,0.0,0.0,0.0,
1.0,62.0,2020-12-02,teaching,1274716.1699999983,7615.16,1331.0,88.1476,,6.915076632314166e-05,,14.689583333333333,53.104166666666664,1.576172793842285,0.8722000309858757,,0.20676491780621625,0.0,0.0,0.0,
1.0,62.0,2020-12-03,teaching,1274716.1699999983,7615.16,1331.0,96.4028,,7.562687464771089e-05,,16.160416666666666,60.166666666666664,1.1034867082885726,0.8611021546104576,,0.3317124803612267,0.0,0.0,0.0,
1.0,62.0,2020-12-04,teaching,1274716.1699999983,7615.16,1331.0,86.9667,,6.822436401665802e-05,,16.741666666666667,62.458333333333336,0.9767041748950598,0.8737992243855657,,0.37655009923589333,0.0,0.0,0.0,
1.0,62.0,2020-12-05,teaching,1274716.1699999983,7615.16,1331.0,22.007299999999997,,1.726447072527528e-05,,18.581481481481482,62.666666666666664,1.1212800321644547,0.9664379280382154,,0.32586241317913617,0.0,0.0,0.0,
1.0,62.0,2020-12-06,teaching,1274716.1699999983,7615.16,1331.0,36.453199999999995,,2.859711115141816e-05,,15.614,56.8,1.3222376607608177,0.945022065174717,,0.2665382120742647,0.0,0.0,0.0,
1.0,62.0,2020-12-07,teaching,1274716.1699999983,7615.16,1331.0,88.2034,,6.91945407737317e-05,,13.706,65.94,0.7225216614817996,0.8721245382038687,,0.48552637781937297,0.0,0.0,0.0,
1.0,62.0,2020-12-08,teaching,1274716.1699999983,7615.16,1331.0,104.3488,,8.186041917080266e-05,,13.183333333333332,72.16666666666667,0.41834879163135263,0.850553347381786,,0.658132637231225,0.0,0.0,0.0,
1.0,62.0,2020-12-09,teaching,1274716.1699999983,7615.16,1331.0,97.9991,,7.687915341969823e-05,,17.008333333333333,64.5,0.8632080947994564,0.8589725178920113,,0.4218067134804373,0.0,0.0,0.0,
1.0,62.0,2020-12-10,teaching,1274716.1699999983,7615.16,1331.0,104.2107,,8.17520813280341e-05,,14.960416666666667,68.64583333333333,0.4927762550336414,0.8507355756234364,,0.6109279458276321,0.0,0.0,0.0,
1.0,62.0,2020-12-11,teaching,1274716.1699999983,7615.16,1331.0,94.93809999999999,,7.447783454414023e-05,,16.329166666666666,57.5,1.2917235766633475,0.8630608673799866,,0.2747967414328397,0.0,0.0,0.0,
1.0,62.0,2020-12-12,teaching,1274716.1699999983,7615.16,1331.0,30.917499999999997,,2.4254418926842386e-05,,19.864583333333332,58.416666666666664,1.4996232799264293,0.9531720053948396,,0.22321423359385978,0.0,0.0,0.0,
1.0,62.0,2020-12-13,teaching,1274716.1699999983,7615.16,1331.0,12.662599999999998,,9.933662330493552e-06,,22.973055555555554,51.12847222222222,2.253598930536769,0.9805491545243163,,0.1050205818371602,0.0,0.0,0.0,
1.0,62.0,2020-12-14,teaching,1274716.1699999983,7615.16,1331.0,6.0344,,4.733916570619801e-06,,25.517916666666668,44.69513888888889,2.8992960648137656,0.9906829814418042,,0.055061966472947844,0.0,0.0,0.0,
1.0,62.0,2020-12-15,teaching,1274716.1699999983,7615.16,1331.0,7.376599999999999,,5.786856849866436e-06,,22.616180555555555,62.09791666666667,1.690412950755294,0.9886224756813642,,0.18444334224692724,0.0,0.0,0.0,
1.0,62.0,2020-12-16,teaching,1274716.1699999983,7615.16,1331.0,12.6128,,9.89459481007448e-06,,18.882916666666667,74.40069444444444,0.7177882526178597,0.9806249057067362,,0.4878300204198503,0.0,0.0,0.0,
1.0,62.0,2020-12-17,teaching,1274716.1699999983,7615.16,1331.0,3.9995999999999996,,3.1376396519705284e-06,,20.75,79.45555555555555,1.0871600728645083,0.9938149395898939,,0.33717268115930515,0.0,0.0,0.0,
1.0,62.0,2020-12-18,teaching,1274716.1699999983,7615.16,1331.0,5.2528,,4.1207604670144e-06,,15.42013888888889,68.75347222222223,0.4908539759798096,0.9918848486491811,,0.6121034492821588,0.0,0.0,0.0,
1.0,62.0,2020-12-19,teaching,1274716.1699999983,7615.16,1331.0,0.258,,2.023979973518343e-07,,14.52611111111111,62.980555555555554,0.891779965472536,0.9995998648237924,,0.40992544984114804,0.0,0.0,0.0,
1.0,62.0,2020-12-20,teaching,1274716.1699999983,7615.16,1331.0,1.8263999999999998,,1.4327895440441476e-06,,14.824930555555557,65.48958333333333,0.7133446718348697,0.9971708578983471,,0.4900025558675373,0.0,0.0,0.0,
1.0,62.0,2020-12-21,teaching,1274716.1699999983,7615.16,1331.0,6.975,,5.4718063237559846e-06,,15.646041666666665,79.69583333333334,0.30020792450435674,0.9892385504125073,,0.7406642024330031,0.0,0.0,0.0,
1.0,62.0,2020-12-22,teaching,1274716.1699999983,7615.16,1331.0,11.3124,,8.874446144352288e-06,,15.214166666666667,95.35833333333333,1.3681376932120426,0.982605027547188,,0.2545806255872815,0.0,0.0,0.0,
1.0,62.0,2020-12-23,teaching,1274716.1699999983,7615.16,1331.0,3.6268,,2.845182390680746e-06,,16.09951388888889,69.91111111111111,0.45107498905762056,0.9943898245342156,,0.6369430766259839,0.0,0.0,0.0,
1.0,62.0,2020-12-24,teaching,1274716.1699999983,7615.16,1331.0,3.6193999999999997,,2.839377176803213e-06,,15.853819444444444,64.6048611111111,0.7893191020933389,0.9944012392423917,,0.4541539224835015,0.0,0.0,0.0,
1.0,62.0,2020-12-25,teaching,1274716.1699999983,7615.16,1331.0,3.5963999999999996,,2.82133394448115e-06,,15.515902777777779,62.78541666666667,0.9054981582288614,0.9944367182259608,,0.4043404094215865,0.0,0.0,0.0,
1.0,62.0,2020-12-26,teaching,1274716.1699999983,7615.16,1331.0,3.5557999999999996,,2.7894837169909e-06,,20.033611111111114,58.59513888888889,1.5085033177787557,0.9944993494342397,,0.2212408575449162,0.0,0.0,0.0,
1.0,62.0,2020-12-27,teaching,1274716.1699999983,7615.16,1331.0,0.9571999999999999,,7.509122599425417e-07,,20.532152777777778,60.24791666666667,1.4806225977658662,0.9985162722060252,,0.22749600577781168,0.0,0.0,0.0,
1.0,62.0,2020-12-28,teaching,1274716.1699999983,7615.16,1331.0,4.432,,3.4768524196253085e-06,,14.241527777777778,61.93402777777778,0.9706158944572031,0.9931485633673434,,0.3788496348446759,0.0,0.0,0.0,
1.0,62.0,2020-12-29,teaching,1274716.1699999983,7615.16,1331.0,5.5784,,4.376189877625862e-06,,15.80013888888889,61.9875,0.967213126420918,0.9913839960753483,,0.38014096808040254,0.0,0.0,0.0,
1.0,62.0,2020-12-30,teaching,1274716.1699999983,7615.16,1331.0,7.0602,,5.5386447321838e-06,,18.007569444444446,74.82916666666667,0.5542317819781851,0.9891078172228247,,0.5745134432936329,0.0,0.0,0.0,
1.0,62.0,2020-12-31,teaching,1274716.1699999983,7615.16,1331.0,6.2476,,4.9011694893617055e-06,,17.75909722222222,86.04097222222222,0.8784414935281398,0.9903553964331854,,0.41542985753755635,0.0,0.0,0.0,
1.0,62.0,2021-01-01,teaching,1274716.1699999983,7615.16,1331.0,11.6979,,9.176866407837296e-06,,21.876041666666666,69.07083333333334,1.3450842545660497,0.9820176092817012,,0.26051775712468894,1.0,0.0,0.0,
1.0,62.0,2021-01-02,teaching,1274716.1699999983,7615.16,1331.0,3.6612999999999998,,2.8722472391638405e-06,,21.231458333333332,74.53888888888889,1.1471577316916677,0.9943366090430896,,0.31753801621985284,0.0,0.0,0.0,
1.0,62.0,2021-01-03,teaching,1274716.1699999983,7615.16,1331.0,9.031699999999999,,7.085263537529308e-06,,19.591458333333335,86.61527777777778,1.1336708572926164,0.9860875148292039,,0.3218496212442127,0.0,0.0,0.0,
1.0,62.0,2021-01-04,teaching,1274716.1699999983,7615.16,1331.0,4.405799999999999,,3.456298824545393e-06,,16.298402777777778,98.87569444444445,1.629802196701998,0.9931889277453267,,0.19596833347608494,0.0,0.0,0.0,
1.0,62.0,2021-01-05,teaching,1274716.1699999983,7615.16,1331.0,3.1457999999999995,,2.467843488641086e-06,,16.827708333333334,97.20138888888889,1.5327393637808073,0.9951320531751568,,0.2159433090645053,0.0,0.0,0.0,
1.0,62.0,2021-01-06,teaching,1274716.1699999983,7615.16,1331.0,0.0538,,4.220547386639025e-08,,15.897152777777778,80.55625,0.37384646807808763,0.9999165477438112,,0.6880825463554123,0.0,0.0,0.0,
1.0,62.0,2021-01-07,teaching,1274716.1699999983,7615.16,1331.0,5.0295,,3.9455842158180254e-06,,19.485694444444444,69.19166666666666,0.9400974813731632,0.9922284850231604,,0.39058975827666786,0.0,0.0,0.0,
1.0,62.0,2021-01-08,teaching,1274716.1699999983,7615.16,1331.0,3.8346999999999998,,3.008277521104957e-06,,19.70923611111111,66.80972222222222,1.063745674091214,0.9940691864817177,,0.3451605271462943,0.0,0.0,0.0,
1.0,62.0,2021-01-09,teaching,1274716.1699999983,7615.16,1331.0,5.646999999999999,,4.430005779247318e-06,,22.80034722222222,63.325694444444444,1.6728972658644223,0.9912785047275058,,0.18770245316592055,0.0,0.0,0.0,
1.0,62.0,2021-01-10,teaching,1274716.1699999983,7615.16,1331.0,6.327799999999999,4.915019074000031,4.964085455980375e-06,1.0725846833233017e-07,24.50027777777778,61.10625,2.0209116432156944,0.9902321959658856,0.7597730150465375,0.13253458573314678,0.0,0.0,0.0,27.490132731640262
1.0,62.0,2021-01-11,teaching,1274716.1699999983,7615.16,1331.0,8.0644,16.223999999999997,6.326427945132296e-06,3.5404977356629345e-07,28.771458333333335,41.52986111111111,3.475845973399855,0.9875682467760122,0.403783938668157,0.03093565201147134,0.0,0.0,0.0,10.054355409354777
1.0,62.0,2021-01-12,teaching,1274716.1699999983,7615.16,1331.0,28.6504,31.45299999999994,2.2475905361740284e-05,6.863860655806588e-07,19.779791666666668,65.8013888888889,1.1163556863098303,0.956529998239859,0.17236636554803084,0.3274710298444212,0.0,0.0,0.0,36.55228630853957
1.0,62.0,2021-01-13,teaching,1274716.1699999983,7615.16,1331.0,5.8469999999999995,,4.586903451613082e-06,,21.245416666666667,63.670833333333334,1.4210027819823934,0.9909710138424122,,0.24147175192577547,0.0,0.0,0.0,
1.0,62.0,2021-01-14,teaching,1274716.1699999983,7615.16,1331.0,4.894699999999999,,3.839835184643501e-06,,18.174444444444443,64.39444444444445,0.9799111347206872,0.992435986369628,,0.375344452458995,0.0,0.0,0.0,
1.0,62.0,2021-01-15,teaching,1274716.1699999983,7615.16,1331.0,4.174099999999999,,3.2745328711096565e-06,,15.091041666666666,60.90555555555556,1.0318154563745496,0.9935459619965484,,0.35635941797733856,0.0,0.0,0.0,
1.0,62.0,2021-01-16,teaching,1274716.1699999983,7615.16,1331.0,3.0720999999999994,,2.4100266963743022e-06,,14.909097222222222,73.11944444444444,0.18217830289820097,0.9952458282048592,,0.8334527201309024,0.0,0.0,0.0,
1.0,62.0,2021-01-17,teaching,1274716.1699999983,7615.16,1331.0,3.8186999999999993,,2.9957257073156957e-06,,16.29083333333333,63.09861111111111,0.9097943923322657,0.9940938591382629,,0.40260699460938704,0.0,0.0,0.0,
1.0,62.0,2021-01-18,teaching,1274716.1699999983,7615.16,1331.0,3.1814999999999998,,2.4958497231583748e-06,,17.09798611111111,70.46458333333334,0.5299901719506669,0.9950769456592169,,0.5886107545454619,0.0,0.0,0.0,
1.0,62.0,2021-01-19,teaching,1274716.1699999983,7615.16,1331.0,0.21860000000000002,,1.71489155895779e-07,,16.07340277777778,57.28125,1.298804335231606,0.999660960378359,,0.2728578445825412,0.0,0.0,0.0,
1.0,62.0,2021-01-20,teaching,1274716.1699999983,7615.16,1331.0,54.1211,,4.245737307937348e-05,,17.725555555555555,59.01111111111111,1.2660687756236935,0.9194737018134032,,0.28193780680168684,0.0,0.0,0.0,
1.0,62.0,2021-01-21,teaching,1274716.1699999983,7615.16,1331.0,168.1962,,0.00013194796140383175,,22.792222222222225,56.3375,1.967568481625397,0.7703505331387811,,0.1397963607118428,0.0,0.0,0.0,
1.0,62.0,2021-01-22,teaching,1274716.1699999983,7615.16,1331.0,141.2182,,0.00011078403437841396,,20.860555555555557,64.4875,1.3302493165725549,0.8032729055422827,,0.2644113309546234,0.0,0.0,0.0,
1.0,62.0,2021-01-23,teaching,1274716.1699999983,7615.16,1331.0,18.109099999999998,,1.4206378193194193e-05,,21.766875,66.875,1.3870523923829687,0.9722996573183307,,0.2498105639925095,0.0,0.0,0.0,
1.0,62.0,2021-01-24,teaching,1274716.1699999983,7615.16,1331.0,36.6318,,2.8737220772840787e-05,,27.22236111111111,52.42986111111111,2.771268603259031,0.9447602847466122,,0.06258256192008564,0.0,0.0,0.0,
1.0,62.0,2021-01-25,teaching,1274716.1699999983,7615.16,1331.0,105.6626,,8.289107998057336e-05,,28.009236111111115,42.954861111111114,3.3057311033228265,0.8488216887791842,,0.03667239072636386,0.0,0.0,0.0,
1.0,62.0,2021-01-26,teaching,1274716.1699999983,7615.16,1331.0,34.0428,,2.6706180404065985e-05,,18.166458333333335,87.62986111111111,1.0120939937029614,0.9485621786018609,,0.3634571052801753,0.0,0.0,0.0,
1.0,62.0,2021-01-27,teaching,1274716.1699999983,7615.16,1331.0,130.2921,,0.00010221263608823616,,18.612291666666668,52.67638888888889,1.736024133734797,0.8170034514022203,,0.1762196353674963,0.0,0.0,0.0,
1.0,62.0,2021-01-28,teaching,1274716.1699999983,7615.16,1331.0,111.9521,,8.782511953229569e-05,,20.39986111111111,67.62222222222222,1.1403390643126243,0.8405805037797093,,0.3197106009813642,0.0,0.0,0.0,
1.0,62.0,2021-01-29,teaching,1274716.1699999983,7615.16,1331.0,6.1076999999999995,,4.791419567541854e-06,,18.906180555555558,92.93819444444445,1.396691179961069,0.990570342667564,,0.2474142603150788,0.0,0.0,0.0,
1.0,62.0,2021-01-30,teaching,1274716.1699999983,7615.16,1331.0,8.956299999999997,,7.026113115047414e-06,,18.45486111111111,80.66944444444445,0.7208343778658279,0.9862028564721353,,0.4863462900394983,0.0,0.0,0.0,
1.0,62.0,2021-01-31,teaching,1274716.1699999983,7615.16,1331.0,26.923599999999997,,2.1121250858534283e-05,,18.66263888888889,58.91041666666667,1.3495009541720664,0.9590956420035817,,0.2593696657032406,0.0,0.0,0.0,
1.0,62.0,2021-02-01,teaching,1274716.1699999983,7615.16,1331.0,103.0094,,8.080967545896914e-05,,16.475833333333334,79.79583333333333,0.39090973821590935,0.8523223848366523,,0.6764412100742784,0.0,0.0,0.0,
1.0,62.0,2021-02-02,teaching,1274716.1699999983,7615.16,1331.0,79.9004,,6.268093390546706e-05,,15.945416666666668,67.40277777777777,0.6039949330511509,0.8834299734509858,,0.5466235439011172,0.0,0.0,0.0,
1.0,62.0,2021-02-03,teaching,1274716.1699999983,7615.16,1331.0,1.3506999999999998,,1.0596084303221803e-06,,18.380277777777778,67.16875,0.8592253432239947,0.9979069580456202,,0.423490014693284,0.0,0.0,0.0,
1.0,62.0,2021-02-04,teaching,1274716.1699999983,7615.16,1331.0,1.8278999999999999,,1.433966276586891e-06,,21.830833333333334,61.890277777777776,1.5816166461320704,0.997168537651129,,0.20564237837664426,0.0,0.0,0.0,
1.0,62.0,2021-02-05,teaching,1274716.1699999983,7615.16,1331.0,1.5443999999999998,,1.2115638260084219e-06,,23.01534722222222,73.56597222222223,1.480206406987431,0.997607160304963,,0.2275907072231144,0.0,0.0,0.0,
1.0,62.0,2021-02-06,teaching,1274716.1699999983,7615.16,1331.0,1.9647999999999999,,1.5413627333212557e-06,,19.50875,63.71319444444445,1.1761327736704779,0.9969567991514782,,0.3084693557386734,0.0,0.0,0.0,
1.0,62.0,2021-02-07,teaching,1274716.1699999983,7615.16,1331.0,1.4246999999999996,,1.1176605690975125e-06,,16.530416666666667,75.03263888888888,0.282912507921915,0.9977924144601509,,0.7535857177559651,0.0,0.0,0.0,
1.0,62.0,2021-02-08,teaching,1274716.1699999983,7615.16,1331.0,43.0337,,3.375943681643268e-05,,16.11722222222222,61.68055555555556,0.9985538273399984,0.9354245223662669,,0.36841184324131043,0.0,0.0,0.0,
1.0,62.0,2021-02-09,teaching,1274716.1699999983,7615.16,1331.0,18.3721,,1.4412698632355174e-05,,18.80826388888889,67.67083333333333,0.8953441151557116,0.9719030678077448,,0.408467014763326,0.0,0.0,0.0,
1.0,62.0,2021-02-10,teaching,1274716.1699999983,7615.16,1331.0,49.544,3.2179999999999787,3.886669139844681e-05,7.022510918000032e-08,22.52402777777778,66.40833333333333,1.5267163375354564,0.9260252859273457,0.8353729340193041,0.21724786602916188,0.0,0.0,0.0,37.338554178935624
1.0,62.0,2021-02-11,teaching,1274716.1699999983,7615.16,1331.0,28.7589,14.110000000000017,2.256102234899871e-05,3.0791680874139596e-07,25.878541666666667,56.418055555555554,2.4094737624183833,0.956369020541021,0.4544311891427584,0.08986257119393205,0.0,0.0,0.0,19.626298837136826
1.0,62.0,2021-02-12,teaching,1274716.1699999983,7615.16,1331.0,19.7424,25.38600000000005,1.5487683034569198e-05,5.539883846002185e-07,19.962847222222223,71.72083333333333,0.9523163994817486,0.9698393465165993,0.24195463459648872,0.3858462135169453,0.0,0.0,0.0,43.05510986721837
1.0,62.0,2021-02-13,teaching,1274716.1699999983,7615.16,1331.0,4.0633,,3.187611560619024e-06,,17.46472222222222,64.99166666666666,0.8726283344144042,0.9937167427694954,,0.41785185029415883,0.0,0.0,0.0,
1.0,62.0,2021-02-14,teaching,1274716.1699999983,7615.16,1331.0,14.0063,,1.0987779342282932e-05,,16.029166666666665,72.99861111111112,0.2659473286806621,0.9785074491232078,,0.7664794979242292,0.0,0.0,0.0,
1.0,62.0,2021-02-15,teaching,1274716.1699999983,7615.16,1331.0,16.9143,,1.3269071498481128e-05,,18.83548611111111,72.74861111111112,0.7329716773662408,0.9741033884391309,,0.4804790377825268,0.0,0.0,0.0,
1.0,62.0,2021-02-16,teaching,1274716.1699999983,7615.16,1331.0,2.5265999999999993,,1.9820882949966835e-06,,22.672430555555554,62.170833333333334,1.6961627836165385,0.99608835323288,,0.18338586692321507,0.0,0.0,0.0,
1.0,62.0,2021-02-17,teaching,1274716.1699999983,7615.16,1331.0,5.2836,,4.144922708558727e-06,,24.156875,60.59930555555555,1.9850577897814468,0.9918374598692958,,0.13737267515068718,0.0,0.0,0.0,
1.0,62.0,2021-02-18,teaching,1274716.1699999983,7615.16,1331.0,52.1954,,4.0946683840999734e-05,,24.560555555555553,57.327777777777776,2.174354757387699,0.9222244490977094,,0.11368148214740176,0.0,0.0,0.0,
1.0,62.0,2021-02-19,teaching,1274716.1699999983,7615.16,1331.0,18.546,,1.4549121158477203e-05,,26.08465277777778,44.75486111111111,2.966853838268504,0.9716409250353238,,0.05146497301871453,0.0,0.0,0.0,
1.0,62.0,2021-02-20,teaching,1274716.1699999983,7615.16,1331.0,7.532999999999999,,5.909550829656463e-06,,23.06951388888889,69.8236111111111,1.5383765066549533,0.9883826539819652,,0.2147294303968222,0.0,0.0,0.0,
1.0,62.0,2021-02-21,teaching,1274716.1699999983,7615.16,1331.0,17.795199999999998,,1.3960127296416128e-05,,18.750486111111112,83.85694444444445,0.8909392329317484,0.9727732130711885,,0.41027023242078503,0.0,0.0,0.0,
1.0,62.0,2021-02-22,teaching,1274716.1699999983,7615.16,1331.0,36.5992,,2.8711646452245172e-05,,17.580416666666665,63.27708333333333,0.9868264653497006,0.9448080623255398,,0.3727577756414733,0.0,0.0,0.0,
1.0,62.0,2021-02-23,teaching,1274716.1699999983,7615.16,1331.0,6.2718,,4.9201541077179625e-06,,15.696666666666667,53.733333333333334,1.536335101046476,0.9903182196151467,,0.21516822798988836,0.0,0.0,0.0,
1.0,62.0,2021-02-24,teaching,1274716.1699999983,7615.16,1331.0,35.646,,2.7963872145749944e-05,,14.98,62.7125,0.9059062220819326,0.9462061122234108,,0.4041754463761826,0.0,0.0,0.0,
1.0,62.0,2021-02-25,teaching,1274716.1699999983,7615.16,1331.0,4.3694,,3.4277434481748245e-06,,15.400347222222223,71.57291666666667,0.2973751261881286,0.9932450092223467,,0.7427653293678833,0.0,0.0,0.0,
1.0,62.0,2021-02-26,teaching,1274716.1699999983,7615.16,1331.0,10.9568,,8.59548208288596e-06,,15.329305555555557,68.02708333333334,0.5388636790822597,0.9831471962579412,,0.5834108177751077,0.0,0.0,0.0,
1.0,62.0,2021-02-27,teaching,1274716.1699999983,7615.16,1331.0,1.4851999999999996,,1.1651221149881559e-06,,14.256319444444443,76.22777777777777,0.1441877975721109,0.9976987771083428,,0.8657251517104766,0.0,0.0,0.0,
1.0,62.0,2021-02-28,teaching,1274716.1699999983,7615.16,1331.0,2.283199999999999,,1.7911438277275498e-06,,18.655555555555555,66.22291666666666,0.9414886836115558,0.996464514743056,,0.3900467467376751,0.0,0.0,0.0,
1.0,62.0,2021-03-01,teaching,1274716.1699999983,7615.16,1331.0,33.8962,,2.659117441022188e-05,,17.38340277777778,71.1451388888889,0.5398889529156684,0.9487779148322052,,0.5828129684615151,0.0,0.0,0.0,
1.0,62.0,2021-03-02,teaching,1274716.1699999983,7615.16,1331.0,22.1042,,1.7340487647536494e-05,,14.763819444444445,55.06736111111111,1.4390548699990504,0.9662926703821578,,0.23715179206857048,0.0,0.0,0.0,
1.0,62.0,2021-03-04,teaching,1274716.1699999983,7615.16,1331.0,15.5978,,1.223629257013349e-05,,16.349166666666665,66.34305555555555,0.697651697699894,0.9760947190807994,,0.4977528064906203,0.0,0.0,0.0,
1.0,62.0,2021-03-05,teaching,1274716.1699999983,7615.16,1331.0,24.208399999999997,,1.8991208058496685e-05,,15.387152777777779,65.35694444444445,0.7249490868420371,0.9631437546610093,,0.48434922807637854,0.0,0.0,0.0,
1.0,62.0,2021-03-06,teaching,1274716.1699999983,7615.16,1331.0,9.22,,7.232982696061676e-06,,16.33798611111111,61.99236111111111,0.9865342925881047,0.9857995255750832,,0.37286670122195775,0.0,0.0,0.0,
1.0,62.0,2021-03-07,teaching,1274716.1699999983,7615.16,1331.0,7.7954,,6.1154005758003445e-06,,18.938263888888887,63.65138888888889,1.1080701615042041,0.9879804239532864,,0.3301955707242344,0.0,0.0,0.0,
1.0,62.0,2021-03-08,teaching,1274716.1699999983,7615.16,1331.0,9.2084,,7.22388263106446e-06,,16.807916666666667,93.38680555555555,1.2738129706294699,0.9858172643829762,,0.2797628579301674,0.0,0.0,0.0,
1.0,62.0,2021-03-09,teaching,1274716.1699999983,7615.16,1331.0,8.425999999999998,,6.610098936769595e-06,,15.597222222222221,84.96458333333334,0.6526437433417556,0.9870144535087377,,0.520667444495794,0.0,0.0,0.0,
1.0,62.0,2021-03-10,teaching,1274716.1699999983,7615.16,1331.0,11.3806,3.0369999999999604,8.927948250629012e-06,6.627521957105642e-08,16.520069444444445,75.61319444444445,0.27702703898668973,0.9825010799839317,0.8438676223384907,0.7580340003621577,0.0,0.0,0.0,81.55814740094641
1.0,62.0,2021-03-11,teaching,1274716.1699999983,7615.16,1331.0,8.5156,18.206000000000092,6.680389093989457e-06,3.9730215591395297e-07,17.696527777777778,82.92986111111111,0.7040165305025959,0.9868772784135532,0.3614384556066499,0.49459475399961583,0.0,0.0,0.0,54.040236835447054
1.0,62.0,2021-03-12,teaching,1274716.1699999983,7615.16,1331.0,18.6788,24.27399999999995,1.465330121292807e-05,5.297216594889171e-07,21.968194444444446,69.13194444444444,1.3595812461258685,0.9714407854153653,0.2574712023200917,0.25676827715473477,0.0,0.0,0.0,33.91463152510695
1.0,62.0,2021-03-13,teaching,1274716.1699999983,7615.16,1331.0,3.319599999999999,,2.6041875659269337e-06,,19.603819444444444,72.89791666666666,0.8671546759235564,0.9948637993805023,,0.42014529967562314,0.0,0.0,0.0,
1.0,62.0,2021-03-14,teaching,1274716.1699999983,7615.16,1331.0,3.4699999999999998,,2.722174615545988e-06,,13.429236111111111,71.85347222222222,0.397239550025478,0.9946317209743263,,0.672172987288827,0.0,0.0,0.0,
1.0,62.0,2021-03-15,teaching,1274716.1699999983,7615.16,1331.0,38.6448,,3.031639584520219e-05,,14.424513888888889,78.83472222222223,0.24267570408821543,0.9418147683634748,,0.78452589106173,0.0,0.0,0.0,
1.0,62.0,2021-03-16,teaching,1274716.1699999983,7615.16,1331.0,3.9367999999999994,,3.0883737828476787e-06,,18.03875,78.90833333333333,0.5991467133315115,0.9939117585129865,,0.5492801295978216,0.0,0.0,0.0,
1.0,62.0,2021-03-17,teaching,1274716.1699999983,7615.16,1331.0,39.0097,,3.060265564843353e-05,,19.29513888888889,72.64722222222223,0.8163156086178911,0.9412818135607791,,0.44205737014556007,0.0,0.0,0.0,
1.0,62.0,2021-03-18,teaching,1274716.1699999983,7615.16,1331.0,18.7937,,1.4743438925702202e-05,,18.663958333333333,74.90694444444445,0.6739598205556423,0.9712676557107375,,0.5096863101925777,0.0,0.0,0.0,
1.0,62.0,2021-03-19,teaching,1274716.1699999983,7615.16,1331.0,4.698199999999999,,3.6856832215441383e-06,,19.032013888888887,77.55694444444444,0.7503130101873381,0.9927385419578905,,0.47221872033558043,0.0,0.0,0.0,
1.0,62.0,2021-03-21,teaching,1274716.1699999983,7615.16,1331.0,1.0385999999999995,,8.14769612595407e-07,,18.500833333333333,97.79166666666667,1.66562288324174,0.9983901980522456,,0.1890728509854422,0.0,0.0,0.0,
1.0,62.0,2021-03-23,teaching,1274716.1699999983,7615.16,1331.0,2.9038,,2.277997305078513e-06,,18.702222222222222,96.44652777777777,1.5950006770580263,0.9955056915967448,,0.20290839112174275,0.0,0.0,0.0,
1.0,62.0,2021-03-24,teaching,1274716.1699999983,7615.16,1331.0,4.7136,,3.6977643423163025e-06,,18.057569444444447,95.90972222222223,1.5134469636951977,0.9927148268914524,,0.22014982015627507,0.0,0.0,0.0,
1.0,62.0,2021-03-25,teaching,1274716.1699999983,7615.16,1331.0,4.5161999999999995,,3.5429063396912943e-06,,16.74,81.54375,0.5150119276217688,0.993018853839844,,0.5974934678996408,0.0,0.0,0.0,
1.0,62.0,2021-03-26,teaching,1274716.1699999983,7615.16,1331.0,153.3999,,0.00012034043625570405,,15.672152777777779,73.01180555555555,0.22400483816036254,0.7882363597338605,,0.7993112671639199,0.0,0.0,0.0,
1.0,62.0,2021-03-27,teaching,1274716.1699999983,7615.16,1331.0,52.49079999999999,,4.117842170308396e-05,,16.78875,69.79513888888889,0.5261102334315156,0.9218019541189697,,0.5908989642707924,0.0,0.0,0.0,
1.0,62.0,2021-03-28,teaching,1274716.1699999983,7615.16,1331.0,54.227799999999995,,4.254107798758061e-05,,14.671111111111113,77.31041666666667,0.12762928225545944,0.9193215273706559,,0.8801796168722077,0.0,0.0,0.0,
1.0,62.0,2021-03-29,teaching,1274716.1699999983,7615.16,1331.0,220.7552,,0.00017317988521319244,,15.169791666666667,74.97152777777778,0.059352442861196786,0.7100355058069469,,0.9423745774288487,0.0,0.0,0.0,
1.0,62.0,2021-03-30,teaching,1274716.1699999983,7615.16,1331.0,156.0673,,0.0001224329805120462,,13.349791666666667,81.98333333333333,0.5331951663849412,0.7849815893672275,,0.5867272802277943,0.0,0.0,0.0,
1.0,62.0,2021-03-31,teaching,1274716.1699999983,7615.16,1331.0,165.7079,,0.0001299959190130931,,16.56875,77.98194444444445,0.3264103688567863,0.7733297594407423,,0.7215090418307488,0.0,0.0,0.0,
1.0,62.0,2021-04-01,teaching,1274716.1699999983,7615.16,1331.0,170.64839999999998,,0.00013387168376470835,,19.483402777777776,64.73055555555555,1.12344158885842,0.7674257581604803,,0.3251588038183368,0.0,0.0,0.0,
1.0,62.0,2021-04-02,teaching,1274716.1699999983,7615.16,1331.0,185.2913,,0.00014535886839813153,,20.421944444444442,59.63125,1.498615200046738,0.7501906359529124,,0.22343936482767465,0.0,0.0,0.0,
1.0,62.0,2021-04-03,teaching,1274716.1699999983,7615.16,1331.0,43.44179999999999,,3.407958651689501e-05,,22.348333333333333,57.39375,1.857654995935547,0.9348325358484133,,0.15603811167903114,0.0,0.0,0.0,
1.0,62.0,2021-04-04,teaching,1274716.1699999983,7615.16,1331.0,50.871599999999994,,3.990817814761074e-05,,19.587916666666665,69.89722222222223,0.9342581222303624,0.9241201897674252,,0.39287722432077127,0.0,0.0,0.0,
1.0,62.0,2021-04-05,teaching,1274716.1699999983,7615.16,1331.0,232.5676,,0.00018244657553845913,,16.171805555555558,67.48263888888889,0.6118814266634643,0.6971435358354828,,0.5423295553265327,0.0,0.0,0.0,
1.0,62.0,2021-04-06,teaching,1274716.1699999983,7615.16,1331.0,148.2258,,0.00011628141502276556,,15.451944444444443,80.40347222222222,0.3358990575851977,0.7945883414476468,,0.7146952452389345,0.0,0.0,0.0,
1.0,62.0,2021-04-07,teaching,1274716.1699999983,7615.16,1331.0,153.7484,,0.00012061383044980139,,17.645,86.85902777777778,0.9143472969734043,0.7878103536603095,,0.40077812983772987,0.0,0.0,0.0,
1.0,62.0,2021-04-08,teaching,1274716.1699999983,7615.16,1331.0,128.6863,,0.00010095290467681143,,21.732152777777777,62.30694444444445,1.5495834862532543,0.8190411046894339,,0.21233639643889923,0.0,0.0,0.0,
1.0,62.0,2021-04-09,teaching,1274716.1699999983,7615.16,1331.0,132.7284,,0.0001041238850841597,,14.847708333333333,75.55625,0.03296218788856088,0.8139216248549406,,0.9675751449565495,0.0,0.0,0.0,
1.0,62.0,2021-04-10,teaching,1274716.1699999983,7615.16,1331.0,0.0129,4.865076294000083,1.0119899867591714e-08,1.0616858729496252e-07,12.658541666666666,72.42708333333333,0.4907855217984927,0.9999799894376316,0.7618970055920287,0.612145351756844,0.0,0.0,0.0,70.50288224496813
1.0,62.0,2021-04-11,teaching,1274716.1699999983,7615.16,1331.0,0.9069999999999996,8.821999999999807,7.11530944178735e-07,1.9251892889557281e-07,9.652222222222223,85.93194444444444,1.2167811813583984,0.9985940310333689,0.6107151382865506,0.29618199034054704,0.0,0.0,0.0,43.400436975016206
1.0,62.0,2021-04-12,teaching,1274716.1699999983,7615.16,1331.0,141.1181,19.091999999999896,0.00011070550709339491,4.1663697466269966e-07,11.875416666666666,91.0375,1.213296054809246,0.8033976452848371,0.3439742863473161,0.2972160228789676,0.0,0.0,0.0,37.538849585693164
1.0,62.0,2021-04-13,teaching,1274716.1699999983,7615.16,1331.0,134.2668,,0.00010533074197999713,,13.497083333333332,70.77361111111111,0.4436424507279134,0.8119815982290219,,0.6416948173294377,0.0,0.0,0.0,
1.0,62.0,2021-04-14,teaching,1274716.1699999983,7615.16,1331.0,142.7393,,0.00011197731962559177,,17.736666666666665,52.93888888888889,1.6637270876816896,0.8013797663703839,,0.18943163443944913,0.0,0.0,0.0,
1.0,62.0,2021-04-15,teaching,1274716.1699999983,7615.16,1331.0,136.5366,,0.00010711137366367618,,14.692777777777776,68.23680555555555,0.5245358867001872,0.8091276679147164,,0.5918299767997052,0.0,0.0,0.0,
1.0,62.0,2021-04-16,teaching,1274716.1699999983,7615.16,1331.0,203.5319,,0.0001596684068109062,,12.155277777777776,77.81805555555556,0.5464426782684396,0.7292613242195185,,0.579005861328134,0.0,0.0,0.0,
1.0,62.0,2021-04-17,teaching,1274716.1699999983,7615.16,1331.0,38.45119999999999,,3.0164518898352127e-05,,13.511527777777777,59.19444444444444,1.183727367460079,0.9420976534111462,,0.3061355297330381,0.0,0.0,0.0,
1.0,62.0,2021-04-18,teaching,1274716.1699999983,7615.16,1331.0,37.60289999999999,,2.9499037421012744e-05,,14.702083333333333,79.89236111111111,0.2962427640627528,0.9433381771910571,,0.7436068850778847,0.0,0.0,0.0,
1.0,62.0,2021-04-19,teaching,1274716.1699999983,7615.16,1331.0,189.10999999999999,,0.0001483545941054472,,15.746944444444443,70.35277777777777,0.39729433337656317,0.7457599043838185,,0.672136164408724,0.0,0.0,0.0,
1.0,62.0,2021-04-20,teaching,1274716.1699999983,7615.16,1331.0,174.35389999999998,,0.00013677860538946504,,12.694027777777778,76.04652777777778,0.42797884532247454,0.7630272080642969,,0.6518252038048699,0.0,0.0,0.0,
1.0,62.0,2021-04-21,teaching,1274716.1699999983,7615.16,1331.0,156.6838,,0.00012291661758711368,,10.063749999999999,75.7375,0.9115598476966614,0.784231248098043,,0.4018968369912524,0.0,0.0,0.0,
1.0,62.0,2021-04-22,teaching,1274716.1699999983,7615.16,1331.0,171.8375,,0.00013480451887575902,,13.27625,64.3,0.85736186543594,0.7660115016035314,,0.4242799146810884,0.0,0.0,0.0,
1.0,62.0,2021-04-23,teaching,1274716.1699999983,7615.16,1331.0,182.05519999999999,,0.00014282018561041727,,13.680069444444444,74.61736111111111,0.2575790576670355,0.7539659928810775,,0.7729205186049939,0.0,0.0,0.0,
1.0,62.0,2021-04-24,teaching,1274716.1699999983,7615.16,1331.0,51.482299999999995,,4.03872651901796e-05,,13.749722222222221,74.48263888888889,0.2484667654096753,0.92324515640135,,0.7799957832446811,0.0,0.0,0.0,
1.0,62.0,2021-04-25,teaching,1274716.1699999983,7615.16,1331.0,46.355,,3.636495801257472e-05,,12.694861111111111,89.67361111111111,1.0615182156631975,0.930617540241426,,0.3459302147768665,0.0,0.0,0.0,
1.0,62.0,2021-04-26,teaching,1274716.1699999983,7615.16,1331.0,219.26,,0.00017200691821458598,,13.061874999999999,87.95694444444445,0.9249867742492803,0.7116842642391781,,0.396536663535375,0.0,0.0,0.0,
1.0,62.0,2021-04-27,teaching,1274716.1699999983,7615.16,1331.0,184.864,,0.00014502365652112206,,13.00173611111111,95.15555555555555,1.4033814736731394,0.7506880549893893,,0.24576451105214073,0.0,0.0,0.0,
1.0,62.0,2021-04-28,teaching,1274716.1699999983,7615.16,1331.0,176.9645,,0.00013882659070685533,,11.645486111111111,89.275,1.129604732845356,0.7599434860583728,,0.32316096609643136,0.0,0.0,0.0,
1.0,62.0,2021-04-29,teaching,1274716.1699999983,7615.16,1331.0,134.38649999999998,,0.00010542464523690804,,12.646111111111113,86.79305555555555,0.8859622790168834,0.8118308424577533,,0.41231721811157807,0.0,0.0,0.0,
1.0,62.0,2021-04-30,teaching,1274716.1699999983,7615.16,1331.0,168.6557,,0.00013230843380609208,,14.864444444444445,74.85763888888889,0.0662055715503166,0.7698016333523781,,0.9359384421974789,0.0,0.0,0.0,
1.0,62.0,2021-05-01,teaching,1274716.1699999983,7615.16,1331.0,43.860099999999996,,3.440773799864801e-05,,15.677708333333335,72.10277777777777,0.27984874339902416,0.934226142095277,,0.7558980673815884,0.0,0.0,0.0,
1.0,62.0,2021-05-02,teaching,1274716.1699999983,7615.16,1331.0,50.532199999999996,,3.9641922797606045e-05,,18.405763888888888,64.72708333333334,0.987699959606183,0.9246068530210848,,0.3724323160296357,0.0,0.0,0.0,
1.0,62.0,2021-05-03,teaching,1274716.1699999983,7615.16,1331.0,191.2539,,0.000150036458704372,,13.962222222222222,93.72222222222223,1.2686166955123168,0.7432838765385205,,0.2812203662350553,0.0,0.0,0.0,
1.0,62.0,2021-05-04,teaching,1274716.1699999983,7615.16,1331.0,206.9597,,0.000162357476017583,,11.529305555555556,92.19027777777778,1.3143559831524145,0.725393929815739,,0.26864728091439716,0.0,0.0,0.0,
1.0,62.0,2021-05-05,teaching,1274716.1699999983,7615.16,1331.0,192.5413,,0.00015104640902139044,,11.44513888888889,84.18888888888888,0.8830914657208232,0.7418009878046249,,0.4135026045609971,0.0,0.0,0.0,
1.0,62.0,2021-05-06,teaching,1274716.1699999983,7615.16,1331.0,164.6234,,0.00012914514138468976,,12.125069444444444,91.68958333333333,1.2328895550410963,0.7746318271434478,,0.291449201267646,0.0,0.0,0.0,
1.0,62.0,2021-05-07,teaching,1274716.1699999983,7615.16,1331.0,157.3654,,0.0001234513248545362,,14.088402777777777,85.3548611111111,0.6923566402669435,0.7834025085170866,,0.5003954264261686,0.0,0.0,0.0,
1.0,62.0,2021-05-09,teaching,1274716.1699999983,7615.16,1331.0,0.3336999999999999,,2.617837663422755e-07,,14.567152777777778,77.47361111111111,0.14741021459508624,0.9994824912039902,,0.8629399142528369,0.0,0.0,0.0,
1.0,62.0,2021-05-10,teaching,1274716.1699999983,7615.16,1331.0,180.2255,5.399076292999974,0.00014138480725477912,1.1782185274924706e-07,13.823055555555555,76.36041666666667,0.22402474014611728,0.7561089922506327,0.7394911434270158,0.7992953594407654,0.0,0.0,0.0,77.92566981514635
1.0,62.0,2021-05-11,teaching,1274716.1699999983,7615.16,1331.0,204.7011,10.874000000000077,0.00016058563060355644,2.3729889285995459e-07,11.52951388888889,89.92083333333333,1.1789362480250711,0.7279398699469557,0.5445336161343381,0.30760578088126833,0.0,0.0,0.0,40.74613942895349
1.0,62.0,2021-05-12,teaching,1274716.1699999983,7615.16,1331.0,222.618,17.89000000000012,0.00017464123013360714,3.904062160441959e-07,11.060625,86.62013888888889,1.0518063668927282,0.7079867372340652,0.36787944117144233,0.349306203719714,0.0,0.0,0.0,40.85522959158471
1.0,62.0,2021-05-13,teaching,1274716.1699999983,7615.16,1331.0,279.693,,0.00021941590338498676,,9.909305555555555,91.54930555555555,1.4487311796302036,0.6479991408710123,,0.23486810455131926,0.0,0.0,0.0,
1.0,62.0,2021-05-14,teaching,1274716.1699999983,7615.16,1331.0,208.4367,,0.0001635161653280042,,10.501597222222221,76.51527777777778,0.8328027452004303,0.7237338425491096,,0.43482886234477636,0.0,0.0,0.0,
1.0,62.0,2021-05-15,teaching,1274716.1699999983,7615.16,1331.0,44.719199999999994,,3.508169195029514e-05,,8.860208333333334,79.82430555555555,1.1686015166005579,0.9329819704093909,,0.31080128792308587,0.0,0.0,0.0,
1.0,62.0,2021-05-16,teaching,1274716.1699999983,7615.16,1331.0,24.137599999999996,,1.8935666282479202e-05,,10.819652777777778,75.91180555555556,0.7725270084804972,0.9632495391879622,,0.4618445074644563,0.0,0.0,0.0,
1.0,62.0,2021-05-17,teaching,1274716.1699999983,7615.16,1331.0,201.3404,,0.00015794920056595835,,11.284930555555555,85.84444444444445,0.9842669809617672,0.7317446688144938,,0.37371306535175275,0.0,0.0,0.0,
1.0,62.0,2021-05-18,teaching,1274716.1699999983,7615.16,1331.0,192.0741,,0.000150679896058744,,11.58423611111111,82.79097222222222,0.800930156634999,0.7423387887400072,,0.44891121211746754,0.0,0.0,0.0,
1.0,62.0,2021-05-19,teaching,1274716.1699999983,7615.16,1331.0,168.8652,,0.00013247278411789522,,12.706597222222221,72.8013888888889,0.4711634198977416,0.7695515031020527,,0.6242755510282745,0.0,0.0,0.0,
1.0,62.0,2021-05-20,teaching,1274716.1699999983,7615.16,1331.0,191.51909999999998,,0.000150244505017929,,13.389999999999999,70.52916666666667,0.46930457125854225,0.7429781642944412,,0.6254370639907338,0.0,0.0,0.0,
1.0,62.0,2021-05-21,teaching,1274716.1699999983,7615.16,1331.0,274.8558,,0.0002156211762811484,,9.605,86.52708333333334,1.2483855917613016,0.6528797362208044,,0.2869677061263938,0.0,0.0,0.0,
1.0,62.0,2021-05-22,teaching,1274716.1699999983,7615.16,1331.0,56.35399999999999,,4.420905714250104e-05,,8.828125,78.1138888888889,1.1511491169787975,0.9162944085180194,,0.31627312566584576,0.0,0.0,0.0,
1.0,62.0,2021-05-23,teaching,1274716.1699999983,7615.16,1331.0,54.60049999999999,,4.283345680003421e-05,,9.931597222222223,84.51875,1.1186384988335911,0.918790184061529,,0.32672432749133506,0.0,0.0,0.0,
1.0,62.0,2021-05-24,teaching,1274716.1699999983,7615.16,1331.0,170.1227,,0.00013345927823289497,,12.3675,76.225,0.4887486712300319,0.7680518317282174,,0.6133934710492834,0.0,0.0,0.0,
1.0,62.0,2021-05-25,teaching,1274716.1699999983,7615.16,1331.0,233.88,,0.00018347613806452326,,16.083055555555553,68.18541666666667,0.5603144549291895,0.6957257182554274,,0.5710294725812494,0.0,0.0,0.0,
1.0,62.0,2021-05-26,teaching,1274716.1699999983,7615.16,1331.0,194.2625,,0.00015239667038977018,,11.389999999999999,73.79652777777778,0.6807335177919779,0.7398230481949866,,0.5062455160468717,0.0,0.0,0.0,
1.0,62.0,2021-05-27,teaching,1274716.1699999983,7615.16,1331.0,168.5016,,0.00013218754414953427,,11.08375,91.75,1.3304639063121864,0.7699856712674539,,0.26435459708342923,0.0,0.0,0.0,
1.0,62.0,2021-05-28,teaching,1274716.1699999983,7615.16,1331.0,165.0361,,0.0001294688997316165,,10.779861111111112,71.41458333333334,0.8354032088014723,0.7741360748559991,,0.4336995746876821,0.0,0.0,0.0,
1.0,62.0,2021-05-29,teaching,1274716.1699999983,7615.16,1331.0,40.81819999999999,,3.202140285080093e-05,,9.740902777777778,70.45555555555555,1.0379032568669149,0.9386448564223558,,0.3541965631313648,0.0,0.0,0.0,
1.0,62.0,2021-05-30,teaching,1274716.1699999983,7615.16,1331.0,52.58109999999999,,4.12492610021571e-05,,5.443819444444444,91.3236111111111,2.070140375812628,0.9216728414415686,,0.1261680695166003,0.0,0.0,0.0,
1.0,62.0,2021-05-31,teaching,1274716.1699999983,7615.16,1331.0,346.8087,,0.000272067388930981,,6.899444444444445,79.00138888888888,1.5114222050089552,0.5839281979095539,,0.22059602198999134,0.0,0.0,0.0,
1.0,62.0,2021-06-01,teaching,1274716.1699999983,7615.16,1331.0,341.7116,,0.0002680687733019033,,9.938819444444444,70.63888888888889,0.9993096217806658,0.5885634631181192,,0.3681335048148798,0.0,0.0,0.0,
1.0,62.0,2021-06-02,teaching,1274716.1699999983,7615.16,1331.0,301.9145,,0.00023684841151736576,,11.862291666666668,77.68819444444445,0.5964431024693224,0.6260428961535934,,0.5507671786177283,0.0,0.0,0.0,
1.0,62.0,2021-06-03,teaching,1274716.1699999983,7615.16,1331.0,320.1853,,0.00025118164147866766,,12.281944444444445,89.31458333333333,1.0721825648332848,0.6085486304267648,,0.3422606954728714,0.0,0.0,0.0,
1.0,62.0,2021-06-04,teaching,1274716.1699999983,7615.16,1331.0,240.4296,,0.00018861422303915727,,9.889930555555555,86.30208333333333,1.1972447777750859,0.6886930125908345,,0.3020252131697502,0.0,0.0,0.0,
1.0,62.0,2021-06-05,teaching,1274716.1699999983,7615.16,1331.0,73.68249999999999,,5.780306372045166e-05,,7.6386111111111115,80.825,1.4037461480000288,0.8919921846350125,,0.2456749033843005,0.0,0.0,0.0,
1.0,62.0,2021-06-06,teaching,1274716.1699999983,7615.16,1331.0,36.23519999999999,,2.8426092688539473e-05,,11.407708333333332,89.60416666666667,1.1730463660529709,0.945341693901991,,0.309422888646669,0.0,0.0,0.0,
1.0,62.0,2021-06-07,teaching,1274716.1699999983,7615.16,1331.0,223.279,,0.000175159776940776,,13.874027777777776,66.03194444444445,0.7066813039944547,0.7072611696426996,,0.49327852551421386,0.0,0.0,0.0,
1.0,62.0,2021-06-08,teaching,1274716.1699999983,7615.16,1331.0,206.22,,0.00016177718997633823,,9.683958333333333,87.02777777777777,1.2583431322926926,0.7262267527029987,,0.2841243932564658,0.0,0.0,0.0,
1.0,62.0,2021-06-09,teaching,1274716.1699999983,7615.16,1331.0,225.5606,,0.00017694966558712462,,9.556944444444444,99.96875,1.9650794351234597,0.7047624073910634,,0.14014475375783425,0.0,0.0,0.0,
1.0,62.0,2021-06-10,teaching,1274716.1699999983,7615.16,1331.0,345.9485,7.241137330000014,0.00027139257204213585,1.580204038491704e-07,12.295069444444445,93.90625,1.3619461869454481,0.5847078890513033,0.6671376156442745,0.25616175285464415,0.0,0.0,0.0,36.064128810778925
1.0,62.0,2021-06-11,teaching,1274716.1699999983,7615.16,1331.0,358.77,8.914000000000001,0.00028145088957332395,1.9452660759183561e-07,9.22048611111111,99.42986111111111,1.9658330552145606,0.5731935228483659,0.607582574213308,0.14003917764287743,0.0,0.0,0.0,24.3822863057632
1.0,62.0,2021-06-12,teaching,1274716.1699999983,7615.16,1331.0,85.43279999999999,29.11299999999992,6.702103731844878e-05,6.353211943932123e-07,12.166597222222224,88.50902777777777,1.0335943963187868,0.8758808346374857,0.19645267704173947,0.35572603951235304,0.0,0.0,0.0,38.64283689028414
1.0,62.0,2021-06-13,teaching,1274716.1699999983,7615.16,1331.0,74.98719999999999,,5.882658568612971e-05,,12.076319444444445,85.69930555555555,0.8807711365171733,0.8901887257949287,,0.41446318072563615,0.0,0.0,0.0,
1.0,62.0,2021-06-14,teaching,1274716.1699999983,7615.16,1331.0,155.3259,,0.00012185136084058634,,10.938958333333334,92.04791666666667,1.362417641379157,0.7858848971281351,,0.2560410127244854,0.0,0.0,0.0,
1.0,62.0,2021-06-15,teaching,1274716.1699999983,7615.16,1331.0,272.5898,,0.00021384352565324434,,9.712916666666667,91.19652777777777,1.4541421540459192,0.6551786915626758,,0.233600671363194,0.0,0.0,0.0,
1.0,62.0,2021-06-16,teaching,1274716.1699999983,7615.16,1331.0,325.7076,,0.000255513821559195,,11.382083333333334,86.78055555555555,1.0201567984646098,0.6033578770978132,,0.3605384038726315,0.0,0.0,0.0,
1.0,62.0,2021-06-17,teaching,1274716.1699999983,7615.16,1331.0,161.8844,,0.00012699642776164063,,9.610416666666667,88.39861111111111,1.3302852221373753,0.7779300822174412,,0.26440183728687927,0.0,0.0,0.0,
1.0,62.0,2021-06-18,teaching,1274716.1699999983,7615.16,1331.0,243.2969,,0.00019086358651902903,,9.185,99.99583333333334,2.0025481961283274,0.6856366331697156,,0.13499086140540106,0.0,0.0,0.0,
1.0,62.0,2021-06-21,teaching,1274716.1699999983,7615.16,1331.0,277.8458,,0.00021796679648301658,,7.235416666666667,86.81458333333333,1.6273225308500885,0.6498585914711823,,0.19645487243838622,0.0,0.0,0.0,
1.0,62.0,2021-06-22,teaching,1274716.1699999983,7615.16,1331.0,279.253,,0.0002190707285057821,,8.297430555555556,84.02916666666667,1.3653888392113678,0.6484415756463706,,0.25528139327118554,0.0,0.0,0.0,
1.0,62.0,2021-06-23,teaching,1274716.1699999983,7615.16,1331.0,199.2139,,0.0001562809860645294,,13.352986111111111,72.12708333333333,0.3953418399103978,0.7341624410041636,,0.6734497878814096,0.0,0.0,0.0,
1.0,62.0,2021-06-24,teaching,1274716.1699999983,7615.16,1331.0,151.019,,0.00011847264791502583,,12.509583333333333,85.05833333333334,0.7973437168293787,0.7911529390115087,,0.4505240956838911,0.0,0.0,0.0,
1.0,62.0,2021-06-25,teaching,1274716.1699999983,7615.16,1331.0,167.8113,,0.00013164601183336382,,10.844930555555557,95.14861111111111,1.555693372969188,0.7708106200570932,,0.21104300038628232,0.0,0.0,0.0,
1.0,62.0,2021-06-26,teaching,1274716.1699999983,7615.16,1331.0,43.586999999999996,,3.419349422703256e-05,,10.045555555555556,81.69027777777778,1.0049505331086914,0.9346220002903899,,0.3660627423420374,0.0,0.0,0.0,
1.0,62.0,2021-06-27,teaching,1274716.1699999983,7615.16,1331.0,30.047599999999996,,2.35719925008875e-05,,11.42548611111111,84.18819444444445,0.8857551621149828,0.9544590914697779,,0.4124026248206748,0.0,0.0,0.0,
1.0,62.0,2021-06-28,teaching,1274716.1699999983,7615.16,1331.0,229.4451,,0.00017999701062864864,,8.288402777777778,90.24444444444444,1.5989677716706616,0.7005284744670758,,0.20210502889704052,0.0,0.0,0.0,
1.0,62.0,2021-06-29,teaching,1274716.1699999983,7615.16,1331.0,136.5754,,0.00010714181181211515,,7.941875,88.96041666666666,1.5955716682731202,0.8090789700815884,,0.20279256528385822,0.0,0.0,0.0,
1.0,62.0,2021-06-30,teaching,1274716.1699999983,7615.16,1331.0,237.367,,0.00018621164898222035,,7.935643564356436,95.20792079207921,1.8816275116922265,0.6919726203814119,,0.1523419655559583,0.0,0.0,0.0,
1.0,62.0,2021-07-01,teaching,1274716.1699999983,7615.16,1331.0,155.476,,0.00012196911254369685,,11.94375,86.20833333333333,0.9237381016808696,0.7857019342410111,,0.39703211725485965,0.0,0.0,0.0,
1.0,62.0,2021-07-02,teaching,1274716.1699999983,7615.16,1331.0,173.8437,,0.00013637835942726,,10.61875,93.6875,1.490249323247471,0.7636313323247927,,0.22531647190130308,0.0,0.0,0.0,
1.0,62.0,2021-07-03,teaching,1274716.1699999983,7615.16,1331.0,0.0669,,5.248227140634773e-08,,7.595833333333334,82.97916666666667,1.4564093143207173,0.9998962286391345,,0.23307166110303001,0.0,0.0,0.0,
1.0,62.0,2021-07-04,teaching,1274716.1699999983,7615.16,1331.0,3.708299999999999,,2.9091181921697943e-06,,8.512244897959183,85.0204081632653,1.361139864290443,0.9942641171594336,,0.2563683851742816,0.0,0.0,0.0,
1.0,62.0,2021-07-05,teaching,1274716.1699999983,7615.16,1331.0,181.6911,,0.00014253455339787542,,7.433333333333334,91.64583333333333,1.7827729259716245,0.7543919530751325,,0.1681711739107216,0.0,0.0,0.0,
1.0,62.0,2021-07-06,teaching,1274716.1699999983,7615.16,1331.0,201.8704,,0.0001583649793977276,,8.447916666666666,81.47916666666667,1.273792719921736,0.7311433139190332,,0.27976852338340263,0.0,0.0,0.0,
1.0,62.0,2021-07-07,teaching,1274716.1699999983,7615.16,1331.0,269.9278,,0.000211755217634056,,8.34375,75.33333333333333,1.22847380662171,0.6578897490740474,,0.2927390132642993,0.0,0.0,0.0,
1.0,62.0,2021-07-08,teaching,1274716.1699999983,7615.16,1331.0,177.8333,,0.00013950815419561222,,5.589583333333334,89.89583333333333,1.9963539380065851,0.7589199988452737,,0.13582962472140117,0.0,0.0,0.0,
1.0,62.0,2021-07-09,teaching,1274716.1699999983,7615.16,1331.0,162.0971,,0.00012716328843620162,,5.333333333333333,91.29166666666667,2.0863214874431706,0.7776734504942749,,0.12414295836015604,0.0,0.0,0.0,
1.0,62.0,2021-07-10,teaching,1274716.1699999983,7615.16,1331.0,45.073899999999995,7.30111443999996,3.535994997223582e-05,1.5932926000145354e-07,6.727083333333333,96.35416666666667,2.095940668276157,0.9324687677528688,0.6649047487749072,0.12295452981272581,0.0,0.0,0.0,25.31922987478395
1.0,62.0,2021-07-11,teaching,1274716.1699999983,7615.16,1331.0,15.286399999999999,8.909999999999934,1.1992002894259998e-05,1.9443931721373595e-07,9.877083333333333,81.3125,1.0229610461771048,0.976566336022503,0.6077184379368527,0.35952878115602477,0.0,0.0,0.0,48.61437917805424
1.0,62.0,2021-07-12,teaching,1274716.1699999983,7615.16,1331.0,112.0037,20.86600000000007,8.786559913176605e-05,4.5535025734925454e-07,12.304166666666667,69.4375,0.6637625926824597,0.8405132238448205,0.31150187666866436,0.5149102874173469,0.0,0.0,0.0,52.17235395890667
1.0,62.0,2021-07-13,teaching,1274716.1699999983,7615.16,1331.0,196.4498,,0.00015411258178359835,,11.077083333333334,88.58333333333333,1.1524573600665673,0.737317091455696,,0.3158596340680826,0.0,0.0,0.0,
1.0,62.0,2021-07-14,teaching,1274716.1699999983,7615.16,1331.0,95.895,,7.522851145757421e-05,,11.329166666666666,88.5625,1.122687076316379,0.8617807210270093,,0.3254042327919488,0.0,0.0,0.0,
1.0,62.0,2021-07-15,teaching,1274716.1699999983,7615.16,1331.0,108.5471,,8.515393666026857e-05,,12.61875,89.375,1.048333857797556,0.8450321210158388,,0.3505212811518656,0.0,0.0,0.0,
1.0,62.0,2021-07-16,teaching,1274716.1699999983,7615.16,1331.0,96.3509,,7.558615970173197e-05,,11.424999999999999,81.77083333333333,0.7838735880370379,0.8611714833724526,,0.4566337699461819,0.0,0.0,0.0,
1.0,62.0,2021-07-17,teaching,1274716.1699999983,7615.16,1331.0,50.07319999999999,,3.9281842639526615e-05,,9.291666666666666,87.33333333333333,1.3282924772511049,0.9252654175614732,,0.26492924801904255,0.0,0.0,0.0,
1.0,62.0,2021-07-18,teaching,1274716.1699999983,7615.16,1331.0,50.3833,,3.952511248052974e-05,,10.489583333333334,85.9375,1.0956702084542793,0.9248204405502606,,0.3343154707931023,0.0,0.0,0.0,
1.0,62.0,2021-07-19,teaching,1274716.1699999983,7615.16,1331.0,149.9526,,0.00011763606952597157,,9.945833333333333,86.91666666666667,1.2161405481568284,0.7924627655053944,,0.29637179514840567,0.0,0.0,0.0,
1.0,62.0,2021-07-20,teaching,1274716.1699999983,7615.16,1331.0,183.7775,,0.00014417130991599506,,8.760784313725491,90.58823529411765,1.5485155326669948,0.7519543333840978,,0.21256328298555602,0.0,0.0,0.0,
1.0,62.0,2021-07-21,teaching,1274716.1699999983,7615.16,1331.0,173.9554,,0.00013646598677727627,,8.108333333333333,96.75,1.9395127677252177,0.763499028251023,,0.14377398404013933,0.0,0.0,0.0,
1.0,62.0,2021-07-22,teaching,1274716.1699999983,7615.16,1331.0,208.9261,,0.0001639000939322832,,7.925,83.6875,1.4183038158963683,0.723184615479076,,0.24212435627730886,0.0,0.0,0.0,
1.0,62.0,2021-07-23,teaching,1274716.1699999983,7615.16,1331.0,164.7171,,0.0001292186479441931,,8.547916666666667,84.95833333333333,1.353307513497624,0.7745192429826783,,0.2583842364209002,0.0,0.0,0.0,
1.0,62.0,2021-07-24,teaching,1274716.1699999983,7615.16,1331.0,50.6947,,3.976940215640323e-05,,9.516,79.62,1.0481872200436968,0.9243738134531462,,0.3505726845739626,0.0,0.0,0.0,
1.0,62.0,2021-07-25,teaching,1274716.1699999983,7615.16,1331.0,53.14149999999999,,4.168888828012597e-05,,8.625,67.58333333333333,1.3057720916805402,0.9208719750060481,,0.27096324579294245,0.0,0.0,0.0,
1.0,62.0,2021-07-26,teaching,1274716.1699999983,7615.16,1331.0,268.5915,,0.00021070690583614417,,12.447916666666666,79.625,0.5453246423275069,0.6592549017310733,,0.5796535727059393,0.0,0.0,0.0,
1.0,62.0,2021-07-27,teaching,1274716.1699999983,7615.16,1331.0,182.3658,,0.00014306384769560132,,13.59591836734694,60.6530612244898,1.0813648862224658,0.7536028123839597,,0.33913233256560893,0.0,0.0,0.0,
1.0,62.0,2021-07-28,teaching,1274716.1699999983,7615.16,1331.0,163.3567,,0.0001281514299767612,,12.983928571428573,59.160714285714285,1.212369109946371,0.7761554230106334,,0.29749165347198475,0.0,0.0,0.0,
1.0,62.0,2021-07-29,teaching,1274716.1699999983,7615.16,1331.0,238.0212,,0.00018672486126852876,,9.379166666666666,73.5,1.0490347010302552,0.6912707562713852,,0.35027570674868436,0.0,0.0,0.0,
1.0,62.0,2021-07-30,teaching,1274716.1699999983,7615.16,1331.0,201.35229999999999,,0.0001579585359774641,,11.524074074074074,57.907407407407405,1.397142319322189,0.7317311612686868,,0.24730266717766933,0.0,0.0,0.0,
1.0,62.0,2021-07-31,teaching,1274716.1699999983,7615.16,1331.0,4.089999999999999,,3.2085573998798527e-06,,13.40408163265306,63.183673469387756,0.9220957621693524,0.9936755862345154,,0.39768471453483123,0.0,0.0,0.0,
1.0,62.0,2021-08-01,teaching,1274716.1699999983,7615.16,1331.0,11.9241,,9.354317675282973e-06,,9.588679245283018,83.62264150943396,1.1405726029268408,0.9816730931094584,,0.3196359449285356,0.0,0.0,0.0,
1.0,62.0,2021-08-02,teaching,1274716.1699999983,7615.16,1331.0,107.0521,,8.398112655933449e-05,,8.976470588235294,75.05882352941177,1.112660143376507,0.8469940894581456,,0.3286834519938432,0.0,0.0,0.0,
1.0,62.0,2021-08-03,teaching,1274716.1699999983,7615.16,1331.0,122.2454,,9.590009358710824e-05,,9.942857142857143,78.91836734693878,0.9600086198781367,0.8272653785879082,,0.3828895854993204,0.0,0.0,0.0,
1.0,62.0,2021-08-04,teaching,1274716.1699999983,7615.16,1331.0,104.17779999999999,,8.172627166092993e-05,,10.352083333333333,86.6875,1.1490740599411702,0.8507789941922048,,0.3169300918264648,0.0,0.0,0.0,
1.0,62.0,2021-08-05,teaching,1274716.1699999983,7615.16,1331.0,206.422,,0.00016193565662542766,,11.59375,85.52083333333333,0.9287940148554471,0.7259992275048679,,0.395029823319904,0.0,0.0,0.0,
1.0,62.0,2021-08-06,teaching,1274716.1699999983,7615.16,1331.0,150.2167,,0.00011784325290233056,,11.65,82.5625,0.7816166937754453,0.7921381776708474,,0.4576655079050263,0.0,0.0,0.0,
1.0,62.0,2021-08-07,teaching,1274716.1699999983,7615.16,1331.0,0.0226,,1.772943697733122e-08,,11.112499999999999,85.10416666666667,0.9712589003743217,0.9999649429994442,,0.3786061105899315,0.0,0.0,0.0,
1.0,62.0,2021-08-08,teaching,1274716.1699999983,7615.16,1331.0,1.4164999999999999,,1.1112277645305164e-06,,9.654166666666667,86.58333333333333,1.2435559671022351,0.9978051064799667,,0.28835700463093605,0.0,0.0,0.0,
1.0,62.0,2021-08-09,teaching,1274716.1699999983,7615.16,1331.0,124.7367,,9.785448944293235e-05,,9.797916666666667,87.4375,1.2603350517164171,0.8240745321918093,,0.28355900365099623,0.0,0.0,0.0,
1.0,62.0,2021-08-10,teaching,1274716.1699999983,7615.16,1331.0,171.358,20.121038147000053,0.0001344283567062621,4.3909325689497803e-07,13.276470588235295,68.0,0.6257532759905693,0.7665814812630802,0.3247470614013425,0.5348583807583679,0.0,0.0,0.0,52.77570962630307
1.0,62.0,2021-08-11,teaching,1274716.1699999983,7615.16,1331.0,135.0206,21.710999999999963,0.0001059220893071437,4.7379034972249666e-07,14.432692307692308,56.13461538461539,1.3681971624137346,0.811032694045788,0.2971307482462996,0.2545654863308758,0.0,0.0,0.0,33.32458172804329
1.0,62.0,2021-08-12,teaching,1274716.1699999983,7615.16,1331.0,162.4087,33.00400000000006,0.0001274077350097475,7.20232909688238e-07,11.479166666666666,70.85416666666667,0.7339271701093703,0.7772976445075112,0.15805226433941483,0.48002016280946463,0.0,0.0,0.0,43.58918651560835
1.0,62.0,2021-08-13,teaching,1274716.1699999983,7615.16,1331.0,163.2732,,0.0001280859251985485,,11.770833333333334,74.6875,0.6016310160327357,0.7762559626278688,,0.5479172450979048,0.0,0.0,0.0,
1.0,62.0,2021-08-14,teaching,1274716.1699999983,7615.16,1331.0,23.852999999999998,,1.8712400894702725e-05,,10.454166666666667,81.125,0.9201972069040568,0.9636748863151288,,0.3984404581270198,0.0,0.0,0.0,
1.0,62.0,2021-08-15,teaching,1274716.1699999983,7615.16,1331.0,5.3927,,4.230510388834251e-06,,13.86122448979592,57.285714285714285,1.3012869454122231,0.9916696171769969,,0.27218128508395845,0.0,0.0,0.0,
1.0,62.0,2021-08-16,teaching,1274716.1699999983,7615.16,1331.0,153.9912,,0.00012080430422405342,,11.373469387755101,83.83673469387755,0.8769493285043828,0.7875136912557529,,0.4160502101599368,0.0,0.0,0.0,
1.0,62.0,2021-08-17,teaching,1274716.1699999983,7615.16,1331.0,172.6456,,0.00013543846392095288,,10.833333333333334,93.58333333333333,1.462996223808696,0.765051875282399,,0.23154148426781448,0.0,0.0,0.0,
1.0,62.0,2021-08-18,teaching,1274716.1699999983,7615.16,1331.0,143.6086,,0.00011265927535852956,,11.097916666666668,83.79166666666667,0.9143806316561542,0.8002998523082367,,0.4007647702485887,0.0,0.0,0.0,
1.0,62.0,2021-08-19,teaching,1274716.1699999983,7615.16,1331.0,200.5616,,0.00015733824102976608,,11.13125,78.27083333333333,0.7367868109198376,0.7326292176173521,,0.47864943838589497,0.0,0.0,0.0,
1.0,62.0,2021-08-20,teaching,1274716.1699999983,7615.16,1331.0,198.2585,,0.00015553148588363813,,12.473469387755102,69.73469387755102,0.6267031967302494,0.7352513038741905,,0.5343505489278746,0.0,0.0,0.0,
1.0,62.0,2021-08-21,teaching,1274716.1699999983,7615.16,1331.0,0.0921,,7.225137812443386e-08,,14.910416666666668,61.666666666666664,0.9789085220091404,0.9998571426675735,,0.37572096629547796,0.0,0.0,0.0,
1.0,62.0,2021-08-22,teaching,1274716.1699999983,7615.16,1331.0,3.9038999999999997,,3.0625641157435108e-06,,16.34313725490196,59.72549019607843,1.1403920978190285,0.9939624842934442,,0.3196936460567531,0.0,0.0,0.0,
1.0,62.0,2021-08-23,teaching,1274716.1699999983,7615.16,1331.0,108.8962,,8.542780154738301e-05,,11.648,75.1,0.6214312132735321,0.8445746333301603,,0.5371750750674251,0.0,0.0,0.0,
1.0,62.0,2021-08-24,teaching,1274716.1699999983,7615.16,1331.0,104.61019999999999,,8.20654844285847e-05,,8.335416666666667,78.52083333333333,1.2450847194359247,0.850208526925322,,0.28791651497275567,0.0,0.0,0.0,
1.0,62.0,2021-08-25,teaching,1274716.1699999983,7615.16,1331.0,120.61009999999999,,9.461721976900956e-05,,9.016666666666667,84.9375,1.277322950551155,0.8293665775217568,,0.27878261723495545,0.0,0.0,0.0,
1.0,62.0,2021-08-26,teaching,1274716.1699999983,7615.16,1331.0,124.7077,,9.783173928043932e-05,,7.689583333333334,87.08333333333333,1.5636388918016697,0.8241116043771769,,0.20937279834993858,0.0,0.0,0.0,
1.0,62.0,2021-08-27,teaching,1274716.1699999983,7615.16,1331.0,183.9346,,0.00014429455303763836,,7.465909090909091,92.88636363636364,1.8332151463551747,0.7517711067247584,,0.15989864290040892,0.0,0.0,0.0,
1.0,62.0,2021-08-28,teaching,1274716.1699999983,7615.16,1331.0,2.2303999999999995,,1.7497228422229886e-06,,14.49655172413793,51.51724137931034,1.6882532857999353,0.9965461330298689,,0.18484210851520244,0.0,0.0,0.0,
1.0,62.0,2021-08-29,teaching,1274716.1699999983,7615.16,1331.0,15.732699999999998,,1.2342120050144198e-05,,10.889583333333334,82.39583333333333,0.8905287146249241,0.9758904830308207,,0.41043869043712283,0.0,0.0,0.0,
1.0,62.0,2021-08-30,teaching,1274716.1699999983,7615.16,1331.0,159.0498,,0.0001247727170512007,,10.739583333333334,76.45833333333333,0.7888279665405847,0.7813582450668524,,0.4543770284043961,0.0,0.0,0.0,
1.0,62.0,2021-08-31,teaching,1274716.1699999983,7615.16,1331.0,173.7845,,0.00013633191771623973,,15.584313725490196,53.450980392156865,1.5544045361075927,0.7637014615945215,,0.21131517574170142,0.0,0.0,0.0,
1.0,62.0,2021-09-01,teaching,1274716.1699999983,7615.16,1331.0,206.3455,,0.00016187564326574776,,16.504166666666666,62.979166666666664,0.9286531755095634,0.7260853858386509,,0.39508546297985964,0.0,0.0,0.0,
1.0,62.0,2021-09-02,teaching,1274716.1699999983,7615.16,1331.0,203.70069999999998,,0.0001598008284463829,,21.400000000000002,38.916666666666664,2.8196707197597277,0.7290703948690687,,0.059625572999832295,0.0,0.0,0.0,
1.0,62.0,2021-09-03,teaching,1274716.1699999983,7615.16,1331.0,233.7972,,0.00018341118242816385,,18.649056603773584,68.0377358490566,0.8564955396630568,0.6958150838222987,,0.4246476385674346,0.0,0.0,0.0,
1.0,62.0,2021-09-04,teaching,1274716.1699999983,7615.16,1331.0,0.2121,,1.663899815438917e-07,,10.791666666666666,89.72916666666667,1.2475744704655176,0.9996710399530444,,0.2872005661701385,0.0,0.0,0.0,
1.0,62.0,2021-09-05,teaching,1274716.1699999983,7615.16,1331.0,0.8577999999999998,,6.729341167767574e-07,,10.210416666666667,88.5,1.2548234252209989,0.9986702467557674,,0.2851261898737544,0.0,0.0,0.0,
1.0,62.0,2021-09-06,teaching,1274716.1699999983,7615.16,1331.0,144.5188,,0.00011337331666546616,,11.35,77.60416666666667,0.6874228073884211,0.7991706885305951,,0.5028703943517785,0.0,0.0,0.0,
1.0,62.0,2021-09-07,teaching,1274716.1699999983,7615.16,1331.0,109.4594,,8.5869625392765e-05,,12.077083333333334,82.39583333333333,0.7132748938356832,0.8438370944628611,,0.49003674845841344,0.0,0.0,0.0,
1.0,62.0,2021-09-08,teaching,1274716.1699999983,7615.16,1331.0,162.5802,,0.00012754227476380111,,13.585416666666667,75.3125,0.26481310527343277,0.7770908839770854,,0.7673493501220453,0.0,0.0,0.0,
1.0,62.0,2021-09-09,teaching,1274716.1699999983,7615.16,1331.0,123.7443,,9.707596319265343e-05,,17.14814814814815,53.48148148148148,1.5977246670005867,0.8253441163761871,,0.2023564228244172,0.0,0.0,0.0,
1.0,62.0,2021-09-10,teaching,1274716.1699999983,7615.16,1331.0,96.5701,5.8939999999999975,7.575811955064486e-05,1.286223721276956e-07,13.854166666666666,69.10416666666667,0.5079460155283196,0.8608787108698406,0.7193136412629162,0.6017302549752158,0.0,0.0,0.0,66.93015601405092
1.0,62.0,2021-09-11,teaching,1274716.1699999983,7615.16,1331.0,8.724699999999999,28.19100000000008,6.8444256104478615e-06,6.15200762241581e-07,18.017647058823528,46.6078431372549,2.101408198392368,0.986557226314566,0.2068427297014964,0.12228410666754719,0.0,0.0,0.0,20.75636637129163
1.0,62.0,2021-09-12,teaching,1274716.1699999983,7615.16,1331.0,23.648799999999998,36.87799999999994,1.855220837121728e-05,8.047736408763408e-07,11.60204081632653,66.36734693877551,0.9050579036369298,0.9639801878539608,0.12727883222169054,0.4045184613347481,0.0,0.0,0.0,39.49924473491345
1.0,62.0,2021-09-13,teaching,1274716.1699999983,7615.16,1331.0,156.0501,,0.00012241948731222277,,9.289583333333333,84.25,1.209935199254977,0.7850025337535902,,0.29821660346185735,0.0,0.0,0.0,
1.0,62.0,2021-09-14,teaching,1274716.1699999983,7615.16,1331.0,94.63419999999999,,7.423942853098044e-05,,9.725,80.47916666666667,1.0287657987967775,0.8634678242883261,,0.3574478510072296,0.0,0.0,0.0,
1.0,62.0,2021-09-15,teaching,1274716.1699999983,7615.16,1331.0,197.8972,,0.00015524805023850937,,8.870833333333334,81.27083333333333,1.1953814950332269,0.7356634957248365,,0.3025884961518171,0.0,0.0,0.0,
1.0,62.0,2021-09-16,teaching,1274716.1699999983,7615.16,1331.0,255.2091,,0.00020020856878280626,,9.672916666666667,77.89583333333333,0.9951073618888504,0.673083459129685,,0.3696837524674467,0.0,0.0,0.0,
1.0,62.0,2021-09-17,teaching,1274716.1699999983,7615.16,1331.0,241.48499999999999,,0.00018944217205623138,,13.633333333333333,69.89583333333333,0.47883123579606435,0.6875664346599459,,0.6195070264812519,0.0,0.0,0.0,
1.0,62.0,2021-09-18,teaching,1274716.1699999983,7615.16,1331.0,50.65689999999999,,3.97397484963261e-05,,12.658490566037736,69.98113207547169,0.5899372323395229,0.9244280167990072,,0.5543620796532949,0.0,0.0,0.0,
1.0,62.0,2021-09-19,teaching,1274716.1699999983,7615.16,1331.0,45.278999999999996,,3.5520848535246914e-05,,12.86153846153846,62.36538461538461,1.0110628768019478,0.9321721447692445,,0.3638320653248212,0.0,0.0,0.0,
1.0,62.0,2021-09-20,teaching,1274716.1699999983,7615.16,1331.0,257.2601,,0.00020181755441291716,,9.5875,78.08928571428571,1.0127578867304667,0.6709454092916364,,0.36321588872203775,0.0,0.0,0.0,
1.0,62.0,2021-09-21,teaching,1274716.1699999983,7615.16,1331.0,270.7459,,0.00021239700756286818,,8.597916666666666,88.04166666666667,1.4601440678672546,0.6570553805763159,,0.23220281935493947,0.0,0.0,0.0,
1.0,62.0,2021-09-22,teaching,1274716.1699999983,7615.16,1331.0,272.2088,,0.00021354463558738754,,12.439583333333333,89.72916666666667,1.0847651264410152,0.6555660268041229,,0.3379811594107587,0.0,0.0,0.0,
1.0,62.0,2021-09-23,teaching,1274716.1699999983,7615.16,1331.0,227.4081,,0.00017839900783560335,,14.066666666666668,76.95833333333333,0.19482078743816011,0.7027455326052443,,0.8229821335773976,0.0,0.0,0.0,
1.0,62.0,2021-09-24,teaching,1274716.1699999983,7615.16,1331.0,90.04039999999999,,7.063564589441123e-05,,13.820754716981131,60.471698113207545,1.0844792671826775,0.8696428743411746,,0.3380777882647882,0.0,0.0,0.0,
1.0,62.0,2021-09-25,teaching,1274716.1699999983,7615.16,1331.0,69.82339999999999,,5.477564468331808e-05,,9.045833333333333,72.70833333333333,1.1187760633430335,0.897347950367321,,0.3266793849108237,0.0,0.0,0.0,
1.0,62.0,2021-09-26,teaching,1274716.1699999983,7615.16,1331.0,71.96459999999999,,5.645539116366594e-05,,9.016666666666667,76.27083333333333,1.1049729862566007,0.8943723747651507,,0.33121982960861535,0.0,0.0,0.0,
1.0,62.0,2021-09-27,teaching,1274716.1699999983,7615.16,1331.0,289.338,,0.0002269822936348257,,11.052083333333334,69.33333333333333,0.8545136299535736,0.6383762450160577,,0.4254900863974287,0.0,0.0,0.0,
1.0,62.0,2021-09-28,teaching,1274716.1699999983,7615.16,1331.0,250.0566,,0.00019616649249848327,,14.033333333333333,64.77083333333333,0.7836842180583523,0.67848475030287,,0.45672025086164986,0.0,0.0,0.0,
1.0,62.0,2021-09-29,teaching,1274716.1699999983,7615.16,1331.0,198.7232,,0.00015589603762537998,,14.375,88.52083333333333,0.8992380459225534,0.7347214868817017,,0.4068795652024761,0.0,0.0,0.0,
1.0,62.0,2021-09-30,teaching,1274716.1699999983,7615.16,1331.0,242.3029,,0.0001900838050873712,,14.514583333333334,98.375,1.5804318396140367,0.6866946417568044,,0.2058861692008889,0.0,0.0,0.0,
1.0,62.0,2021-10-01,teaching,1274716.1699999983,7615.16,1331.0,87.7512,,6.883979513651271e-05,,15.89782608695652,85.6304347826087,0.7090216009580229,0.8727365155171096,,0.4921254570663319,0.0,0.0,0.0,
1.0,62.0,2021-10-02,teaching,1274716.1699999983,7615.16,1331.0,4.875299999999999,,3.824616110424021e-06,,14.535416666666668,94.27083333333333,1.2949353102696075,0.9924658528947974,,0.2739155832835552,0.0,0.0,0.0,
1.0,62.0,2021-10-03,teaching,1274716.1699999983,7615.16,1331.0,35.0974,,2.7533501830450654e-05,,15.547826086956523,86.73913043478261,0.7736149655755611,0.9470116766633712,,0.4613423136879204,0.0,0.0,0.0,
1.0,62.0,2021-10-04,teaching,1274716.1699999983,7615.16,1331.0,168.3173,,0.00013204296294444922,,13.651020408163264,70.24489795918367,0.4566212915321648,0.7702058340925545,,0.6334201762303356,0.0,0.0,0.0,
1.0,62.0,2021-10-05,teaching,1274716.1699999983,7615.16,1331.0,164.2458,,0.0001288489185792632,,12.70185185185185,63.77777777777778,0.9344169651445381,0.775085693979145,,0.3928148235136411,0.0,0.0,0.0,
1.0,62.0,2021-10-06,teaching,1274716.1699999983,7615.16,1331.0,141.7145,,0.00011117337595238961,,13.804166666666667,69.125,0.5105829161042041,0.8026547266700612,,0.6001456422706044,0.0,0.0,0.0,
1.0,62.0,2021-10-07,teaching,1274716.1699999983,7615.16,1331.0,146.2765,,0.00011475221185905267,,11.948,74.18,0.5748003834782588,0.7969946514428247,,0.5628172052073616,0.0,0.0,0.0,
1.0,62.0,2021-10-08,teaching,1274716.1699999983,7615.16,1331.0,111.1537,,8.719878402421156e-05,,12.641666666666666,70.375,0.5740638803253033,0.8416222039467683,,0.5632318745374245,0.0,0.0,0.0,
1.0,62.0,2021-10-09,teaching,1274716.1699999983,7615.16,1331.0,31.762899999999995,,2.4917625387932465e-05,,16.970833333333335,57.3125,1.3315139128930822,0.9519228320322677,,0.2640771686931084,0.0,0.0,0.0,
1.0,62.0,2021-10-10,teaching,1274716.1699999983,7615.16,1331.0,107.9088,3.4120000000000372,8.465319773891323e-05,7.445869251776423e-08,11.640816326530611,74.75510204081633,0.624875749789356,0.8458692396625945,0.8263630507891152,0.5353279389961182,0.0,0.0,0.0,63.61240183793865
1.0,62.0,2021-10-11,teaching,1274716.1699999983,7615.16,1331.0,205.8803,23.881000000000057,0.000161510699279825,5.211453798407715e-07,9.429166666666667,78.20833333333333,1.0428709931899214,0.7266095387951285,0.2631898034088865,0.3524413712739946,0.0,0.0,0.0,38.921179443662375
1.0,62.0,2021-10-12,teaching,1274716.1699999983,7615.16,1331.0,200.2695,23.922999999999988,0.00015710909197927587,5.22061928810801e-07,11.966666666666667,70.5625,0.6663628530682238,0.7329612558673545,0.26257264263215613,0.5135731258323211,0.0,0.0,0.0,49.11002115566726
1.0,62.0,2021-10-13,teaching,1274716.1699999983,7615.16,1331.0,164.0125,6.449381469999944,0.0001286658974444485,1.4074223675395275e-07,13.820408163265308,79.55102040816327,0.3458189199886824,0.7753662483097554,0.6973261535540556,0.7076406150760313,0.0,0.0,0.0,71.93960248247477
1.0,62.0,2021-10-14,teaching,1274716.1699999983,7615.16,1331.0,125.0166,449.88915258800006,9.807406773540823e-05,9.817748557921172e-06,12.395918367346939,79.28571428571429,0.542426449246809,0.8237168073988704,1.198313218682634e-11,0.5813359574398526,0.0,0.0,0.0,0.7953334521148552
1.0,62.0,2021-10-15,teaching,1274716.1699999983,7615.16,1331.0,69.1825,19.554998379999994,5.4272866092222e-05,4.267408005749652e-07,11.240816326530611,90.77551020408163,1.2578541105896606,0.8982405176769099,0.3351863400182273,0.28426337022973747,0.0,0.0,0.0,37.215596505570275
1.0,62.0,2021-10-16,teaching,1274716.1699999983,7615.16,1331.0,0.6044,9.480000000000068,4.7414476588933585e-07,2.0687819609273217e-07,12.209615384615384,89.4423076923077,1.0863125763446588,0.9990628808509129,0.5886609046136483,0.33745855495458854,0.0,0.0,0.0,46.71816558954504
1.0,62.0,2021-10-17,teaching,1274716.1699999983,7615.16,1331.0,22.558,4.381000000000058,1.769648846613441e-05,9.560478661205328e-08,13.047916666666666,74.41666666666667,0.3734319474486495,0.9656126933318421,0.7827942328331803,0.6883678298895031,0.0,0.0,0.0,75.57998089407903
1.0,62.0,2021-10-18,teaching,1274716.1699999983,7615.16,1331.0,99.3569,6.614999999999935,7.79443317173894e-05,1.4435646277989453e-07,12.420833333333334,82.64583333333333,0.6788207883734633,0.8571652117828984,0.6909003739353203,0.5072147533872939,0.0,0.0,0.0,59.78201407769639
1.0,62.0,2021-10-19,teaching,1274716.1699999983,7615.16,1331.0,146.79,5.725999999999964,0.00011515504663285176,1.249561762475705e-07,12.018749999999999,86.5,0.931640575531153,0.7963600561795094,0.7261003311139071,0.3939069458866973,0.0,0.0,0.0,50.8542030265783
1.0,62.0,2021-10-20,teaching,1274716.1699999983,7615.16,1331.0,106.897,8.270999999999978,8.385945241441485e-05,1.8049467931254968e-07,15.304166666666667,75.85416666666667,0.05391636298594724,0.8471978961088739,0.6298174135221136,0.9475113502080111,0.0,0.0,0.0,86.0947830327294
1.0,62.0,2021-10-21,teaching,1274716.1699999983,7615.16,1331.0,100.9556,24.02699999999994,7.919849326144513e-05,5.243314786413532e-07,18.245833333333334,70.0625,0.7133040526903188,0.8550421284532889,0.2610506563344682,0.49002245975642117,0.0,0.0,0.0,49.22379275299068
1.0,62.0,2021-10-22,teaching,1274716.1699999983,7615.16,1331.0,61.501,8.424000000000014,4.824681874083395e-05,1.8383353627480657e-07,18.70625,78.5,0.7064072246044442,0.9090077141589258,0.6244540161193112,0.49341374152070594,0.0,0.0,0.0,58.445395836484415
1.0,62.0,2021-10-23,teaching,1274716.1699999983,7615.16,1331.0,2.9659999999999993,5.104000000000034,2.326792481184265e-06,1.1138252245330216e-07,12.997916666666667,90.29166666666667,1.0806355163660983,0.9954096438657729,0.7517893982690363,0.3393797756941118,0.0,0.0,0.0,48.92271566348516
1.0,62.0,2021-10-24,teaching,1274716.1699999983,7615.16,1331.0,23.5167,5.6900000000000475,1.8448577458619696e-05,1.2417056284468855e-07,11.464583333333332,76.27083333333333,0.654816264915576,0.9641777434574659,0.7275629320030341,0.5195375110866215,0.0,0.0,0.0,62.750776301132554
1.0,62.0,2021-10-25,teaching,1274716.1699999983,7615.16,1331.0,105.997,6.791000000000006,8.31534128887689e-05,1.481972394162168e-07,11.597916666666668,65.89583333333333,0.9294837147070751,0.8483814948689254,0.6841366911069732,0.3947574652428307,0.0,0.0,0.0,51.05671558166805
1.0,62.0,2021-10-26,teaching,1274716.1699999983,7615.16,1331.0,204.3007,7.484000000000021,0.0001602715214634802,1.6332029742173006e-07,12.0875,75.875,0.5391329384922913,0.7283921405745531,0.6581421977821392,0.5832537500694354,0.0,0.0,0.0,62.418017622436636
1.0,62.0,2021-10-27,teaching,1274716.1699999983,7615.16,1331.0,155.4098,11.369000000000005,0.00012191717941414377,2.4810107714960507e-07,17.233333333333334,61.354166666666664,1.080559066257845,0.785782622814952,0.529673399483982,0.3394057223065007,0.0,0.0,0.0,43.76371338771825
1.0,62.0,2021-10-28,teaching,1274716.1699999983,7615.16,1331.0,194.5233,10.745999999999954,0.00015260126495453516,2.3450560076080955e-07,17.71896551724138,75.10344827586206,0.49947082146520366,0.7395238068987777,0.5484436354577825,0.6068517076567976,0.0,0.0,0.0,62.11727398237935
1.0,62.0,2021-10-29,teaching,1274716.1699999983,7615.16,1331.0,87.2015,7.7779999999999845,6.840856188401542e-05,1.6973614021194684e-07,13.911475409836067,64.80327868852459,0.786979084640781,0.8734810211524479,0.6474148325307839,0.4552178949598445,0.0,0.0,0.0,55.5184581500688
1.0,62.0,2021-10-30,teaching,1274716.1699999983,7615.16,1331.0,3.936199999999999,8.462000000000003,3.0879030898305812e-06,1.8466279486673923e-07,10.077083333333333,76.91666666666667,0.9129156330794934,0.9939126835800323,0.6231290262426983,0.40135232034151924,0.0,0.0,0.0,52.435798634285696
1.0,62.0,2021-10-31,teaching,1274716.1699999983,7615.16,1331.0,44.7316,17.740000000000006,3.5091419605981824e-05,3.8713282686551095e-07,13.104166666666666,71.91666666666667,0.44043111751679,0.9329640245323187,0.37097692034843693,0.6437588255430112,0.0,0.0,0.0,63.08144565352231
1.0,62.0,2021-11-01,teaching,1274716.1699999983,7615.16,1331.0,104.9978,,8.236955211762955e-05,,16.08125,68.41666666666667,0.5451418516153579,0.8496974896256375,,0.5797595376797055,0.0,0.0,0.0,
1.0,62.0,2021-11-02,teaching,1274716.1699999983,7615.16,1331.0,101.8918,,7.993293126578926e-05,,20.027083333333334,64.97916666666667,1.1876669606855645,0.8538012913698632,,0.30493185282950347,0.0,0.0,0.0,
1.0,62.0,2021-11-03,teaching,1274716.1699999983,7615.16,1331.0,129.7519,,0.00010178885547517623,,20.287499999999998,71.16666666666667,1.0209379142179729,0.8176883627719075,,0.3602568916068205,0.0,0.0,0.0,
1.0,62.0,2021-11-04,teaching,1274716.1699999983,7615.16,1331.0,167.1589,,0.0001311342116261067,,14.975,82.47916666666667,0.47077410526281255,0.771591088497472,,0.6245186379520963,0.0,0.0,0.0,
1.0,62.0,2021-11-05,teaching,1274716.1699999983,7615.16,1331.0,111.8899,,8.777632435618993e-05,,18.185416666666665,82.72916666666667,0.7607376076037888,0.8406616119451614,,0.46732159988649813,0.0,0.0,0.0,
1.0,62.0,2021-11-06,teaching,1274716.1699999983,7615.16,1331.0,26.759899999999995,,2.0992830113702903e-05,,20.400000000000002,81.0625,1.0586784058073972,0.9593392209056201,,0.3469139870121162,0.0,0.0,0.0,
1.0,62.0,2021-11-07,teaching,1274716.1699999983,7615.16,1331.0,73.9694,,5.8028133431460346e-05,,14.135416666666666,85.125,0.6747236458237287,0.8915952957928354,,0.5092971475551036,0.0,0.0,0.0,
1.0,62.0,2021-11-08,teaching,1274716.1699999983,7615.16,1331.0,122.3504,,9.598246486510025e-05,,13.456249999999999,68.5,0.5790001503171986,0.8271306459821276,,0.5604584607279384,0.0,0.0,0.0,
1.0,62.0,2021-11-09,teaching,1274716.1699999983,7615.16,1331.0,95.4426,,7.487360892268287e-05,,13.502083333333333,69.16666666666667,0.5347272447504513,0.8623857075447682,,0.5858290563057194,0.0,0.0,0.0,
1.0,62.0,2021-11-10,teaching,1274716.1699999983,7615.16,1331.0,135.6255,4.695114440999946,0.00010639662631721394,1.0245957869229943e-07,12.177083333333334,87.5625,0.976330570169224,0.8102720313215561,0.7691698115190715,0.37669080641527874,0.0,0.0,0.0,50.16742999087848
1.0,62.0,2021-11-11,teaching,1274716.1699999983,7615.16,1331.0,135.4366,21.484999999999953,0.00010624843646566449,4.6885844335994823e-07,11.697916666666666,77.16666666666667,0.6189925359848507,0.8105094967363623,0.30090813759215634,0.5384866703518331,0.0,0.0,0.0,52.89504651537407
1.0,62.0,2021-11-12,teaching,1274716.1699999983,7615.16,1331.0,102.25189999999999,24.42799999999995,8.02154255248838e-05,5.330823390456978e-07,11.497916666666667,96.5625,1.589406337511944,0.8533244954108183,0.25526436081262105,0.20404671066264285,0.0,0.0,0.0,28.621993539820338
1.0,62.0,2021-11-13,teaching,1274716.1699999983,7615.16,1331.0,44.239599999999996,5.123000000000001,3.4705451331962045e-05,1.1179715174926789e-07,11.277999999999999,86.56,1.0214162937665991,0.9336763355581966,0.75099138730643,0.3600845932929048,0.0,0.0,0.0,50.05089242447242
1.0,62.0,2021-11-14,teaching,1274716.1699999983,7615.16,1331.0,92.6702,2.0700000000000056,7.269869338834865e-05,4.51727706658179e-08,10.648214285714285,71.625,0.8530559125265227,0.8661024765363301,0.8907360826372263,0.4261107830016241,0.0,0.0,0.0,56.31596588264909
1.0,62.0,2021-11-15,teaching,1274716.1699999983,7615.16,1331.0,85.1545,27.41999999999996,6.680271420735183e-05,5.983755418631506e-07,10.13265306122449,70.61224489795919,0.9667044870134918,0.8762590384529194,0.21595184579017251,0.3803343719393878,0.0,0.0,0.0,40.947838344304124
1.0,62.0,2021-11-16,teaching,1274716.1699999983,7615.16,1331.0,132.3254,17.059000000000058,0.00010380773627434269,3.7227163999429376e-07,10.629166666666666,79.27083333333333,0.8444910517681563,0.8144306008703489,0.3853707315325801,0.4297760363118721,0.0,0.0,0.0,48.17193230142272
1.0,62.0,2021-11-17,teaching,1274716.1699999983,7615.16,1331.0,82.7868,16.20699999999997,6.494528111304974e-05,3.5367878945937554e-07,14.379166666666668,72.5,0.25302389478687193,0.8794833047408185,0.4041678173383242,0.7764493285108534,0.0,0.0,0.0,70.97625713704144
1.0,62.0,2021-11-18,teaching,1274716.1699999983,7615.16,1331.0,81.4027,19.866999999999965,6.385947077144249e-05,4.3354948541922715e-07,17.570588235294117,63.450980392156865,0.9753352630545923,0.8813736246389661,0.32939136890432796,0.37706591609862206,0.0,0.0,0.0,43.95229130862044
1.0,62.0,2021-11-19,teaching,1274716.1699999983,7615.16,1331.0,101.4837,20.865999999999936,7.961278156532693e-05,4.5535025734925163e-07,14.754166666666665,71.10416666666667,0.32505196238786627,0.8543419645215077,0.31150187666866663,0.7224898103709058,0.0,0.0,0.0,64.44943738153951
1.0,62.0,2021-11-20,teaching,1274716.1699999983,7615.16,1331.0,30.928299999999997,14.473999999999965,2.4262891401150138e-05,3.158602331483309e-07,13.704166666666666,67.45833333333333,0.6239707532711866,0.9531560368506204,0.4452785052094873,0.5358126282049309,0.0,0.0,0.0,58.47570322469194
1.0,62.0,2021-11-21,teaching,1274716.1699999983,7615.16,1331.0,95.10079999999999,15.454999999999888,7.460547080060977e-05,3.3726819837691243e-07,13.643749999999999,75.79166666666667,0.25259807202946727,0.86284307228029,0.4215189931980014,0.7767800287097432,0.0,0.0,0.0,71.24148966258315
1.0,62.0,2021-11-22,teaching,1274716.1699999983,7615.16,1331.0,107.5595,18.768000000000015,8.437917595412643e-05,4.095664540367482e-07,15.706249999999999,81.16666666666667,0.4000428696115918,0.8463276911766995,0.3502606466156437,0.6702913102915731,0.0,0.0,0.0,62.720060467497525
1.0,62.0,2021-11-23,teaching,1274716.1699999983,7615.16,1331.0,122.0525,21.430000000000042,9.574876578211145e-05,4.6765820066109993e-07,19.816666666666666,71.10416666666667,0.9404184383439954,0.8275129588308138,0.3018346559693272,0.39046441588684616,0.0,0.0,0.0,43.635804173697316
1.0,62.0,2021-11-24,teaching,1274716.1699999983,7615.16,1331.0,106.9095,24.27200000000001,8.38692585189377e-05,5.296780142998693e-07,20.314583333333335,82.54166666666667,1.0849620285164931,0.8471814688689533,0.2574999877415288,0.33791461677040524,0.0,0.0,0.0,39.01215001127398
1.0,62.0,2021-11-25,teaching,1274716.1699999983,7615.16,1331.0,161.8152,19.64199999999999,0.00012694214116700208,4.28639401651204e-07,15.010416666666666,93.08333333333333,1.20921385812421,0.7780135932587613,0.33356023825713643,0.2984317969684447,0.0,0.0,0.0,37.17835298376335
1.0,62.0,2021-11-26,teaching,1274716.1699999983,7615.16,1331.0,136.86939999999998,11.093000000000005,0.00010737245139049282,2.420780410608294e-07,15.151020408163264,79.85714285714286,0.2891855650364721,0.8087100662685806,0.5379083553322107,0.7488732278205447,0.0,0.0,0.0,71.76089044751676
1.0,62.0,2021-11-27,teaching,1274716.1699999983,7615.16,1331.0,32.8103,,2.573929849811197e-05,,15.487499999999999,65.39583333333333,0.7242352054313421,0.9503774513469757,,0.4846951194346025,0.0,0.0,0.0,
1.0,62.0,2021-11-28,teaching,1274716.1699999983,7615.16,1331.0,87.0086,,6.825723407901864e-05,,15.927083333333334,68.10416666666667,0.5562953291552193,0.8737424326039455,,0.5733291300629242,0.0,0.0,0.0,
1.0,62.0,2021-11-29,teaching,1274716.1699999983,7615.16,1331.0,99.999,20.5129999999999,7.844805169451967e-05,4.476468814820848e-07,19.316666666666666,63.4375,1.1655587685061897,0.8563118663540312,0.3177093771288688,0.3117484181582643,0.0,0.0,0.0,38.625265394050075
1.0,62.0,2021-11-30,teaching,1274716.1699999983,7615.16,1331.0,179.9181,32.05199999999997,0.00014114365553235294,6.994577997008648e-07,22.24791666666667,57.958333333333336,1.8172791011776364,0.7564696254834856,0.16669067533156143,0.1624672069149667,0.0,0.0,0.0,22.500772712350745
1.0,62.0,2021-12-01,teaching,1274716.1699999983,7615.16,1331.0,194.0356,,0.00015221866998047122,,21.826,65.42,1.44436482584448,0.740083491209814,,0.23589586393645764,0.0,0.0,0.0,
1.0,62.0,2021-12-02,teaching,1274716.1699999983,7615.16,1331.0,98.0154,,7.689194057999604e-05,,21.311764705882354,73.92156862745098,1.1657359718276048,0.8589507991177182,,0.3116931801974404,0.0,0.0,0.0,
1.0,62.0,2021-12-03,teaching,1274716.1699999983,7615.16,1331.0,106.3549,,8.343418127346744e-05,,15.660416666666668,73.04166666666667,0.22108944650774678,0.8479106191853645,,0.8016449727399838,0.0,0.0,0.0,
1.0,62.0,2021-12-04,teaching,1274716.1699999983,7615.16,1331.0,22.020199999999996,,1.727459062514287e-05,,14.652083333333335,65.6875,0.7018951892751644,0.9664185890717811,,0.4956450718895906,0.0,0.0,0.0,
1.0,62.0,2021-12-05,teaching,1274716.1699999983,7615.16,1331.0,74.8153,,5.8691732136731345e-05,,14.793750000000001,66.02083333333333,0.6767167510185707,0.8904261307613853,,0.5082830756762555,0.0,0.0,0.0,
1.0,62.0,2021-12-06,teaching,1274716.1699999983,7615.16,1331.0,99.8711,,7.834771563304177e-05,,20.185416666666665,62.333333333333336,1.3322144308516877,0.8564817765805208,,0.2638922426735424,0.0,0.0,0.0,
1.0,62.0,2021-12-07,teaching,1274716.1699999983,7615.16,1331.0,133.5801,,0.00010479203382192929,,14.35,80.97916666666667,0.38620753950802267,0.812847001424403,,0.6796294610785985,0.0,0.0,0.0,
1.0,62.0,2021-12-08,teaching,1274716.1699999983,7615.16,1331.0,48.461499999999994,,3.801748274676711e-05,,12.597999999999999,70.9,0.5574548641868526,0.9275815717596118,,0.5726647201296996,0.0,0.0,0.0,
1.0,62.0,2021-12-09,teaching,1274716.1699999983,7615.16,1331.0,119.36999999999999,,9.364437575150565e-05,,13.80625,87.6875,0.862659038320838,0.8309635408854543,,0.42203837278039846,0.0,0.0,0.0,
1.0,62.0,2021-12-10,teaching,1274716.1699999983,7615.16,1331.0,28.0805,4.930205993999954,2.2028825444334043e-05,1.0758988632956527e-07,15.133333333333333,73.72916666666667,0.14033680407320254,0.9573759842124189,0.7591283132138156,0.8690654813072041,0.0,0.0,0.0,86.57801565558772
1.0,62.0,2021-12-12,teaching,1274716.1699999983,7615.16,1331.0,17.8398,24.849000000000053,1.3995115477353695e-05,5.422696513405354e-07,18.620833333333334,65.91666666666667,0.9521262668011791,0.9727059145737896,0.24932743120375228,0.38591958246650543,0.0,0.0,0.0,43.31669685189152
1.0,62.0,2021-12-13,teaching,1274716.1699999983,7615.16,1331.0,44.3048,39.17699999999996,3.475659997315328e-05,8.549437856882807e-07,22.112244897959183,62.63265306122449,1.592875899184121,0.9335819086186042,0.11192988662553288,0.20333998473953713,0.0,0.0,0.0,25.142819584362122
1.0,62.0,2021-12-14,teaching,1274716.1699999983,7615.16,1331.0,80.29369999999999,39.389999999999866,6.298947317817431e-05,8.595919983220078e-07,18.8,73.60416666666667,0.7120345457857282,0.8828911611131631,0.110605140931136,0.49064494169144185,0.0,0.0,0.0,42.58581846029414
1.0,62.0,2021-12-15,teaching,1274716.1699999983,7615.16,1331.0,70.0612,22.24500000000009,5.4962196015760975e-05,4.85443615198609e-07,15.814583333333333,86.0625,0.7351259415619049,0.8970169971895103,0.2883927291261096,0.4794450731110737,0.0,0.0,0.0,49.93163021601034
1.0,62.0,2021-12-16,teaching,1274716.1699999983,7615.16,1331.0,56.009499999999996,28.113999999999947,4.3938800901851016e-05,6.135204224631878e-07,16.072916666666668,65.91666666666667,0.7099325829301941,0.91678420339626,0.20773491610301892,0.4916773437894466,0.0,0.0,0.0,48.061354151534715
1.0,62.0,2021-12-17,teaching,1274716.1699999983,7615.16,1331.0,53.747899999999994,32.99900000000011,4.2164602022738964e-05,7.201237967156163e-07,20.072916666666668,56.6875,1.6197337432800898,0.920006153972586,0.15809644386794283,0.19795139795751052,0.0,0.0,0.0,26.21372214520435
1.0,62.0,2021-12-18,teaching,1274716.1699999983,7615.16,1331.0,23.886899999999997,29.447000000000024,1.873899505016872e-05,6.426099409644141e-07,23.726530612244897,47.673469387755105,2.5271210623182934,0.9636242114327247,0.1928190000220608,0.07988868407633062,0.0,0.0,0.0,15.707852049207418
1.0,62.0,2021-12-19,teaching,1274716.1699999983,7615.16,1331.0,53.22769999999999,21.16500000000004,4.1756511176915614e-05,4.618752131120942e-07,17.098181818181818,75.0,0.3866131411955332,0.9207488485397525,0.3063389336222337,0.6793538581185943,0.0,0.0,0.0,62.850125548119244
1.0,62.0,2021-12-20,teaching,1274716.1699999983,7615.16,1331.0,65.40169999999999,28.557000000000194,5.130687249381961e-05,6.231878318375687e-07,18.708333333333332,54.0625,1.6543843364109043,0.9035240508083389,0.20265406011462817,0.19120974034968588,0.0,0.0,0.0,26.71650340371095
1.0,62.0,2021-12-21,teaching,1274716.1699999983,7615.16,1331.0,78.5101,22.033999999999914,6.159025973601645e-05,4.808390477539252e-07,18.977083333333333,71.0625,0.7981052228892715,0.8853372908901229,0.2918142566517854,0.45018114944929066,0.0,0.0,0.0,48.007161021708384
1.0,62.0,2021-12-22,teaching,1274716.1699999983,7615.16,1331.0,70.1902,5.4789999999999885,5.5063395014436896e-05,1.195659954000073e-07,17.145833333333332,67.1875,0.7119476299606047,0.8968375152063344,0.7361948299224156,0.4906875883546998,0.0,0.0,0.0,59.804331807288044
1.0,62.0,2021-12-23,teaching,1274716.1699999983,7615.16,1331.0,84.0707,3.5260000000001135,6.595248572080176e-05,7.694646829356454e-08,16.570833333333333,66.97916666666667,0.6726945284115683,0.8777334567392843,0.8211139801907266,0.5103316204437088,0.0,0.0,0.0,62.18062318497053
1.0,62.0,2021-12-28,teaching,1274716.1699999983,7615.16,1331.0,0.085,3.346000000000089,6.668151075544928e-08,7.301840127914508e-08,17.41875,66.1875,0.7977531183195008,0.9998681548303612,0.8294173095884158,0.4503396881987075,0.0,0.0,0.0,59.27907133751602
1.0,62.0,2022-01-03,teaching,1274716.1699999983,7615.16,1331.0,24.5615,42.61999999999994,1.926821089905844e-05,9.300789786363049e-07,18.770833333333332,62.229166666666664,1.1664335066070517,0.9626163501678182,0.09233458543948242,0.31147583917401006,0.0,0.0,0.0,31.77261680852232
1.0,62.0,2022-01-04,teaching,1274716.1699999983,7615.16,1331.0,111.7438,,8.766171060652675e-05,,19.587500000000002,76.0625,0.8419203638498232,0.8408521556367285,,0.43088227766744147,0.0,0.0,0.0,
1.0,62.0,2022-01-05,teaching,1274716.1699999983,7615.16,1331.0,90.3616,,7.088762355623066e-05,,23.396,69.86,1.5957262377291015,0.8692096805546261,,0.20276122216977172,0.0,0.0,0.0,
1.0,62.0,2022-01-06,teaching,1274716.1699999983,7615.16,1331.0,95.4792,,7.49023211967258e-05,,23.728571428571428,67.44897959183673,1.704176816969139,0.8623367472260525,,0.18192207972328736,0.0,0.0,0.0,
1.0,62.0,2022-01-07,teaching,1274716.1699999983,7615.16,1331.0,94.573,,7.419141784323653e-05,,21.867346938775512,78.9795918367347,1.2815233450777959,0.8635498013079741,,0.2776140761402859,0.0,0.0,0.0,
1.0,62.0,2022-01-09,teaching,1274716.1699999983,7615.16,1331.0,27.8461,,2.1844941372321366e-05,,19.243750000000002,69.375,0.8950002561706416,0.9577241555563665,,0.40860749396759116,0.0,0.0,0.0,
1.0,62.0,2022-01-10,teaching,1274716.1699999983,7615.16,1331.0,105.7131,,8.293069664284571e-05,,23.327083333333334,65.4375,1.6892644998550121,0.848755197488294,,0.18465528805076104,0.0,0.0,0.0,
1.0,62.0,2022-01-11,teaching,1274716.1699999983,7615.16,1331.0,119.0399,,9.338541614326597e-05,,24.239583333333332,62.166666666666664,1.9426654668266612,0.8313891516654547,,0.1433214217011388,0.0,0.0,0.0,
1.0,62.0,2022-01-12,teaching,1274716.1699999983,7615.16,1331.0,227.44039999999998,,0.00017842434680969042,,23.489583333333332,66.5,1.6868729624101704,0.7027103227966007,,0.18509742657120373,0.0,0.0,0.0,
1.0,62.0,2022-01-13,teaching,1274716.1699999983,7615.16,1331.0,244.7012,8.079000000000097,0.00019196524352554524,1.7630474116383873e-07,25.579166666666666,56.895833333333336,2.3451769028350458,0.6841446810185936,0.6366131748156494,0.0958302479883727,0.0,0.0,0.0,20.210653413067682
1.0,62.0,2022-01-14,teaching,1274716.1699999983,7615.16,1331.0,150.4551,8.558999999999942,0.00011803027492779054,1.867795865356192e-07,25.620833333333334,68.66666666666667,2.013057728257108,0.7918452901796528,0.6197595489804941,0.13357959945129125,0.0,0.0,0.0,25.42786052754992
1.0,62.0,2022-01-15,teaching,1274716.1699999983,7615.16,1331.0,41.57829999999999,1.2099999999999156,3.2617692454627014e-05,2.6405339374703235e-08,20.835416666666667,77.83333333333333,1.081361674121902,0.9375387677196875,0.9346010263118301,0.33913342189451506,0.0,0.0,0.0,50.19431695044445
1.0,62.0,2022-01-16,teaching,1274716.1699999983,7615.16,1331.0,95.55799999999999,1.758999999999883,7.49641388796379e-05,3.8385943768680284e-08,24.650000000000002,52.270833333333336,2.410845641349155,0.8622313448267803,0.9063560259338481,0.0897393751501963,0.0,0.0,0.0,21.690156970392945
1.0,62.0,2022-01-17,teaching,1274716.1699999983,7615.16,1331.0,182.30259999999998,18.29600000000008,0.00014301426803113373,3.992661894211622e-07,20.979166666666668,63.854166666666664,1.3740363024488689,0.7536766971336808,0.359624717520715,0.25308337414948273,0.0,0.0,0.0,33.827017201553296
1.0,62.0,2022-01-18,teaching,1274716.1699999983,7615.16,1331.0,172.528,24.10100000000029,0.0001353462080896018,5.259463506361775e-07,18.55,56.895833333333336,1.463529088567796,0.7651914516038237,0.25997307943469095,0.23141813683724655,0.0,0.0,0.0,30.323760964334763
1.0,62.0,2022-01-19,teaching,1274716.1699999983,7615.16,1331.0,161.1582,40.504999999999875,0.00012642673231328053,8.839241912168809e-07,20.227083333333333,62.145833333333336,1.3468372279771834,0.7788069121724627,0.10392206557969018,0.2600614764640969,0.0,0.0,0.0,27.7878400341002
1.0,62.0,2022-01-20,teaching,1274716.1699999983,7615.16,1331.0,139.9711,37.14300000000006,0.00010980569894237727,8.10556628425349e-07,21.4375,55.770833333333336,1.8241812519762168,0.8048283641979508,0.12540737829683155,0.16134969480804626,0.0,0.0,0.0,21.580081690159393
1.0,62.0,2022-01-21,teaching,1274716.1699999983,7615.16,1331.0,69.9146,35.74199999999999,5.484719002191687e-05,7.799831734964534e-07,24.12708333333333,50.229166666666664,2.442259056079832,0.8972210102419955,0.13562305330137686,0.08696417244866642,0.0,0.0,0.0,15.316544110708643
1.0,62.0,2022-01-22,teaching,1274716.1699999983,7615.16,1331.0,25.905599999999996,26.59999999999999,2.0322641706192547e-05,5.804810143530205e-07,25.49791666666667,48.0625,2.7264075075137435,0.9606113885120295,0.22608049514255454,0.06545401084080124,0.0,0.0,0.0,14.28772779374071
1.0,62.0,2022-01-23,teaching,1274716.1699999983,7615.16,1331.0,77.297,0.8540000000000489,6.0638596904281913e-05,1.863649572396647e-08,26.527083333333334,48.125,2.8606918724064863,0.8870048758827913,0.9533852898721085,0.05722915129424314,0.0,0.0,0.0,16.70322206740678
1.0,62.0,2022-01-24,teaching,1274716.1699999983,7615.16,1331.0,214.5773,125.49000000000007,0.00016833339456265021,2.738517386885737e-06,27.741666666666664,48.833333333333336,2.9989879334771503,0.7168726937385906,0.0008987251859676356,0.04983748169954943,0.0,0.0,0.0,4.265122173161523
1.0,62.0,2022-01-25,teaching,1274716.1699999983,7615.16,1331.0,286.6714,49.468999999999824,0.00022489037696917297,1.0795419285349429e-06,27.683333333333334,51.145833333333336,2.89250041398672,0.6410223499239767,0.06296501174324011,0.055437422660617935,0.0,0.0,0.0,9.452230925672335
1.0,62.0,2022-01-26,teaching,1274716.1699999983,7615.16,1331.0,131.6464,40.765000000000114,0.00010327506867666092,8.89598065793269e-07,27.433333333333334,59.708333333333336,2.543337468147606,0.8152888759905799,0.10242266131170555,0.07860362443955383,0.0,0.0,0.0,13.42463226684781
1.0,62.0,2022-01-27,teaching,1274716.1699999983,7615.16,1331.0,177.3627,57.65899999999995,0.00013913897397253557,1.2582689776910073e-06,26.018367346938778,69.57142857142857,2.0701551040595567,0.7594742165271094,0.03983641925909286,0.12616621129580216,0.0,0.0,0.0,14.958051121104809
1.0,62.0,2022-01-28,teaching,1274716.1699999983,7615.16,1331.0,162.2343,42.765000000000114,0.00012727092023944453,9.332432548423683e-07,24.846,78.74,1.821753023662176,0.7775079576962229,0.09158923028895362,0.16174196477321426,0.0,0.0,0.0,20.293671656147502
1.0,62.0,2022-01-29,teaching,1274716.1699999983,7615.16,1331.0,0.1963,31.78099999999983,1.539950654269964e-07,6.935438765847087e-07,19.195833333333333,88.52083333333333,1.1776354921708945,0.9996955414968274,0.16923494876277315,0.30800616124362584,0.0,0.0,0.0,35.4133353502541
1.0,62.0,2022-01-30,teaching,1274716.1699999983,7615.16,1331.0,31.9712,14.100999999999942,2.5081034313701412e-05,3.0772040539067335e-07,23.416666666666668,77.75,1.552907362522929,0.9516152968688895,0.4546598593290009,0.21163178819361889,0.0,0.0,0.0,33.17289218090833
1.0,62.0,2022-01-31,teaching,1274716.1699999983,7615.16,1331.0,76.2623,33.10400000000017,5.982688679629764e-05,7.224151691406954e-07,26.368750000000002,69.54166666666667,2.133717703607706,0.888429705598102,0.1571712618089779,0.11839631224369554,0.0,0.0,0.0,18.96197974880668
1.0,62.0,2022-02-01,teaching,1274716.1699999983,7615.16,1331.0,120.4534,2.969000000000058,9.4494290442711e-05,6.479128314338919e-08,20.665306122448982,68.48979591836735,1.1554748463131155,0.8295682015279546,0.8470812720416737,0.3149079685074066,0.0,0.0,0.0,45.94403010017343
1.0,62.0,2022-02-02,teaching,1274716.1699999983,7615.16,1331.0,94.0291,29.90900000000012,7.376473462323783e-05,6.526919796347582e-07,16.055102040816326,60.0,1.1113812400289733,0.8642786940042773,0.1879032950024027,0.32910407527180546,0.0,0.0,0.0,36.4497602134618
1.0,62.0,2022-02-03,teaching,1274716.1699999983,7615.16,1331.0,87.1293,45.467999999999954,6.835192182429138e-05,9.922297278422226e-07,15.358333333333334,69.39583333333333,0.44493273048625537,0.873578854951909,0.0787457018940311,0.6408673854197208,0.0,0.0,0.0,47.13459833000648
1.0,62.0,2022-02-04,teaching,1274716.1699999983,7615.16,1331.0,63.1113,,4.95100803498869e-05,,17.818749999999998,64.85416666666667,0.9159082445611152,0.9067399077176704,,0.40015302418825566,0.0,0.0,0.0,
1.0,62.0,2022-02-05,teaching,1274716.1699999983,7615.16,1331.0,4.065599999999999,,3.1894158838512296e-06,,19.695833333333333,60.666666666666664,1.356938316092155,0.9937131973829075,,0.2574477953100618,0.0,0.0,0.0,
1.0,62.0,2022-02-06,teaching,1274716.1699999983,7615.16,1331.0,32.4978,,2.5494145885040464e-05,,21.058333333333334,59.395833333333336,1.5905177368540635,0.950838265004593,,0.20382005925609295,0.0,0.0,0.0,
1.0,62.0,2022-02-07,teaching,1274716.1699999983,7615.16,1331.0,79.0548,,6.201757054670461e-05,,21.462500000000002,56.4375,1.7921181398494932,0.884589540590292,,0.16660689894886327,0.0,0.0,0.0,
1.0,62.0,2022-02-08,teaching,1274716.1699999983,7615.16,1331.0,69.749,,5.471727874919802e-05,,22.400000000000002,54.354166666666664,2.0153904513958896,0.8974515200870828,,0.13326835838953263,0.0,0.0,0.0,
1.0,62.0,2022-02-09,teaching,1274716.1699999983,7615.16,1331.0,66.6553,,5.2290307104208216e-05,,21.538,63.46,1.4732737939685578,0.9017687545328779,,0.2291739873158959,0.0,0.0,0.0,
1.0,62.0,2022-02-10,teaching,1274716.1699999983,7615.16,1331.0,84.9459,,6.663906993507434e-05,,19.764583333333334,66.29166666666667,1.0933170933127507,0.8765426285173157,,0.33510307989349686,0.0,0.0,0.0,
1.0,62.0,2022-02-11,teaching,1274716.1699999983,7615.16,1331.0,53.5832,,4.203539678954576e-05,,18.324489795918367,59.10204081632653,1.3078162495879233,0.9202412329213083,,0.2704099198669046,0.0,0.0,0.0,
1.0,62.0,2022-02-12,teaching,1274716.1699999983,7615.16,1331.0,2.9026999999999994,,2.277134367880501e-06,,20.833333333333332,63.833333333333336,1.3535720487724154,0.9955073902734537,,0.2583158937158435,0.0,0.0,0.0,
1.0,62.0,2022-02-13,teaching,1274716.1699999983,7615.16,1331.0,29.7313,14.466999999999903,2.332385883204105e-05,3.157074749866577e-07,24.554166666666664,52.020833333333336,2.4097891048980333,0.9549275131504548,0.4454527678934512,0.08983423817544098,0.0,0.0,0.0,19.547008943439984
1.0,62.0,2022-02-14,teaching,1274716.1699999983,7615.16,1331.0,127.0484,22.67000000000019,9.966799118897202e-05,4.947182178715447e-07,23.39591836734694,57.265306122448976,2.0078782304289695,0.8211247262502784,0.2816223265005952,0.13427326957722002,0.0,0.0,0.0,22.347007302522854
1.0,62.0,2022-02-15,teaching,1274716.1699999983,7615.16,1331.0,123.5456,25.19899999999985,9.692008535515805e-05,5.499075594241234e-07,20.139583333333334,73.08333333333333,0.9609202477133156,0.825598549581029,0.2444969941923676,0.38254069175016847,0.0,0.0,0.0,41.48944806177397
1.0,62.0,2022-02-16,teaching,1274716.1699999983,7615.16,1331.0,120.8442,34.52700000000006,9.480086849451369e-05,7.53468721149127e-07,20.2,73.5625,0.966089617944587,0.8290654551517884,0.14515387795409695,0.380568299690634,0.0,0.0,0.0,37.73742828836212
1.0,62.0,2022-02-17,teaching,1274716.1699999983,7615.16,1331.0,125.2734,24.356999999999903,9.827552434672587e-05,5.315329348344537e-07,19.960416666666667,66.08333333333333,1.130899162388084,0.8233887420379544,0.256279440808261,0.3227429276139108,0.0,0.0,0.0,37.67077335163318
1.0,62.0,2022-02-18,teaching,1274716.1699999983,7615.16,1331.0,62.6711,8.801999999999916,4.916474857300985e-05,1.920824770050842e-07,17.420833333333334,62.25,1.0373213862137198,0.9073592845899785,0.6113982647682528,0.3544027196893224,0.0,0.0,0.0,47.504785206154146
1.0,62.0,2022-02-20,teaching,1274716.1699999983,7615.16,1331.0,20.6917,5.844999999999953,1.6232397836453295e-05,1.2755306499599168e-07,17.977083333333333,70.16666666666667,0.66839625729531,0.968412236405737,0.7212865133547772,0.5125298850918616,0.0,0.0,0.0,62.19114814182309
1.0,62.0,2022-02-21,teaching,1274716.1699999983,7615.16,1331.0,88.3552,9.188000000000002,6.931362610705732e-05,2.0050599849156226e-07,16.597916666666666,68.1875,0.6000216529541674,0.8719191984322073,0.5983478487537102,0.5487997528294779,0.0,0.0,0.0,61.382678993027554
1.0,62.0,2022-02-22,teaching,1274716.1699999983,7615.16,1331.0,87.2869,11.78600000000006,6.84755571901156e-05,2.572010990663435e-07,17.520833333333332,67.9375,0.7116342176598398,0.8733653149855063,0.5174699614647051,0.49084139998269183,0.0,0.0,0.0,55.87960357285393
1.0,62.0,2022-02-23,teaching,1274716.1699999983,7615.16,1331.0,167.8767,23.960000000000196,0.00013169731737222744,5.228693648082139e-07,23.020833333333332,66.47916666666667,1.6079966377692523,0.7707324253535263,0.2620301525119327,0.2002884627600689,0.0,0.0,0.0,27.83106110906759
1.0,62.0,2022-02-24,teaching,1274716.1699999983,7615.16,1331.0,153.3132,26.19600000000011,0.00012027242111473349,5.716646861651051e-07,21.329166666666666,80.60416666666667,1.2109412127101506,0.7883423775112613,0.23124402942347855,0.2979167444026323,0.0,0.0,0.0,34.89821939475928
1.0,62.0,2022-02-25,teaching,1274716.1699999983,7615.16,1331.0,111.8159,30.815,8.77182722174146e-05,6.724632502739975e-07,19.618750000000002,70.39583333333333,0.9249148370443705,0.8407581173843721,0.17862428348931056,0.3965651903006495,0.0,0.0,0.0,40.27200528357603
1.0,62.0,2022-02-26,teaching,1274716.1699999983,7615.16,1331.0,0.050699999999999995,27.779000000000053,3.977355994472092e-08,6.062098532974659e-07,21.902083333333334,72.04166666666667,1.2932797277404853,0.9999213561419756,0.21166151473516517,0.2743694487398851,0.0,0.0,0.0,34.32336473777471
1.0,62.0,2022-02-27,teaching,1274716.1699999983,7615.16,1331.0,16.4223,27.211999999999904,1.288310322446135e-05,5.93836442202043e-07,20.177083333333332,81.04166666666667,1.0198349288190185,0.9748471090603822,0.21847728574176464,0.36065446891881364,0.0,0.0,0.0,40.609579540662885
1.0,62.0,2022-02-28,teaching,1274716.1699999983,7615.16,1331.0,103.2468,38.181000000000196,8.09959129960673e-05,8.332084815418346e-07,20.983333333333334,82.125,1.1856333358272926,0.8520085663136555,0.11833815230045805,0.305552600795812,0.0,0.0,0.0,31.987701944901705
1.0,62.0,2022-03-01,teaching,1274716.1699999983,7615.16,1331.0,153.3278,4.924999999999983,0.00012028387464481618,1.0747627803340665e-07,21.78125,89.97916666666667,1.592846454793622,0.7883245234615492,0.7593492518677317,0.20334597204959776,0.0,0.0,0.0,34.08640006836623
1.0,62.0,2022-03-02,teaching,1274716.1699999983,7615.16,1331.0,225.1441,16.28000000000001,0.00017662292618442294,3.552718388596685e-07,23.304166666666664,74.95833333333333,1.5266726498204364,0.7052178901767073,0.4025219740442641,0.21725735729934612,0.0,0.0,0.0,30.990409112434033
1.0,62.0,2022-03-03,teaching,1274716.1699999983,7615.16,1331.0,243.0284,42.76100000000008,0.00019065295139387802,9.331559644642694e-07,23.652083333333334,67.3125,1.6941936050489572,0.6859222624189302,0.0916097108859814,0.18374734222986422,0.0,0.0,0.0,21.380713603128477
1.0,62.0,2022-03-04,teaching,1274716.1699999983,7615.16,1331.0,94.1539,,7.386263877079406e-05,,23.93541666666667,69.9375,1.690617011976076,0.8641113923312455,,0.184405708353283,0.0,0.0,0.0,
1.0,62.0,2022-03-05,teaching,1274716.1699999983,7615.16,1331.0,15.353799999999998,,1.2044877409847258e-05,,18.85625,97.66666666666667,1.6839955405474434,0.976464239048186,,0.18563079695094423,0.0,0.0,0.0,
1.0,62.0,2022-03-06,teaching,1274716.1699999983,7615.16,1331.0,70.892,,5.561394894676836e-05,,17.910416666666666,87.41666666666667,0.973382518966692,0.8958617065098188,,0.3778029487208752,0.0,0.0,0.0,
1.0,62.0,2022-03-07,teaching,1274716.1699999983,7615.16,1331.0,186.7154,,0.00014647605827421194,,18.970833333333335,78.10416666666667,0.7467569160800251,0.748535222639069,,0.47390096387972924,0.0,0.0,0.0,
1.0,62.0,2022-03-08,teaching,1274716.1699999983,7615.16,1331.0,211.5007,,0.00016591983766864766,,17.818749999999998,75.47916666666667,0.5162621924981292,0.720302137993301,,0.5967469095979318,0.0,0.0,0.0,
1.0,62.0,2022-03-09,teaching,1274716.1699999983,7615.16,1331.0,114.6525,,8.994355190457822e-05,,17.14375,64.29166666666667,0.8870860522721289,0.8370667441698513,,0.41185412730245524,0.0,0.0,0.0,
1.0,62.0,2022-03-10,teaching,1274716.1699999983,7615.16,1331.0,92.00529999999999,,7.217708707656868e-05,,15.714583333333332,71.3125,0.33282844128658184,0.8669962419177019,,0.7168931728767587,0.0,0.0,0.0,
1.0,62.0,2022-03-11,teaching,1274716.1699999983,7615.16,1331.0,64.1255,,5.030570844645368e-05,,15.129166666666668,73.20833333333333,0.1761707178714994,0.9053145013855863,,0.8384748284798516,0.0,0.0,0.0,
1.0,62.0,2022-03-13,teaching,1274716.1699999983,7615.16,1331.0,37.838,7.4350000000000716,2.9683470634878705e-05,1.6225099029002822e-07,21.027083333333334,66.29166666666667,1.2867308033096674,0.9429942117744068,0.659947294057247,0.2761721700255596,0.0,0.0,0.0,41.650904610673315
1.0,62.0,2022-03-14,teaching,1274716.1699999983,7615.16,1331.0,155.3383,31.414000000000016,0.00012186108849627303,6.855349843942031e-07,21.758333333333336,64.375,1.4713322465989243,0.7858697806583597,0.17274253216850777,0.22961937169568272,0.0,0.0,0.0,28.224735975226235
1.0,62.0,2022-03-15,teaching,1274716.1699999983,7615.16,1331.0,115.6875,42.043000000000085,9.075549735907104e-05,9.174873415956428e-07,21.46875,76.83333333333333,1.1904122299857394,0.8357238994972468,0.09536116625432829,0.3040958807845061,0.0,0.0,0.0,30.572383320824837
1.0,62.0,2022-03-16,teaching,1274716.1699999983,7615.16,1331.0,69.0008,28.297999999999853,5.41303245568777e-05,6.175357798557029e-07,19.150000000000002,85.875,1.0389111802600028,0.8984937287556741,0.20560929663111419,0.35383973998503987,0.0,0.0,0.0,39.03659781291909
1.0,62.0,2022-03-17,teaching,1274716.1699999983,7615.16,1331.0,75.7832,38.0140000000001,5.9451038422145454e-05,8.295641082562327e-07,20.935416666666665,76.97916666666667,1.0932304677118982,0.8890902234545538,0.11944799012685695,0.3351321096564823,0.0,0.0,0.0,34.2136067769299
1.0,62.0,2022-03-18,teaching,1274716.1699999983,7615.16,1331.0,72.4329,15.88999999999998,5.682276706351038e-05,3.467610269950935e-07,19.2625,78.45833333333333,0.8046783800139662,0.8937229053129653,0.41139325319984515,0.4472317420977884,0.0,0.0,0.0,50.91724367441625
1.0,62.0,2022-03-20,teaching,1274716.1699999983,7615.16,1331.0,24.6467,6.747999999999983,1.9335049307486256e-05,1.472588678516607e-07,20.13695652173913,81.6304347826087,1.0286665030613684,0.9624891352449407,0.6857830443844096,0.3574833458166782,0.0,0.0,0.0,49.34430498973166
1.0,62.0,2022-03-21,teaching,1274716.1699999983,7615.16,1331.0,92.9406,22.627000000000116,7.291081904138717e-05,4.937798463069875e-07,21.489583333333332,79.08333333333333,1.2145189441939026,0.8657392656830614,0.2823000417090631,0.29685278270618226,0.0,0.0,0.0,36.78819306471996
1.0,62.0,2022-03-22,teaching,1274716.1699999983,7615.16,1331.0,88.7644,25.932999999999822,6.963463874471767e-05,5.659253438051422e-07,18.304255319148936,87.74468085106383,1.0333103944576865,0.8713659146183121,0.23466864728787215,0.3558270807168823,0.0,0.0,0.0,39.84460376438882
1.0,62.0,2022-03-23,teaching,1274716.1699999983,7615.16,1331.0,116.5258,,9.141313395279214e-05,,15.825531914893617,75.12765957446808,0.15468061594541888,0.834637839364512,,0.8566887465198716,0.0,0.0,0.0,
1.0,62.0,2022-03-24,teaching,1274716.1699999983,7615.16,1331.0,114.7529,,9.002231453610583e-05,,16.058333333333334,65.83333333333333,0.714790061651516,0.8369363873036688,,0.4892948227614814,0.0,0.0,0.0,
1.0,62.0,2022-03-25,teaching,1274716.1699999983,7615.16,1331.0,96.7979,,7.593682599946945e-05,,15.239583333333334,76.3125,0.0583130601247868,0.8605745573224287,,0.9433545745036549,0.0,0.0,0.0,
1.0,62.0,2022-03-27,teaching,1274716.1699999983,7615.16,1331.0,11.6673,,9.152861063965333e-06,,19.900000000000002,65.0625,1.1658859468906557,0.9820642242011897,,0.31164643749829496,0.0,0.0,0.0,
1.0,62.0,2022-03-28,teaching,1274716.1699999983,7615.16,1331.0,125.308,,9.830266764404516e-05,,18.429166666666667,71.3125,0.699323965449717,0.823344550074496,,0.49692112611489214,0.0,0.0,0.0,
1.0,62.0,2022-03-29,teaching,1274716.1699999983,7615.16,1331.0,116.7219,,9.156697212054678e-05,,16.722916666666666,82.64583333333333,0.5756717612439576,0.8343839856401508,,0.562326992419871,0.0,0.0,0.0,
1.0,62.0,2022-03-30,teaching,1274716.1699999983,7615.16,1331.0,174.1945,,0.00013665355794458952,,16.716666666666665,65.72916666666667,0.7630021667328062,0.7632159011403555,,0.46626451985315354,0.0,0.0,0.0,
1.0,62.0,2022-03-31,teaching,1274716.1699999983,7615.16,1331.0,121.0501,,9.496239464821424e-05,,15.472916666666668,67.45833333333333,0.5814948175136282,0.8288006967559379,,0.5590620459103178,0.0,0.0,0.0,
1.0,62.0,2022-04-01,teaching,1274716.1699999983,7615.16,1331.0,122.7663,4.224000000000149,9.630873357478486e-05,9.2178639271701e-08,14.864583333333334,68.29166666666667,0.5180834774038625,0.826597192105113,0.7896941515556353,0.5956610525865864,0.0,0.0,0.0,67.05423865413883
1.0,62.0,2022-04-02,teaching,1274716.1699999983,7615.16,1331.0,6.469999999999999,37.13100000000036,5.075639701032433e-06,8.10294757291061e-07,14.979166666666666,85.1875,0.6593634551099115,0.9900137909189872,0.12549152549449882,0.517180438301167,0.0,0.0,0.0,46.06983922121075
1.0,62.0,2022-04-03,teaching,1274716.1699999983,7615.16,1331.0,30.8693,45.12699999999987,2.421660658780224e-05,9.847882231093492e-07,15.277083333333332,95.27083333333333,1.3624060295325833,0.9532432756776057,0.08026106426643385,0.2560439858507035,0.0,0.0,0.0,27.423625151649208
1.0,62.0,2022-04-04,teaching,1274716.1699999983,7615.16,1331.0,153.3741,,0.00012032019645596887,,15.633333333333333,87.70833333333333,0.8425919251283283,0.7882679067864439,,0.430593010955199,0.0,0.0,0.0,
1.0,62.0,2022-04-05,teaching,1274716.1699999983,7615.16,1331.0,158.9539,,0.0001246974846173013,,14.839583333333332,82.89583333333333,0.5007825750842934,0.7814744902695648,,0.6060561896089377,0.0,0.0,0.0,
1.0,62.0,2022-04-06,teaching,1274716.1699999983,7615.16,1331.0,139.9173,,0.00010976349346851087,,16.758333333333333,82.91666666666667,0.5950534206217214,0.8048955345463049,,0.5515331018396432,0.0,0.0,0.0,
1.0,62.0,2022-04-07,teaching,1274716.1699999983,7615.16,1331.0,130.2056,,0.00010214477784493797,,16.016666666666666,81.375,0.4347920996397168,0.817113084848194,,0.647399247624706,0.0,0.0,0.0,
1.0,62.0,2022-04-08,teaching,1274716.1699999983,7615.16,1331.0,114.7755,,9.004004397308316e-05,,17.566666666666666,75.3125,0.47044294782767976,0.8369070468242739,,0.6247254861902088,0.0,0.0,0.0,
1.0,62.0,2022-04-10,teaching,1274716.1699999983,7615.16,1331.0,21.420199999999998,,1.680389760804558e-05,,20.099999999999998,71.45833333333333,0.9818582524128162,0.9673184855997977,,0.3746143236889686,0.0,0.0,0.0,
1.0,62.0,2022-04-11,teaching,1274716.1699999983,7615.16,1331.0,166.2974,,0.00013045837490239119,,15.491666666666667,77.66666666666667,0.16141107462515442,0.7726229149011342,,0.8509421984549354,0.0,0.0,0.0,
1.0,62.0,2022-04-12,teaching,1274716.1699999983,7615.16,1331.0,134.6921,,0.00010566438488028296,,13.835416666666667,66.85416666666667,0.654557628336728,0.8114460824806026,,0.5196718998692504,0.0,0.0,0.0,
1.0,62.0,2022-04-13,teaching,1274716.1699999983,7615.16,1331.0,132.174,,0.0001036889647363618,,15.370833333333332,74.14583333333333,0.1276493823544467,0.8146218964287536,,0.8801619253525833,0.0,0.0,0.0,
1.0,62.0,2022-04-14,teaching,1274716.1699999983,7615.16,1331.0,99.889,,7.83617579747185e-05,,15.933333333333332,72.79166666666667,0.26481647846175754,0.8564579950907358,,0.7673467617125421,0.0,0.0,0.0,
1.0,62.0,2022-04-19,teaching,1274716.1699999983,7615.16,1331.0,11.5404,,9.053309490849257e-06,,13.68125,100.0,1.708656215789371,0.9822575626311896,,0.18110900058640053,0.0,0.0,0.0,
1.0,62.0,2022-04-20,teaching,1274716.1699999983,7615.16,1331.0,91.6114,,7.18680771108443e-05,,12.75625,90.54166666666667,1.112851786247902,0.867526161311848,,0.3286204681887145,0.0,0.0,0.0,
1.0,62.0,2022-04-21,teaching,1274716.1699999983,7615.16,1331.0,88.9241,,6.975992153610173e-05,,13.552083333333334,75.75,0.26943107018921564,0.8711500777555024,,0.7638139272573244,0.0,0.0,0.0,
1.0,62.0,2022-04-22,teaching,1274716.1699999983,7615.16,1331.0,83.4268,,6.544735366462018e-05,,12.120833333333332,69.04166666666667,0.7073138167191493,0.8786106028024148,,0.4929666192227554,0.0,0.0,0.0,
1.0,62.0,2022-04-23,teaching,1274716.1699999983,7615.16,1331.0,0.0132,,1.0355246376140359e-08,,11.841666666666667,84.35416666666667,0.8384124771755703,0.9999795240804804,,0.4323964180311869,0.0,0.0,0.0,
1.0,62.0,2022-04-24,teaching,1274716.1699999983,7615.16,1331.0,32.0336,,2.512998638747953e-05,,12.112499999999999,87.875,1.0010785667430988,0.9515231885375924,,0.36748287254203676,0.0,0.0,0.0,
1.0,62.0,2022-04-25,teaching,1274716.1699999983,7615.16,1331.0,53.515499999999996,,4.198228692744995e-05,,13.139583333333334,82.95833333333333,0.6110421964977024,0.9203378796349297,,0.5427848856859091,0.0,0.0,0.0,
1.0,62.0,2022-04-26,teaching,1274716.1699999983,7615.16,1331.0,37.7107,,2.95836052664179e-05,,15.31875,79.1875,0.247835442290209,0.9431804437457777,,0.7804883680894693,0.0,0.0,0.0,
1.0,62.0,2022-04-27,teaching,1274716.1699999983,7615.16,1331.0,113.5249,,8.905896282778006e-05,,16.95625,82.4375,0.5886038626878699,0.8385321872839319,,0.555101742238568,0.0,0.0,0.0,
1.0,62.0,2022-04-28,teaching,1274716.1699999983,7615.16,1331.0,181.8257,,0.0001426401455313776,,18.002083333333335,83.8125,0.7872887608493092,0.754234456651016,,0.4550769466333773,0.0,0.0,0.0,
1.0,62.0,2022-04-29,teaching,1274716.1699999983,7615.16,1331.0,118.7937,,9.319227510858371e-05,,18.383333333333333,81.375,0.7344326373995398,0.8317067288282687,,0.47977758963011113,0.0,0.0,0.0,
1.0,62.0,2022-04-30,teaching,1274716.1699999983,7615.16,1331.0,2.8388999999999993,,2.2270840103958224e-06,,14.046938775510203,74.46938775510205,0.19846598690292938,0.9956059184821104,,0.8199876605859884,0.0,0.0,0.0,
2.0,13.0,2019-12-16,teaching,1404.0,,,479.0197,,0.3411821225071225,,24.60826388888889,29.904166666666665,3.6467591740842247,1.0150538753846375e-293,,0.02607549814184705,1.0,0.0,0.0,
2.0,13.0,2019-12-17,teaching,1404.0,,,829.3509,,0.5907057692307692,,26.20791666666667,38.72222222222222,3.299047517049575,0.0,,0.03691831472530361,1.0,0.0,0.0,
2.0,13.0,2019-12-18,teaching,1404.0,,,634.5366,,0.4519491452991453,,28.595277777777774,34.4375,3.8097842323982523,0.0,,0.02215295833209256,1.0,0.0,0.0,
2.0,13.0,2019-12-19,teaching,1404.0,,,715.2969,,0.5094707264957266,,30.328958333333333,31.288194444444443,4.18581658954947,0.0,,0.015209780721466552,1.0,0.0,0.0,
2.0,13.0,2019-12-20,teaching,1404.0,,,564.9427000000001,,0.4023808404558405,,31.12847222222222,25.010416666666668,4.611864405773459,0.0,,0.009933281365899198,1.0,0.0,0.0,
2.0,13.0,2019-12-21,teaching,1404.0,,,779.7708,,0.5553923076923077,,28.97701388888889,31.386805555555554,4.017149085372553,0.0,,0.018004220337521134,0.0,0.0,0.0,
2.0,13.0,2019-12-22,teaching,1404.0,,,801.2907,,0.5707198717948718,,25.201874999999998,24.886111111111113,4.006114703263215,0.0,,0.018203985902182102,0.0,0.0,0.0,
2.0,13.0,2019-12-23,teaching,1404.0,,,907.8346,,0.6466058404558405,,25.192777777777778,30.85972222222222,3.6428265523228567,0.0,,0.026178245113346682,0.0,0.0,0.0,
2.0,13.0,2019-12-24,teaching,1404.0,,,917.9971,,0.6538440883190884,,26.969513888888887,32.34236111111111,3.7373910546349904,0.0,,0.02381615720121033,1.0,0.0,0.0,
2.0,13.0,2019-12-25,teaching,1404.0,,,916.5755,,0.6528315527065527,,26.070694444444445,40.58402777777778,3.1825944210938135,0.0,,0.0414779042563245,1.0,0.0,0.0,
2.0,13.0,2019-12-26,teaching,1404.0,,,625.9032,,0.4458,,28.29152777777778,32.91458333333333,3.8547545558998415,0.0,,0.021178800883958914,1.0,0.0,0.0,
2.0,13.0,2019-12-27,teaching,1404.0,,,470.7859,,0.3353175925925926,,30.39972222222222,29.556944444444444,4.284316253810563,1.1033466160084036e-288,,0.013783042402903371,1.0,0.0,0.0,
2.0,13.0,2019-12-28,teaching,1404.0,,,857.7878000000001,,0.6109599715099715,,30.39013888888889,30.008333333333333,4.259605488702262,0.0,,0.014127874917151043,0.0,0.0,0.0,
2.0,13.0,2019-12-29,teaching,1404.0,,,981.2062,,0.6988648148148148,,31.354444444444447,29.758333333333333,4.392227681173371,0.0,,0.012373135096289848,0.0,0.0,0.0,
2.0,13.0,2019-12-30,teaching,1404.0,,,760.9164,,0.5419632478632478,,32.65715277777778,23.556944444444444,4.872676634747722,0.0,,0.007652853954653485,0.0,0.0,0.0,
2.0,13.0,2019-12-31,teaching,1404.0,,,865.6103,,0.6165315527065528,,30.957013888888888,16.457638888888887,5.064075976795559,0.0,,0.006319747799287963,0.0,0.0,0.0,
2.0,13.0,2020-01-01,teaching,1404.0,,,850.682,,0.6058988603988604,,24.258194444444445,32.91736111111111,3.4322492501447885,0.0,,0.03231417630510624,1.0,0.0,0.0,
2.0,13.0,2020-01-02,teaching,1404.0,,,834.0579,,0.5940583333333334,,25.35513888888889,28.108333333333334,3.8232247052275823,0.0,,0.02185720408820965,0.0,0.0,0.0,
2.0,13.0,2020-01-03,teaching,1404.0,,,737.6304,,0.5253777777777778,,25.927986111111114,35.59652777777778,3.4413928077638065,0.0,,0.03202005647211517,0.0,0.0,0.0,
2.0,13.0,2020-01-04,teaching,1404.0,,,720.2562,,0.5130029914529914,,30.231736111111108,32.34930555555555,4.119297354131869,0.0,,0.01625593259389117,0.0,0.0,0.0,
2.0,13.0,2020-01-05,teaching,1404.0,,,497.9946,,0.35469700854700853,,20.674374999999998,43.986111111111114,2.4432125904382715,2.514475937021968e-305,,0.08688128864484071,0.0,0.0,0.0,
2.0,13.0,2020-01-06,teaching,1404.0,,,711.7488,,0.5069435897435897,,17.900416666666665,76.12361111111112,0.5317655396283104,0.0,,0.5875666811184733,0.0,0.0,0.0,
2.0,13.0,2020-01-07,teaching,1404.0,,,833.3293,,0.5935393874643875,,24.109375,62.30138888888889,1.9171604259546409,0.0,,0.14702385507395205,0.0,0.0,0.0,
2.0,13.0,2020-01-08,teaching,1404.0,,,830.1936000000001,,0.5913059829059829,,27.063750000000002,45.388888888888886,3.0627921499998205,0.0,,0.046756960342417796,0.0,0.0,0.0,
2.0,13.0,2020-01-09,teaching,1404.0,,,910.7869000000001,,0.6487086182336183,,28.153263888888887,39.013888888888886,3.5189863845375977,0.0,,0.029629452823666518,0.0,0.0,0.0,
2.0,13.0,2020-01-10,teaching,1404.0,,,636.4454000000001,,0.4533086894586895,,29.443402777777777,39.892361111111114,3.6440783157624526,0.0,,0.0261454966441454,0.0,0.0,0.0,
2.0,13.0,2020-01-11,teaching,1404.0,,,478.6864,,0.34094472934472936,,21.517083333333332,36.93680555555556,2.9542315371110823,1.6231281579984603e-293,,0.052118696475003966,0.0,0.0,0.0,
2.0,13.0,2020-01-12,teaching,1404.0,,,544.9198,,0.3881195156695157,,21.58798611111111,36.40347222222222,2.993478872682939,0.0,,0.05011279708434644,0.0,0.0,0.0,
2.0,13.0,2020-01-13,teaching,1404.0,,,737.6886,,0.5254192307692307,,24.443541666666665,36.300694444444446,3.247827454530278,0.0,,0.03885853813382719,0.0,0.0,0.0,
2.0,13.0,2020-01-14,teaching,1404.0,,,818.3603,,0.5828777065527065,,26.531319444444442,36.94305555555555,3.433137250663842,0.0,,0.032285494036593955,0.0,0.0,0.0,
2.0,13.0,2020-01-15,teaching,1404.0,,,816.1887,,0.581330982905983,,26.456111111111113,44.91597222222222,3.0062076738713324,0.0,,0.049478963780231394,0.0,0.0,0.0,
2.0,13.0,2020-01-16,teaching,1404.0,,,778.1678,,0.5542505698005699,,26.740347222222223,44.65208333333333,3.056074189116239,0.0,,0.047072129233852525,0.0,0.0,0.0,
2.0,13.0,2020-01-17,teaching,1404.0,,,936.3054,,0.666884188034188,,24.419097222222224,47.011805555555554,2.6445381699439614,0.0,,0.07103815371955889,0.0,0.0,0.0,
2.0,13.0,2020-01-18,teaching,1404.0,,,1046.8449,,0.7456160256410257,,26.100138888888885,43.390972222222224,3.0385087865690115,0.0,,0.047906274735969236,0.0,0.0,0.0,
2.0,13.0,2020-01-19,teaching,1404.0,,,1064.6947,,0.7583295584045584,,24.494305555555556,55.81041666666667,2.228674066358135,0.0,,0.10767110026342755,0.0,0.0,0.0,
2.0,13.0,2020-01-20,teaching,1404.0,,,1074.8192,,0.7655407407407406,,18.578611111111112,84.22152777777778,0.8835668719212673,0.0,,0.413306069579565,0.0,0.0,0.0,
2.0,13.0,2020-01-21,teaching,1404.0,,,1082.4577,,0.7709812678062677,,20.664722222222224,73.71597222222222,1.0492040768165332,0.0,,0.3502163835495383,0.0,0.0,0.0,
2.0,13.0,2020-01-22,teaching,1404.0,,,984.4294,,0.7011605413105413,,25.25625,51.017361111111114,2.552098710617122,0.0,,0.07791796701819625,0.0,0.0,0.0,
2.0,13.0,2020-01-23,teaching,1404.0,,,852.4976,,0.6071920227920228,,21.54798611111111,60.38194444444444,1.6084034079073022,0.0,,0.200207007962235,0.0,0.0,0.0,
2.0,13.0,2020-01-24,teaching,1404.0,,,845.7258,,0.6023688034188035,,19.31902777777778,43.91041666666667,2.352677212968158,0.0,,0.09511418013067391,0.0,0.0,0.0,
2.0,13.0,2020-01-25,teaching,1404.0,,,865.4115,,0.6163899572649573,,21.576319444444444,46.53819444444444,2.364052797273731,0.0,,0.0940383315605567,0.0,0.0,0.0,
2.0,13.0,2020-01-26,teaching,1404.0,,,1049.2641,,0.7473391025641026,,24.66,43.32013888888889,2.8710980336774594,0.0,,0.05663670341680247,0.0,0.0,0.0,
2.0,13.0,2020-01-27,teaching,1404.0,,,866.6877000000001,,0.6172989316239317,,26.635555555555552,39.06736111111111,3.3303145543773236,0.0,,0.03578184796035727,0.0,0.0,0.0,
2.0,13.0,2020-01-28,teaching,1404.0,,,968.886,,0.6900897435897436,,25.60534722222222,31.46388888888889,3.646830982038287,0.0,,0.026073625780900334,0.0,0.0,0.0,
2.0,13.0,2020-01-29,teaching,1404.0,,,831.8024,,0.5924518518518519,,26.840694444444445,29.945138888888888,3.8601609779227957,0.0,,0.02106460831320303,0.0,0.0,0.0,
2.0,13.0,2020-01-30,teaching,1404.0,,,762.2184,,0.5428905982905983,,29.080208333333335,33.363194444444446,3.9248580085952844,0.0,,0.019744940284264798,0.0,0.0,0.0,
2.0,13.0,2020-01-31,teaching,1404.0,,,819.9436,,0.5840054131054131,,33.52527777777778,29.781944444444445,4.673820732870299,0.0,,0.009336528909908649,0.0,0.0,0.0,
2.0,13.0,2020-02-01,teaching,1404.0,,,958.1154,,0.6824183760683761,,36.17277777777778,32.02916666666667,4.942299374264807,0.0,,0.007138166172071349,0.0,0.0,0.0,
2.0,13.0,2020-02-02,teaching,1404.0,,,857.8292,,0.6109894586894588,,25.19458333333333,51.10138888888889,2.539771320991212,0.0,,0.07888443694308624,0.0,0.0,0.0,
2.0,13.0,2020-02-03,teaching,1404.0,,,840.6015,,0.5987190170940171,,19.551458333333333,39.78819444444444,2.638004403931516,0.0,,0.07150382001461404,0.0,0.0,0.0,
2.0,13.0,2020-02-04,teaching,1404.0,,,912.4995,,0.6499284188034188,,19.717708333333334,29.22361111111111,3.351812280709131,0.0,,0.03502082898277538,0.0,0.0,0.0,
2.0,13.0,2020-02-05,teaching,1404.0,,,964.1285,,0.6867012108262108,,22.76201388888889,34.829166666666666,3.184803699263662,0.0,,0.041386369178375876,0.0,0.0,0.0,
2.0,13.0,2020-02-06,teaching,1404.0,,,1043.2493,,0.7430550569800569,,24.896736111111114,44.678472222222226,2.8252226547733943,0.0,,0.05929545294390068,0.0,0.0,0.0,
2.0,13.0,2020-02-07,teaching,1404.0,,,1006.8891,,0.7171574786324786,,22.750208333333333,64.14097222222222,1.6362833382979596,0.0,,0.19470234192526745,0.0,0.0,0.0,
2.0,13.0,2020-02-08,teaching,1404.0,,,952.4282000000001,,0.6783676638176639,,25.07472222222222,46.46319444444445,2.753216456209831,0.0,,0.06372257037202594,0.0,0.0,0.0,
2.0,13.0,2020-02-09,teaching,1404.0,,,945.9503,,0.6737537749287749,,22.532777777777778,52.145833333333336,2.1471327054821696,0.0,,0.11681863144860966,0.0,0.0,0.0,
2.0,13.0,2020-02-10,teaching,1404.0,,,1081.5379,,0.7703261396011396,,23.214305555555555,66.16388888888889,1.6494324878201474,0.0,,0.19215893021565142,0.0,0.0,0.0,
2.0,13.0,2020-02-11,teaching,1404.0,,,1162.9522,,0.8283135327635327,,23.571180555555557,78.32777777777778,1.5853384111038369,0.0,,0.2048784482420993,0.0,0.0,0.0,
2.0,13.0,2020-02-12,teaching,1404.0,,,852.6315,,0.6072873931623931,,26.419166666666666,60.75486111111111,2.3436512550176505,0.0,,0.09597656278109848,0.0,0.0,0.0,
2.0,13.0,2020-02-13,teaching,1404.0,,,779.2393,,0.5550137464387465,,27.499027777777776,54.51111111111111,2.7317057797940136,0.0,,0.06510813475148926,0.0,0.0,0.0,
2.0,13.0,2020-02-14,teaching,1404.0,,,1032.3233,,0.7352730056980057,,26.166041666666665,70.06111111111112,2.0900607906588076,0.0,,0.12367961702352098,0.0,0.0,0.0,
2.0,13.0,2020-02-15,teaching,1404.0,,,1054.2104,,0.7508621082621082,,26.05763888888889,64.0125,2.190046806785897,0.0,,0.11191151027663396,0.0,0.0,0.0,
2.0,13.0,2020-02-16,teaching,1404.0,,,1048.1558,,0.7465497150997151,,26.739097222222224,48.65138888888889,2.8654711947446647,0.0,,0.05695628730494188,0.0,0.0,0.0,
2.0,13.0,2020-02-17,teaching,1404.0,,,879.2481,,0.6262450854700855,,25.912222222222223,53.084722222222226,2.551155613228191,0.0,,0.07799148591173101,0.0,0.0,0.0,
2.0,13.0,2020-02-18,teaching,1404.0,,,811.235,,0.5778027065527066,,24.737569444444443,56.00833333333333,2.2554885342480184,0.0,,0.1048223219312824,0.0,0.0,0.0,
2.0,13.0,2020-02-19,teaching,1404.0,,,682.104,,0.4858290598290599,,18.57979166666667,55.58819444444445,1.5479498018126145,0.0,,0.2126835706152529,0.0,0.0,0.0,
2.0,13.0,2020-02-20,teaching,1404.0,,,781.6335,,0.5567190170940172,,18.93,45.66458333333333,2.213689922079266,0.0,,0.10929660756868524,0.0,0.0,0.0,
2.0,13.0,2020-02-21,teaching,1404.0,,,893.5579,,0.6364372507122508,,21.136805555555554,45.97083333333333,2.358396889788971,0.0,,0.09457171061330542,0.0,0.0,0.0,
2.0,13.0,2020-02-22,teaching,1404.0,,,966.3449,,0.6882798433048434,,22.882291666666667,44.800694444444446,2.59493349474923,0.0,,0.07465084058222393,0.0,0.0,0.0,
2.0,13.0,2020-02-23,teaching,1404.0,,,1122.7232,,0.7996603988603987,,24.025625,53.29375,2.2781820307335665,0.0,,0.10247032538754028,0.0,0.0,0.0,
2.0,13.0,2020-02-24,teaching,1404.0,,,1050.5599,,0.748262037037037,,26.091111111111108,45.62847222222222,2.923758853175836,0.0,,0.053731339025538026,0.0,0.0,0.0,
2.0,13.0,2020-02-25,teaching,1404.0,,,1109.7427,,0.7904150284900285,,26.88388888888889,42.91111111111111,3.1612832485086693,0.0,,0.04237133322840441,0.0,0.0,0.0,
2.0,13.0,2020-02-26,teaching,1404.0,,,735.8719,,0.5241252849002849,,23.128819444444446,43.65,2.686766043040799,0.0,,0.0681008187566397,0.0,0.0,0.0,
2.0,13.0,2020-02-27,teaching,1404.0,,,487.4893,,0.3472146011396012,,17.415277777777778,37.84236111111111,2.674624333411595,6.699441556278151e-299,,0.06893271925066369,0.0,0.0,0.0,
2.0,13.0,2020-02-28,teaching,1404.0,,,505.0241,,0.3597037749287749,,19.515694444444442,45.34305555555556,2.271928680290416,1.261355482841335e-309,,0.10311311594486068,0.0,0.0,0.0,
2.0,13.0,2020-02-29,teaching,1404.0,,,404.8787,,0.28837514245014245,,20.71388888888889,52.389583333333334,1.9339622899873494,2.2646639272114805e-248,,0.14457421712133903,0.0,0.0,0.0,
2.0,13.0,2020-03-01,teaching,1404.0,,,389.4264,,0.27736923076923076,,22.9875,44.08125,2.647344425710844,6.403816948796565e-239,,0.07083908194481467,0.0,0.0,0.0,
2.0,13.0,2020-03-02,teaching,1404.0,,,372.9589,,0.2656402421652422,,22.261180555555555,44.27777777777778,2.5639380505664335,7.565253609818315e-229,,0.07700090911064224,0.0,0.0,0.0,
2.0,13.0,2020-03-03,teaching,1404.0,,,872.2962,,0.6212935897435897,,19.657777777777778,49.75833333333333,1.9998038144370576,0.0,,0.1353618366699554,0.0,0.0,0.0,
2.0,13.0,2020-03-04,teaching,1404.0,,,330.323,,0.235272792022792,,19.175694444444446,88.90208333333334,1.1954822968405263,9.060885627124856e-203,,0.30255799622178686,0.0,0.0,0.0,
2.0,13.0,2020-03-05,teaching,1404.0,,,933.7626,,0.6650730769230769,,19.85236111111111,97.80972222222222,1.7774379925027015,0.0,,0.16907075339967248,0.0,0.0,0.0,
2.0,13.0,2020-03-06,teaching,1404.0,,,377.306,,0.2687364672364672,,21.143402777777776,74.57083333333334,1.1308310639194046,1.6592418399606004e-231,,0.32276490666141966,0.0,0.0,0.0,
2.0,13.0,2020-03-07,teaching,1404.0,,,901.586,,0.6421552706552707,,20.43583333333333,64.73541666666667,1.2572677842565374,0.0,,0.2844300902006239,0.0,0.0,0.0,
2.0,13.0,2020-03-08,teaching,1404.0,,,747.1543,,0.5321611823361824,,19.674166666666665,61.334722222222226,1.3187267036827086,0.0,,0.2674756610050327,0.0,0.0,0.0,
2.0,13.0,2020-03-09,teaching,1404.0,,,388.1021,,0.27642599715099714,,19.681041666666665,54.802083333333336,1.6910811503818581,4.134757816052685e-238,,0.18432013844146813,0.0,0.0,0.0,
2.0,13.0,2020-03-10,teaching,1404.0,,,821.6385,,0.5852126068376069,,19.555069444444445,62.37777777777778,1.2496595029835968,0.0,,0.2866023674990192,0.0,0.0,0.0,
2.0,13.0,2020-03-11,teaching,1404.0,,,403.6315,,0.28748682336182335,,20.721527777777776,59.58819444444445,1.5379797387821683,1.3117665015428015e-247,,0.21481464504024358,0.0,0.0,0.0,
2.0,13.0,2020-03-12,teaching,1404.0,,,603.3908,,0.42976552706552706,,20.675694444444446,58.672222222222224,1.5795985121098495,0.0,,0.20605781131553036,0.0,0.0,0.0,
2.0,13.0,2020-03-13,teaching,1404.0,,,374.1771,,0.26650790598290597,,20.64534722222222,66.06666666666666,1.2352803452524743,1.3605316055776266e-229,,0.29075323965075456,0.0,0.0,0.0,
2.0,13.0,2020-03-14,teaching,1404.0,,,718.8369,,0.511992094017094,,16.672430555555554,49.825,1.8290033944415836,0.0,,0.16057351651812735,0.0,0.0,0.0,
2.0,13.0,2020-03-15,teaching,1404.0,,,754.9204,,0.5376925925925926,,16.213402777777777,47.00625,2.01181981857148,0.0,,0.13374506132355166,0.0,0.0,0.0,
2.0,13.0,2020-03-16,teaching,1404.0,,,538.5778,,0.38360242165242164,,17.485972222222223,56.55486111111111,1.410051079219388,0.0,,0.24413081282360483,0.0,0.0,0.0,
2.0,13.0,2020-03-17,teaching,1404.0,,,377.20640000000003,,0.2686655270655271,,18.897569444444443,59.635416666666664,1.3286918235666416,1.9091069627832525e-231,,0.2648234706222808,0.0,0.0,0.0,
2.0,13.0,2020-03-18,teaching,1404.0,,,1085.0927,,0.7728580484330484,,20.280555555555555,58.72291666666667,1.5298631134708327,0.0,,0.21656531016075364,0.0,0.0,0.0,
2.0,13.0,2020-03-19,teaching,1404.0,,,1008.6927000000001,,0.718442094017094,,21.58453731238026,61.49918898905723,1.563015064498733,0.0,,0.20950345156632624,0.0,0.0,0.0,
2.0,13.0,2020-03-20,teaching,1404.0,,,920.8593,,0.6558826923076922,,22.123472222222222,44.55277777777778,2.534421857345804,0.0,,0.07930755709460895,0.0,0.0,0.0,
2.0,13.0,2020-03-21,teaching,1404.0,,,879.5515,,0.6264611823361823,,18.746388888888887,58.56527777777778,1.378022087444683,0.0,,0.2520766458681276,0.0,0.0,0.0,
2.0,13.0,2020-03-22,teaching,1404.0,,,824.862,,0.5875085470085469,,17.836666666666666,55.925,1.4731400674886672,0.0,,0.2292046359957265,0.0,0.0,0.0,
2.0,13.0,2020-03-23,teaching,1404.0,,,811.7177,,0.57814650997151,,17.155,50.68125,1.787681575010529,0.0,,0.16734770335695273,0.0,0.0,0.0,
2.0,13.0,2020-03-24,teaching,1404.0,,,417.1855,,0.29714066951566953,,16.769722222222224,64.21319444444444,0.8639723971114873,6.722347963467797e-256,,0.42148444880360064,0.0,0.0,0.0,
2.0,13.0,2020-03-25,teaching,1404.0,,,925.4485,,0.6591513532763532,,19.629444444444445,58.68194444444445,1.4592081603427252,0.0,,0.23242024144840692,0.0,0.0,0.0,
2.0,13.0,2020-03-26,teaching,1404.0,,,902.0068,,0.6424549857549857,,18.586111111111112,47.71527777777778,2.058090395592052,0.0,,0.12769758909165685,0.0,0.0,0.0,
2.0,13.0,2020-03-27,teaching,1404.0,,,905.0256,,0.6446051282051283,,18.84388888888889,54.359722222222224,1.6460623892741029,0.0,,0.1928076172025578,0.0,0.0,0.0,
2.0,13.0,2020-03-28,teaching,1404.0,,,822.2382,,0.5856397435897436,,18.05111111111111,60.00138888888889,1.2290496310868733,0.0,,0.2925704955015356,0.0,0.0,0.0,
2.0,13.0,2020-03-29,teaching,1404.0,,,1036.7427,,0.7384207264957265,,17.274444444444445,80.01944444444445,0.5123791616866622,0.0,,0.5990686009168207,0.0,0.0,0.0,
2.0,13.0,2020-03-30,teaching,1404.0,,,903.8157,,0.6437433760683761,,20.244583333333335,78.6451388888889,0.9838582680279823,0.0,,0.3738658379330247,0.0,0.0,0.0,
2.0,13.0,2020-03-31,teaching,1404.0,,,798.1048000000001,,0.5684507122507123,,16.584027777777777,73.96805555555555,0.3134272045335804,0.0,,0.7309375860094635,0.0,0.0,0.0,
2.0,13.0,2020-04-01,teaching,1404.0,,,967.4624,,0.6890757834757835,,17.196180555555557,72.78680555555556,0.4503807951870316,0.0,,0.6373853921142794,0.0,0.0,0.0,
2.0,13.0,2020-04-02,teaching,1404.0,,,854.6061,,0.6086938034188034,,18.096666666666668,84.13680555555555,0.8156204645248696,0.0,,0.4423647705466012,0.0,0.0,0.0,
2.0,13.0,2020-04-03,teaching,1404.0,,,823.105,,0.5862571225071225,,16.89076388888889,79.99027777777778,0.45560400579907756,0.0,,0.6340648734036846,0.0,0.0,0.0,
2.0,13.0,2020-04-04,teaching,1404.0,,,388.4255,,0.276656339031339,,14.595347222222221,81.16666666666667,0.38712092837294537,2.622054512887194e-238,,0.679008978510648,0.0,0.0,0.0,
2.0,13.0,2020-04-05,teaching,1404.0,,,430.9892,,0.30697236467236466,,12.955208333333333,76.19513888888889,0.38073620901704913,2.4235716128318726e-264,,0.683358129558723,0.0,0.0,0.0,
2.0,13.0,2020-04-06,teaching,1404.0,,,491.4959,,0.35006830484330487,,14.196805555555557,74.175,0.18520909529027077,2.3735173838946207e-301,,0.8309305220276709,0.0,0.0,0.0,
2.0,13.0,2020-04-07,teaching,1404.0,,,29.4263,,0.020958903133903136,,13.188819444444446,78.75416666666666,0.3971641217619033,1.003079445810996e-18,,0.6722236900422663,0.0,0.0,0.0,
2.0,13.0,2020-04-08,teaching,1404.0,,,59.700900000000004,,0.04252200854700855,,16.172430555555554,72.08472222222223,0.33081732570326217,3.0465337907585697e-37,,0.7183363786486848,0.0,0.0,0.0,
2.0,13.0,2020-04-12,teaching,1404.0,,,188.2044,,0.13404871794871795,,11.14423611111111,76.69097222222223,0.7158620360038221,7.661998737155913e-116,,0.4887705922917747,0.0,0.0,0.0,
2.0,13.0,2020-04-13,teaching,1404.0,,,570.9136,,0.4066336182336182,,12.126527777777778,84.55694444444444,0.8133825862637409,0.0,,0.443355837580168,0.0,0.0,0.0,
2.0,13.0,2020-04-14,teaching,1404.0,,,813.6516,,0.5795239316239317,,14.161874999999998,78.07152777777777,0.22697825128919172,0.0,,0.7969381144782465,0.0,0.0,0.0,
2.0,13.0,2020-04-15,teaching,1404.0,,,890.2,,0.6340455840455841,,17.200694444444444,74.45972222222223,0.41168386083300745,0.0,,0.6625336957981801,0.0,0.0,0.0,
2.0,13.0,2020-04-16,teaching,1404.0,,,780.8052,,0.5561290598290598,,18.744375,71.16944444444445,0.7560129344090738,0.0,,0.4695347658487869,0.0,0.0,0.0,
2.0,13.0,2020-04-17,teaching,1404.0,,,519.8182,,0.3702408831908832,,13.250972222222224,72.53055555555555,0.3935359010420934,1.127176e-318,,0.6746670958902744,0.0,0.0,0.0,
2.0,13.0,2020-04-18,teaching,1404.0,,,508.2498,,0.36200128205128207,,12.088333333333335,76.20208333333333,0.539915906189442,1.3422413386684e-311,,0.5827972599557161,0.0,0.0,0.0,
2.0,13.0,2020-04-19,teaching,1404.0,,,177.2566,,0.1262511396011396,,10.952569444444444,79.1361111111111,0.7848663837441818,3.807056714992042e-109,,0.4561806508641999,0.0,0.0,0.0,
2.0,13.0,2020-04-20,teaching,1404.0,,,551.4338,,0.39275911680911685,,14.17625,75.39097222222222,0.1562169316335606,0.0,,0.8553736126478106,0.0,0.0,0.0,
2.0,13.0,2020-04-21,teaching,1404.0,,,285.7117,,0.20349836182336184,,13.393333333333334,81.85347222222222,0.5211887204718288,1.7529753078558187e-175,,0.5938142491030306,0.0,0.0,0.0,
2.0,13.0,2020-04-22,teaching,1404.0,,,530.3342,,0.37773091168091166,,13.374236111111113,74.67222222222222,0.3108495878853295,0.0,,0.7328240932016536,0.0,0.0,0.0,
2.0,13.0,2020-04-23,teaching,1404.0,,,559.1499,,0.3982549145299145,,12.39173611111111,81.27083333333333,0.6186602173377247,0.0,,0.5386656492509855,0.0,0.0,0.0,
2.0,13.0,2020-04-24,teaching,1404.0,,,227.1381,,0.1617792735042735,,14.103750000000002,92.83194444444445,1.2034718382707457,1.17612677976478e-139,,0.30015032746789244,0.0,0.0,0.0,
2.0,13.0,2020-04-25,teaching,1404.0,,,653.9867,,0.4658024928774929,,13.783888888888889,91.23263888888889,1.1038670370171029,0.0,,0.33158634456338754,0.0,0.0,0.0,
2.0,13.0,2020-04-26,teaching,1404.0,,,514.4982,,0.3664517094017094,,14.181111111111111,94.48402777777778,1.315761018247899,2.02293651e-315,,0.2682700871037291,0.0,0.0,0.0,
2.0,13.0,2020-04-27,teaching,1404.0,,,454.5812,,0.3237757834757835,,10.272916666666667,86.4875,1.1508788449274092,9.002317374525749e-279,,0.3163586170047578,0.0,0.0,0.0,
2.0,13.0,2020-04-28,teaching,1404.0,,,775.3876,,0.5522703703703704,,13.153611111111111,87.0736111111111,0.8617846355765821,0.0,,0.42240756567985804,0.0,0.0,0.0,
2.0,13.0,2020-04-29,teaching,1404.0,,,422.5715,,0.30097685185185186,,16.279791666666668,95.74722222222222,1.4140111372628177,3.4131988637077745e-259,,0.24316595234729502,0.0,0.0,0.0,
2.0,13.0,2020-04-30,teaching,1404.0,,,118.1645,,0.08416274928774929,,11.171111111111111,83.97361111111111,0.9117264686445852,5.3016299950225613e-73,,0.4018298781378341,0.0,0.0,0.0,
2.0,13.0,2020-05-01,teaching,1404.0,,,151.7349,,0.1080732905982906,,8.546666666666667,88.26666666666667,1.4770030897396023,1.5523740205073735e-93,,0.22832092139041757,0.0,0.0,0.0,
2.0,13.0,2020-05-02,teaching,1404.0,,,397.5451,,0.28315178062678065,,9.841944444444444,82.98333333333333,1.0783807561189802,6.928148973368074e-244,,0.3401458590636262,0.0,0.0,0.0,
2.0,13.0,2020-05-03,teaching,1404.0,,,419.4885,,0.2987809829059829,,9.635208333333335,78.62777777777778,1.0109333801094316,2.6235279504243532e-257,,0.3638791834246653,0.0,0.0,0.0,
2.0,13.0,2020-05-04,teaching,1404.0,,,419.6029,,0.2988624643874644,,8.495833333333334,85.72569444444444,1.387797984836044,2.23312313065876e-257,,0.24962437653990321,0.0,0.0,0.0,
2.0,13.0,2020-05-05,teaching,1404.0,,,307.4384,,0.21897321937321937,,9.963541666666666,85.46666666666667,1.1513645310449971,9.007190215580098e-189,,0.31620500332333523,0.0,0.0,0.0,
2.0,13.0,2020-05-06,teaching,1404.0,,,211.5849,,0.15070149572649574,,10.37326388888889,91.25486111111111,1.37868233879868,3.8335841838359466e-130,,0.25191026685341117,0.0,0.0,0.0,
2.0,13.0,2020-05-07,teaching,1404.0,,,112.77,,0.08032051282051282,,14.488680555555556,79.81875,0.3014726779667307,1.0567392919920051e-69,,0.7397280369525768,0.0,0.0,0.0,
2.0,13.0,2020-05-08,teaching,1404.0,,,112.87389999999999,,0.08039451566951566,,15.107986111111112,75.46319444444444,0.024674559393443558,9.128873304112569e-70,,0.975627369131598,0.0,0.0,0.0,
2.0,13.0,2020-05-09,teaching,1404.0,,,112.27669999999999,,0.07996915954415953,,10.575972222222221,88.14722222222223,1.1903502565263275,2.116878564734853e-69,,0.3041147272422153,0.0,0.0,0.0,
2.0,13.0,2020-05-10,teaching,1404.0,,,112.594,,0.08019515669515669,,7.768263888888888,80.09861111111111,1.368518176617117,1.353999999338419e-69,,0.25448378030917096,0.0,0.0,0.0,
2.0,13.0,2020-05-11,teaching,1404.0,,,113.1425,,0.0805858262108262,,8.625347222222222,85.11875,1.3461812979971,6.253560654806879e-70,,0.26023211454037143,0.0,0.0,0.0,
2.0,13.0,2020-05-12,teaching,1404.0,,,113.404,,0.08077207977207977,,7.843541666666667,92.87291666666667,1.7804639414651393,4.326934139299653e-70,,0.1685599271856463,0.0,0.0,0.0,
2.0,13.0,2020-05-13,teaching,1404.0,,,112.55839999999999,,0.08016980056980057,,9.825555555555555,86.93680555555555,1.234100417177618,1.4236180531611045e-69,,0.2910965100384318,0.0,0.0,0.0,
2.0,13.0,2020-05-14,teaching,1404.0,,,113.4174,,0.08078162393162393,,9.13826388888889,83.07638888888889,1.197086600603448,4.246040611836762e-70,,0.30207299044227004,0.0,0.0,0.0,
2.0,13.0,2020-05-15,teaching,1404.0,,,113.3394,,0.08072606837606837,,8.325555555555555,83.98819444444445,1.3594902706177152,4.739068920292645e-70,,0.2567916378418356,0.0,0.0,0.0,
2.0,13.0,2020-05-16,teaching,1404.0,,,113.1532,,0.08059344729344729,,8.999722222222223,86.69722222222222,1.3456623605115714,6.160028006791816e-70,,0.26036719378535533,0.0,0.0,0.0,
2.0,13.0,2020-05-17,teaching,1404.0,,,112.41319999999999,,0.08006638176638176,,9.573611111111111,85.96111111111111,1.2297290586851874,1.7466480510660554e-69,,0.2923717825456168,0.0,0.0,0.0,
2.0,13.0,2020-05-18,teaching,1404.0,,,412.7143,,0.29395605413105413,,9.778194444444445,84.47847222222222,1.1408662809279029,3.650403251826857e-253,,0.3195420886655958,0.0,0.0,0.0,
2.0,13.0,2020-05-19,teaching,1404.0,,,701.6682,,0.4997636752136752,,11.5075,86.325,0.9810706069739338,0.0,,0.3749095031854938,0.0,0.0,0.0,
2.0,13.0,2020-05-20,teaching,1404.0,,,408.81080000000003,,0.2911757834757835,,12.538958333333332,81.13680555555555,0.5917475349957009,8.910984215434118e-251,,0.5533594243366304,0.0,0.0,0.0,
2.0,13.0,2020-05-21,teaching,1404.0,,,347.4085,,0.24744195156695156,,7.717430555555556,97.18333333333334,2.0097725361960412,3.212069491207588e-213,,0.13401915570896777,0.0,0.0,0.0,
2.0,13.0,2020-05-22,teaching,1404.0,,,391.9704,,0.27918119658119656,,7.968680555555555,85.48055555555555,1.4645231095148858,1.7798991955191343e-240,,0.23118821665336486,0.0,0.0,0.0,
2.0,13.0,2020-05-23,teaching,1404.0,,,352.7237,,0.25122770655270654,,8.137708333333332,89.66319444444444,1.5955938763955688,1.801899315515189e-216,,0.2027880616917451,0.0,0.0,0.0,
2.0,13.0,2020-05-24,teaching,1404.0,,,374.4747,,0.2667198717948718,,7.2120138888888885,81.68402777777777,1.495348247207024,8.947071429034977e-230,,0.22417052437668056,0.0,0.0,0.0,
2.0,13.0,2020-05-25,teaching,1404.0,,,425.9167,,0.3033594729344729,,8.771666666666667,77.2611111111111,1.1544061478644094,3.069461927990393e-261,,0.31524469005968797,0.0,0.0,0.0,
2.0,13.0,2020-05-26,teaching,1404.0,,,458.7989,,0.32677984330484333,,10.117777777777778,80.03611111111111,0.9503956939858621,2.3691269282464826e-281,,0.38658802263018344,0.0,0.0,0.0,
2.0,13.0,2020-05-27,teaching,1404.0,,,427.3497,,0.3043801282051282,,10.889722222222222,92.51944444444445,1.3948572662638483,4.0791011640254286e-262,,0.24786841302711263,0.0,0.0,0.0,
2.0,13.0,2020-05-31,teaching,1404.0,,,85.042,,0.060571225071225074,,12.408125,78.15555555555555,0.5090882283207594,9.635258910222107e-53,,0.6010433433546869,0.0,0.0,0.0,
2.0,13.0,2020-06-01,teaching,1404.0,,,348.2582,,0.248047150997151,,8.690902777777778,93.69236111111111,1.7094168542160404,9.70652899015484e-214,,0.18097129450004865,0.0,0.0,0.0,
2.0,13.0,2020-06-02,teaching,1404.0,,,534.5742,,0.38075085470085474,,8.780972222222223,90.84097222222222,1.5575995860597127,0.0,,0.21064109064079128,0.0,0.0,0.0,
2.0,13.0,2020-06-03,teaching,1404.0,,,394.8046,,0.28119985754985755,,10.348958333333334,82.19930555555555,0.9703521777339666,3.2873837267438054e-242,,0.37894955700396954,0.0,0.0,0.0,
2.0,13.0,2020-06-04,teaching,1404.0,,,348.3989,,0.2481473646723647,,6.190416666666668,82.63958333333333,1.6945293988246992,7.961675532707602e-214,,0.1836856513743166,0.0,0.0,0.0,
2.0,13.0,2020-06-05,teaching,1404.0,,,336.581,,0.239730056980057,,4.682430555555555,90.43888888888888,2.1607703198069954,1.347256938466299e-206,,0.11523631802083556,0.0,0.0,0.0,
2.0,13.0,2020-06-06,teaching,1404.0,,,321.8326,,0.2292254985754986,,4.799861111111111,93.93611111111112,2.268433014376925,1.413655240696287e-197,,0.10347419568888977,0.0,0.0,0.0,
2.0,13.0,2020-06-07,teaching,1404.0,,,323.1795,,0.23018482905982907,,5.271597222222223,90.68611111111112,2.0745334729817393,2.1208453313512958e-198,,0.12561501662458283,0.0,0.0,0.0,
2.0,13.0,2020-06-08,teaching,1404.0,,,345.7172,,0.24623732193732192,,5.197013888888889,85.42222222222222,1.9295987332564757,3.477542941725452e-212,,0.1452064533156394,0.0,0.0,0.0,
2.0,13.0,2020-06-09,teaching,1404.0,,,372.2797,,0.26515648148148147,,5.725555555555555,89.41527777777777,1.9581200687710554,1.9690545475093568e-228,,0.14112347412823378,0.0,0.0,0.0,
2.0,13.0,2020-06-10,teaching,1404.0,,,196.7475,,0.14013354700854702,,7.366388888888889,92.66111111111111,1.837028132582432,4.559688136104652e-121,,0.15929011247361888,0.0,0.0,0.0,
2.0,13.0,2020-06-11,teaching,1404.0,,,179.6861,,0.1279815527065527,,7.822152777777777,94.74375,1.873156569653271,1.2433117410422326e-110,,0.1536379267729608,0.0,0.0,0.0,
2.0,13.0,2020-06-12,teaching,1404.0,,,165.8267,,0.11811018518518518,,7.686458333333333,91.8861111111111,1.75720678376997,3.730046113192761e-102,,0.1725260941062109,0.0,0.0,0.0,
2.0,13.0,2020-06-13,teaching,1404.0,,,209.68019999999999,,0.1493448717948718,,9.327430555555555,93.82708333333333,1.6390752396646362,5.605562237465831e-129,,0.19415951030951745,0.0,0.0,0.0,
2.0,13.0,2020-06-14,teaching,1404.0,,,128.0801,,0.09122514245014245,,11.01548611111111,86.05486111111111,1.02968298835914,4.5657241501412025e-79,,0.35712015387236523,0.0,0.0,0.0,
2.0,13.0,2020-06-15,teaching,1404.0,,,148.2481,,0.10558981481481482,,10.44125,98.72361111111111,1.8098434399331085,2.1071996039598286e-91,,0.16367976051108138,0.0,0.0,0.0,
2.0,13.0,2020-06-17,teaching,1404.0,,,14.0822,,0.01003005698005698,,9.643194444444445,93.89236111111111,1.6061458100233676,2.435508766155456e-09,,0.2006595054662744,0.0,0.0,0.0,
2.0,13.0,2020-06-18,teaching,1404.0,,,4.6151,,0.003287108262108262,,9.006388888888889,91.10277777777777,1.539910308520229,0.0015037075394339777,,0.21440033044752663,0.0,0.0,0.0,
2.0,13.0,2020-06-19,teaching,1404.0,,,230.2629,,0.16400491452991453,,8.257569444444444,96.26388888888889,1.895939577903698,1.442656605860559e-141,,0.1501771655905062,0.0,0.0,0.0,
2.0,13.0,2020-06-20,teaching,1404.0,,,148.1602,,0.10552720797720798,,11.722083333333332,97.35416666666667,1.6240585567114405,2.384898579659698e-91,,0.1970971436695764,0.0,0.0,0.0,
2.0,13.0,2020-06-22,teaching,1404.0,,,32.7966,,0.02335940170940171,,8.069930555555556,96.46319444444444,1.929152638923708,8.707300177923401e-21,,0.1452712435417467,0.0,0.0,0.0,
2.0,13.0,2020-06-24,teaching,1404.0,,,91.44659999999999,,0.06513290598290597,,8.845069444444444,96.10972222222222,1.8184047346644716,1.1653998005963368e-56,,0.16228443127484,0.0,0.0,0.0,
2.0,13.0,2020-06-25,teaching,1404.0,,,169.2814,,0.12057079772079772,,9.215277777777779,96.39930555555556,1.7927917150731423,2.875007158737791e-104,,0.1664947144562312,0.0,0.0,0.0,
2.0,13.0,2020-06-26,teaching,1404.0,,,164.73239999999998,,0.11733076923076922,,7.7496527777777775,93.48194444444445,1.821844762728698,1.7419887053416832e-101,,0.16172712739694245,0.0,0.0,0.0,
2.0,13.0,2020-06-27,teaching,1404.0,,,150.7001,,0.10733625356125355,,6.2491666666666665,88.20277777777778,1.8330061106715927,6.667057288985132e-93,,0.15993207091623377,0.0,0.0,0.0,
2.0,13.0,2020-06-28,teaching,1404.0,,,150.33679999999998,,0.10707749287749287,,5.839097222222222,88.12291666666667,1.8972617007443544,1.1121093059749186e-92,,0.14997874412741172,0.0,0.0,0.0,
2.0,13.0,2020-06-29,teaching,1404.0,,,157.8941,,0.11246018518518519,,5.953680555555555,89.09791666666666,1.9106797663192456,2.652817633981454e-97,,0.14797976074102212,0.0,0.0,0.0,
2.0,13.0,2020-06-30,teaching,1404.0,,,171.3381,,0.12203568376068376,,8.035,88.24236111111111,1.5529898770955997,1.5872802172645512e-105,,0.21161432620749665,0.0,0.0,0.0,
2.0,13.0,2020-07-01,teaching,1404.0,,,256.4106,,0.18262863247863248,,11.296388888888888,84.60625,0.9228896674090031,1.4650808674152085e-157,,0.397369115850534,0.0,0.0,0.0,
2.0,13.0,2020-07-02,teaching,1404.0,,,158.3118,,0.11275769230769231,,10.506874999999999,80.51458333333333,0.8946323629387491,1.4730592705327456e-97,,0.4087578455540921,0.0,0.0,0.0,
2.0,13.0,2020-07-03,teaching,1404.0,,,52.617,,0.03747649572649572,,7.731736111111112,92.15138888888889,1.762752108840617,6.556768801336073e-33,,0.1715720285778115,0.0,0.0,0.0,
2.0,13.0,2020-07-04,teaching,1404.0,,,74.5514,,0.05309928774928775,,6.730763888888888,90.70625,1.8480173642486015,2.5145670416875468e-46,,0.15754921958277407,0.0,0.0,0.0,
2.0,13.0,2020-07-05,teaching,1404.0,,,186.0045,,0.1324818376068376,,9.173194444444444,90.34236111111112,1.481105485606479,1.6979152741392695e-114,,0.22738617724239993,0.0,0.0,0.0,
2.0,13.0,2020-07-06,teaching,1404.0,,,122.44,,0.08720797720797721,,5.56375,96.91388888888889,2.2816349944204757,1.2861449589815415e-75,,0.10211710924719283,0.0,0.0,0.0,
2.0,13.0,2020-07-07,teaching,1404.0,,,88.7829,,0.06323568376068375,,6.154513888888889,98.87152777777777,2.293534046159657,4.962873718933458e-55,,0.10090921314180698,0.0,0.0,0.0,
2.0,13.0,2020-07-08,teaching,1404.0,,,46.749399999999994,,0.033297293447293444,,7.528402777777777,91.75763888888889,1.7739968376780608,2.544608795578488e-29,,0.1696535542172569,0.0,0.0,0.0,
2.0,13.0,2020-07-09,teaching,1404.0,,,128.3992,,0.09145242165242166,,7.070625000000001,92.94444444444444,1.8915368582674887,2.9129391571921786e-79,,0.15083981119738452,0.0,0.0,0.0,
2.0,13.0,2020-07-11,teaching,1404.0,,,114.1749,,0.08132115384615385,,8.824791666666668,98.98819444444445,1.981056059100018,1.4610245420377702e-70,,0.1379235050009083,0.0,0.0,0.0,
2.0,13.0,2020-07-12,teaching,1404.0,,,69.8441,,0.04974650997150997,,8.383333333333333,99.09583333333333,2.0348855523118785,1.904119434280856e-43,,0.13069543943900724,0.0,0.0,0.0,
2.0,13.0,2020-07-13,teaching,1404.0,,,172.0091,,0.12251360398860398,,9.163263888888888,95.59930555555556,1.7542156480319218,6.169285896133667e-106,,0.17304291562837157,0.0,0.0,0.0,
2.0,13.0,2020-07-14,teaching,1404.0,,,179.2428,,0.12766581196581195,,8.346666666666668,82.64097222222222,1.3188674416755926,2.3212691969837595e-110,,0.2674380196662029,0.0,0.0,0.0,
2.0,13.0,2020-07-15,teaching,1404.0,,,179.0022,,0.12749444444444444,,6.981458333333332,85.80555555555556,1.637260195390052,3.257534745091717e-110,,0.19451223842880228,0.0,0.0,0.0,
2.0,13.0,2020-07-16,teaching,1404.0,,,175.482,,0.12498717948717948,,6.311875000000001,86.60833333333333,1.7725851833747728,4.6347632430539896e-108,,0.16989321550678202,0.0,0.0,0.0,
2.0,13.0,2020-07-17,teaching,1404.0,,,177.2484,,0.12624529914529914,,5.999513888888888,84.72291666666666,1.774183498803101,3.8512782387568633e-109,,0.1696218894493422,0.0,0.0,0.0,
2.0,13.0,2020-07-18,teaching,1404.0,,,144.5309,,0.10294223646723646,,6.088888888888889,92.19305555555556,2.0040921377093315,3.956759743536149e-89,,0.134782604211262,0.0,0.0,0.0,
2.0,13.0,2020-07-19,teaching,1404.0,,,217.6779,,0.1550412393162393,,9.989652777777778,79.80208333333333,0.9678873955423934,7.191300186538555e-134,,0.3798847371578254,0.0,0.0,0.0,
2.0,13.0,2020-07-20,teaching,1404.0,,,141.73499999999999,,0.10095085470085469,,7.703680555555555,85.31388888888888,1.5027054054634776,2.0298240899769715e-87,,0.2225273184274346,0.0,0.0,0.0,
2.0,13.0,2020-07-21,teaching,1404.0,,,177.7473,,0.12660064102564103,,6.338055555555555,89.54930555555555,1.8652623674566022,1.9074429313287637e-109,,0.15485557549108658,0.0,0.0,0.0,
2.0,13.0,2020-07-22,teaching,1404.0,,,127.0066,,0.09046054131054132,,6.390416666666667,94.4625,2.055397457207344,2.0707059653485573e-78,,0.1280419342730378,0.0,0.0,0.0,
2.0,13.0,2020-07-23,teaching,1404.0,,,18.688499999999998,,0.013310897435897435,,6.3609027777777785,91.98472222222222,1.9548016568512614,3.707964902692328e-12,,0.14159255782294877,0.0,0.0,0.0,
2.0,13.0,2020-07-25,teaching,1404.0,,,32.1024,,0.022864957264957266,,7.066597222222222,83.94791666666667,1.571468582843504,2.314688518145542e-20,,0.20773987501097477,0.0,0.0,0.0,
2.0,13.0,2020-07-26,teaching,1404.0,,,57.1758,,0.040723504273504275,,11.236180555555556,86.06180555555555,1.0013807846349274,1.0673067919189635e-35,,0.3673718294234678,0.0,0.0,0.0,
2.0,13.0,2020-07-27,teaching,1404.0,,,49.1145,,0.03498183760683761,,11.207152777777777,95.62847222222223,1.5536386045547517,9.09917717725145e-31,,0.2114770907023691,0.0,0.0,0.0,
2.0,13.0,2020-07-28,teaching,1404.0,,,51.4611,,0.03665320512820513,,10.788472222222222,81.36319444444445,0.8717598179680807,3.3396333330626486e-32,,0.4182149191410759,0.0,0.0,0.0,
2.0,13.0,2020-07-29,teaching,1404.0,,,27.7001,,0.019729415954415953,,8.82201388888889,85.88402777777777,1.3419949330604644,1.1406950748078011e-17,,0.2613238246942138,0.0,0.0,0.0,
2.0,13.0,2020-07-30,teaching,1404.0,,,28.352999999999998,,0.020194444444444442,,6.971875,90.80208333333333,1.8154155892703963,4.548013724266645e-18,,0.1627702487629376,0.0,0.0,0.0,
2.0,13.0,2020-07-31,teaching,1404.0,,,70.3169,,0.05008326210826211,,6.706736111111112,86.27569444444444,1.6970057099546074,9.783741481257007e-44,,0.18323135127775841,0.0,0.0,0.0,
2.0,13.0,2020-08-01,teaching,1404.0,,,185.5831,,0.13218169515669514,,6.851319444444444,91.16388888888889,1.8481103975944326,3.073734154422958e-114,,0.15753456293353235,0.0,0.0,0.0,
2.0,13.0,2020-08-02,teaching,1404.0,,,133.1381,,0.09482770655270656,,7.109305555555555,90.13194444444444,1.7679348319303236,3.679359584449139e-82,,0.17068511855352927,0.0,0.0,0.0,
2.0,13.0,2020-08-05,teaching,1404.0,,,18.7091,,0.0133255698005698,,5.989097222222222,79.26736111111111,1.6798886757974243,3.6019325582717343e-12,,0.1863947251285899,0.0,0.0,0.0,
2.0,13.0,2020-08-06,teaching,1404.0,,,18.8193,,0.013404059829059827,,3.654513888888889,85.78958333333334,2.205816494373918,3.0841215877675248e-12,,0.11016054311082905,0.0,0.0,0.0,
2.0,13.0,2020-08-07,teaching,1404.0,,,18.708,,0.013324786324786324,,6.665972222222222,91.74097222222223,1.899288548163727,3.607517067725392e-12,,0.14967506795351232,0.0,0.0,0.0,
2.0,13.0,2020-08-08,teaching,1404.0,,,78.01339999999999,,0.05556509971509971,,10.738194444444444,89.87638888888888,1.2617279526693201,1.918328091733634e-48,,0.2831643089937033,0.0,0.0,0.0,
2.0,13.0,2020-08-09,teaching,1404.0,,,185.001,,0.13176709401709402,,11.05076388888889,77.56180555555555,0.7410520561742067,6.977648989099275e-114,,0.4766122288279752,0.0,0.0,0.0,
2.0,13.0,2020-08-10,teaching,1404.0,,,187.6969,,0.1336872507122507,,9.874513888888888,66.71527777777777,1.135315043393554,1.565869729096939e-115,,0.32132087536779674,0.0,0.0,0.0,
2.0,13.0,2020-08-11,teaching,1404.0,,,159.2208,,0.1134051282051282,,6.952916666666667,86.21875,1.6545210853766952,4.0947582123751154e-98,,0.19118359440320024,0.0,0.0,0.0,
2.0,13.0,2020-08-12,teaching,1404.0,,,236.9176,,0.16874472934472934,,9.602291666666666,93.35277777777777,1.5814399271452493,1.2268748779753302e-145,,0.20567872250065225,0.0,0.0,0.0,
2.0,13.0,2020-08-13,teaching,1404.0,,,245.7251,,0.1750178774928775,,12.200208333333332,91.6625,1.2252739618575943,5.031210220527928e-151,,0.29367723294126963,0.0,0.0,0.0,
2.0,13.0,2020-08-14,teaching,1404.0,,,225.04749999999999,,0.16029024216524215,,11.89402777777778,93.73333333333333,1.3798308756415787,2.2344697481976147e-138,,0.25162110471929494,0.0,0.0,0.0,
2.0,13.0,2020-08-15,teaching,1404.0,,,183.7494,,0.13087564102564103,,11.862847222222221,91.64166666666667,1.2515211620945998,4.066803253910012e-113,,0.2860693079318849,0.0,0.0,0.0,
2.0,13.0,2020-08-16,teaching,1404.0,,,159.30429999999998,,0.11346460113960113,,10.374722222222223,88.50138888888888,1.233758806375856,3.6404518716418196e-98,,0.29119596873773196,0.0,0.0,0.0,
2.0,13.0,2020-08-17,teaching,1404.0,,,203.6877,,0.1450767094017094,,9.423472222222221,85.87638888888888,1.2489956376575737,2.5938550751793655e-125,,0.28679269604242813,0.0,0.0,0.0,
2.0,13.0,2020-08-18,teaching,1404.0,,,237.2697,,0.1689955128205128,,11.656458333333333,80.75555555555556,0.7108858518118294,7.4720108150114465e-146,,0.49120886640573913,0.0,0.0,0.0,
2.0,13.0,2020-08-19,teaching,1404.0,,,118.7783,,0.08459992877492878,,9.511458333333334,90.48680555555555,1.443676545026856,2.233455071592693e-73,,0.23605828242291435,0.0,0.0,0.0,
2.0,13.0,2020-08-20,teaching,1404.0,,,111.6809,,0.07954480056980057,,8.61701388888889,91.56458333333333,1.613995119542376,4.899123614237884e-69,,0.19909063224077533,0.0,0.0,0.0,
2.0,13.0,2020-08-21,teaching,1404.0,,,111.50789999999999,,0.07942158119658119,,8.15986111111111,91.43194444444444,1.670330983168026,6.250780505866859e-69,,0.18818476933867215,0.0,0.0,0.0,
2.0,13.0,2020-08-22,teaching,1404.0,,,112.97999999999999,,0.08047008547008547,,6.637777777777777,88.48055555555555,1.7799311065352417,7.861779673700629e-70,,0.16864976573506488,0.0,0.0,0.0,
2.0,13.0,2020-08-23,teaching,1404.0,,,111.88929999999999,,0.0796932336182336,,7.513263888888889,88.38541666666667,1.6386906830002068,3.6530032126324783e-69,,0.1942341900015356,0.0,0.0,0.0,
2.0,13.0,2020-08-24,teaching,1404.0,,,117.88629999999999,,0.08396460113960114,,6.185902777777779,84.50277777777778,1.7366703006822792,7.844605176204439e-73,,0.17610580484434593,0.0,0.0,0.0,
2.0,13.0,2020-08-25,teaching,1404.0,,,140.1595,,0.09982870370370371,,6.16236111111111,85.13402777777777,1.756656060419987,1.8668809874758433e-86,,0.17262113442277519,0.0,0.0,0.0,
2.0,13.0,2020-08-26,teaching,1404.0,,,4.6905,,0.003340811965811966,,6.205208333333333,87.90972222222223,1.8305807787771509,0.0013522120205545368,,0.16032043002827323,0.0,0.0,0.0,
2.0,13.0,2020-08-27,teaching,1404.0,,,189.53289999999998,,0.134994943019943,,8.400277777777777,79.89861111111111,1.2520585425435626,1.1796738942268928e-116,,0.2859156211765812,0.0,0.0,0.0,
2.0,13.0,2020-08-28,teaching,1404.0,,,170.67499999999998,,0.12156339031339031,,9.21076388888889,77.07638888888889,1.072743850243358,4.0386875633662155e-105,,0.3420686434411047,0.0,0.0,0.0,
2.0,13.0,2020-08-29,teaching,1404.0,,,182.374,,0.1298960113960114,,8.481388888888889,85.17361111111111,1.3712288635068006,2.821757990409469e-112,,0.25379488856897525,0.0,0.0,0.0,
2.0,13.0,2020-08-30,teaching,1404.0,,,256.5194,,0.18270612535612538,,11.488194444444444,79.16875,0.6923375879307878,1.2569379084507913e-157,,0.5004049602188639,0.0,0.0,0.0,
2.0,13.0,2020-08-31,teaching,1404.0,,,148.7919,,0.10597713675213676,,10.148402777777779,71.88680555555555,0.9349021317081508,9.796910584286882e-92,,0.39262428911977687,0.0,0.0,0.0,
2.0,13.0,2020-09-01,teaching,1404.0,,,195.7848,,0.13944786324786324,,8.004027777777777,82.77986111111112,1.3811842712650477,1.7691832881745397e-120,,0.25128079215810617,0.0,0.0,0.0,
2.0,13.0,2020-09-02,teaching,1404.0,,,353.6743,,0.2519047720797721,,12.333055555555555,76.32291666666667,0.49560399171980146,4.723825266562947e-217,,0.6092028426808499,0.0,0.0,0.0,
2.0,13.0,2020-09-03,teaching,1404.0,,,264.2032,,0.18817891737891737,,15.995486111111111,59.975,1.1112625315116633,2.5089946014172176e-162,,0.32914314504753334,0.0,0.0,0.0,
2.0,13.0,2020-09-04,teaching,1404.0,,,213.3045,,0.15192628205128206,,10.160347222222223,78.67083333333333,0.9170961756034098,3.402574750185814e-131,,0.3996779522213904,0.0,0.0,0.0,
2.0,13.0,2020-09-05,teaching,1404.0,,,183.8666,,0.13095911680911682,,9.620625,80.64305555555555,1.050642052058822,3.4480020109924787e-113,,0.34971314297101214,0.0,0.0,0.0,
2.0,13.0,2020-09-06,teaching,1404.0,,,67.6473,,0.048181837606837606,,9.349930555555556,79.39722222222223,1.0739376990031848,4.2011868996856234e-42,,0.3416605088892965,0.0,0.0,0.0,
2.0,13.0,2020-09-08,teaching,1404.0,,,161.2766,,0.11486937321937322,,15.80638888888889,84.52152777777778,0.6299938034178306,2.2635673595357693e-99,,0.53259510126598,0.0,0.0,0.0,
2.0,13.0,2020-09-11,teaching,1404.0,,,4.6977,,0.0033459401709401712,,11.049791666666668,79.92430555555555,0.7865711233897663,0.0013385694088871845,,0.4554036441084079,0.0,0.0,0.0,
2.0,13.0,2020-09-12,teaching,1404.0,,,89.5381,,0.0637735754985755,,12.218541666666667,82.75208333333333,0.7105994490185555,1.713221013000293e-55,,0.49134957014516883,0.0,0.0,0.0,
2.0,13.0,2020-09-13,teaching,1404.0,,,137.0672,,0.09762621082621084,,13.213194444444444,92.50138888888888,1.214874911280371,1.4538818082167085e-84,,0.29674713169126987,0.0,0.0,0.0,
2.0,13.0,2020-09-18,teaching,1404.0,,,7.8261,,0.0055741452991453,,15.374722222222221,87.09513888888888,0.7949337117897322,1.633607720386979e-05,,0.45161117042662036,0.0,0.0,0.0,
2.0,13.0,2020-09-19,teaching,1404.0,,,191.0729,,0.13609180911680913,,18.050208333333334,79.14027777777778,0.6072584197463616,1.3483958142471943e-117,,0.5448425529391419,0.0,0.0,0.0,
2.0,13.0,2020-09-20,teaching,1404.0,,,100.1472,,0.07132991452991452,,16.820625,87.34027777777777,0.874805030632687,5.5556229421669325e-62,,0.4169433029263562,0.0,0.0,0.0,
2.0,13.0,2020-09-25,teaching,1404.0,,,4.619599999999999,,0.0032903133903133897,,8.300208333333332,89.28541666666666,1.55584900681759,0.0014942076026291371,,0.21101015750775196,0.0,0.0,0.0,
2.0,13.0,2020-09-26,teaching,1404.0,,,38.15,,0.027172364672364672,,7.521597222222223,83.97291666666666,1.494459044802133,4.6287527808789275e-24,,0.22436994599601381,0.0,0.0,0.0,
2.0,13.0,2020-09-27,teaching,1404.0,,,112.1449,,0.0798752849002849,,9.544305555555555,75.84236111111112,1.0072148823527012,2.5486589328849564e-69,,0.3652347861928587,0.0,0.0,0.0,
2.0,13.0,2020-09-28,teaching,1404.0,,,118.5051,,0.08440534188034188,,9.855347222222223,77.71527777777777,0.9600301660177908,3.2815621546232597e-73,,0.38288133579571404,0.0,0.0,0.0,
2.0,13.0,2020-09-29,teaching,1404.0,,,150.1856,,0.10696980056980057,,12.052083333333334,77.85902777777778,0.5655149491356017,1.3760344461383837e-92,,0.5680675455350963,0.0,0.0,0.0,
2.0,13.0,2020-10-02,teaching,1404.0,,,26.6438,,0.018977065527065528,,13.532291666666667,77.85694444444445,0.3109827393441481,5.0496108711790664e-17,,0.7327265231005312,0.0,0.0,0.0,
2.0,13.0,2020-10-03,teaching,1404.0,,,227.2276,,0.16184301994301994,,16.96576388888889,75.1625,0.3610653840086124,1.0368388365860515e-139,,0.6969334286758184,0.0,0.0,0.0,
2.0,13.0,2020-10-04,teaching,1404.0,,,219.6358,,0.156435754985755,,19.86195652173913,67.74202898550725,1.0509797213372356,4.563030169888419e-135,,0.3495950755213705,0.0,0.0,0.0,
2.0,13.0,2020-10-06,teaching,1404.0,,,24.546200000000002,,0.017483048433048435,,14.282777777777778,94.50972222222222,1.3154872941980271,9.68857306851898e-16,,0.26834352912939646,0.0,0.0,0.0,
2.0,13.0,2020-10-07,teaching,1404.0,,,154.85,,0.11029202279202278,,15.174930555555557,99.87847222222223,1.6826981593271064,1.930359616822651e-95,,0.1858717871551043,0.0,0.0,0.0,
2.0,13.0,2020-10-09,teaching,1404.0,,,22.7819,,0.016226424501424502,,12.751458333333332,81.58055555555555,0.5833500839187507,1.1625135065349205e-14,,0.5580257984329589,0.0,0.0,0.0,
2.0,13.0,2020-10-10,teaching,1404.0,,,150.7237,,0.10735306267806269,,12.836180555555554,78.61666666666666,0.449064070988862,6.4491012033185895e-93,,0.6382252056637109,0.0,0.0,0.0,
2.0,13.0,2020-10-11,teaching,1404.0,,,155.0606,,0.11044202279202278,,14.124791666666667,78.28055555555555,0.24226248925113852,1.4349086211855439e-95,,0.7848501357867396,0.0,0.0,0.0,
2.0,13.0,2020-10-16,teaching,1404.0,,,15.266900000000001,,0.0108738603988604,,18.226736111111112,86.70138888888889,0.9665647137518658,4.5916121179381453e-10,,0.38038753623044885,0.0,0.0,0.0,
2.0,13.0,2020-10-17,teaching,1404.0,,,149.9365,,0.10679237891737892,,17.079027777777778,95.11597222222223,1.4031558904773058,1.9543029997246104e-92,,0.24581995764964154,0.0,0.0,0.0,
2.0,13.0,2020-10-18,teaching,1404.0,,,129.04240000000001,,0.09191054131054133,,14.459444444444443,78.22847222222222,0.20248461553972236,1.177379964799538e-79,,0.8166990469755095,0.0,0.0,0.0,
2.0,13.0,2020-10-23,teaching,1404.0,,,7.783399999999999,,0.0055437321937321935,,16.487222222222222,93.85625,1.2917620594921895,1.734863585233079e-05,,0.27478616668034733,0.0,0.0,0.0,
2.0,13.0,2020-10-24,teaching,1404.0,,,129.0652,,0.09192678062678063,,16.78736111111111,93.50208333333333,1.2806000671617732,1.1401735668721273e-79,,0.2778705094473517,0.0,0.0,0.0,
2.0,13.0,2020-10-25,teaching,1404.0,,,136.391,,0.09714458689458688,,13.372916666666667,63.08819444444445,0.9302431653594001,3.768151898143536e-84,,0.394457780240731,0.0,0.0,0.0,
2.0,13.0,2020-10-30,teaching,1404.0,,,32.3381,,0.023032834757834755,,18.193194444444444,74.40208333333334,0.5920762762033425,1.6608335354339164e-20,,0.5531775421889306,0.0,0.0,0.0,
2.0,13.0,2020-10-31,teaching,1404.0,,,221.2737,,0.1576023504273504,,16.015625,90.84513888888888,1.0693021370427287,4.543892048418733e-136,,0.3432479739012281,0.0,0.0,0.0,
2.0,13.0,2020-11-01,teaching,1404.0,,,234.7653,,0.16721175213675213,,18.663680555555555,67.23194444444445,0.8946450061385466,2.54249180882313e-144,,0.40875267757965195,0.0,0.0,0.0,
2.0,13.0,2020-11-02,teaching,1404.0,,,270.8133,,0.19288696581196582,,18.785,73.03819444444444,0.718556924659408,2.2720439360788444e-166,,0.48745518320402587,0.0,0.0,0.0,
2.0,13.0,2020-11-03,teaching,1404.0,,,38.2724,,0.02725954415954416,,20.413680555555555,73.67916666666666,1.0037813780181584,3.895809766375561e-24,,0.3664909767481387,0.0,0.0,0.0,
2.0,13.0,2020-11-04,teaching,1404.0,,,338.7868,,0.2413011396011396,,18.631875,87.64652777777778,1.0644166005446474,6.0293117660268835e-208,,0.34492902748625776,0.0,0.0,0.0,
2.0,13.0,2020-11-05,teaching,1404.0,,,168.32150000000001,,0.11988710826210827,,15.455763888888889,61.95,0.9624001120900771,1.111127746068822e-103,,0.3819750020830174,0.0,0.0,0.0,
2.0,13.0,2020-11-06,teaching,1404.0,,,216.3039,,0.15406260683760684,,14.817291666666668,60.77013888888889,1.0417933397415073,4.979866562113299e-133,,0.35282138565824056,0.0,0.0,0.0,
2.0,13.0,2020-11-07,teaching,1404.0,,,235.2137,,0.16753112535612535,,15.312847222222222,58.38472222222222,1.2085175192192719,1.3520559449098394e-144,,0.29863967900892063,0.0,0.0,0.0,
2.0,13.0,2020-11-08,teaching,1404.0,,,235.5796,,0.1677917378917379,,16.597361111111113,60.34652777777778,1.1095366691753719,8.075902705194697e-145,,0.3297116912799612,0.0,0.0,0.0,
2.0,13.0,2020-11-09,teaching,1404.0,,,331.5507,,0.23614722222222223,,18.719652777777778,64.27986111111112,1.0486491763727916,1.607848389661449e-203,,0.3504107727045017,0.0,0.0,0.0,
2.0,13.0,2020-11-10,teaching,1404.0,,,389.7395,,0.27759223646723646,,20.601736111111112,60.75833333333333,1.463926503482418,4.120316408751459e-239,,0.23132618609066266,0.0,0.0,0.0,
2.0,13.0,2020-11-11,teaching,1404.0,,,388.7128,,0.27686096866096865,,22.498402777777777,61.16111111111111,1.7103631547321874,1.7495002340155055e-238,,0.18080012227361208,0.0,0.0,0.0,
2.0,13.0,2020-11-12,teaching,1404.0,,,303.3527,,0.21606317663817665,,21.690277777777776,73.66527777777777,1.236970020153838,2.8419551431234732e-186,,0.290262376015993,0.0,0.0,0.0,
2.0,13.0,2020-11-13,teaching,1404.0,,,20.5548,,0.01464017094017094,,18.642916666666665,60.578472222222224,1.2481184110313814,2.676756645867044e-13,,0.2870443886111651,0.0,0.0,0.0,
2.0,13.0,2020-11-14,teaching,1404.0,,,204.74280000000002,,0.14582820512820513,,18.09888888888889,58.49444444444445,1.32712174663824,5.8693680598606074e-126,,0.26523959042817463,0.0,0.0,0.0,
2.0,13.0,2020-11-15,teaching,1404.0,,,265.4278,,0.1890511396011396,,22.54083333333333,53.946527777777774,2.0538355222252154,4.4716756584547106e-163,,0.1282420837188778,0.0,0.0,0.0,
2.0,13.0,2020-11-17,teaching,1404.0,,,42.728,,0.030433048433048435,,17.889166666666668,45.730555555555554,2.1544857807194724,7.333641303002043e-27,,0.11596280559443942,0.0,0.0,0.0,
2.0,13.0,2020-11-18,teaching,1404.0,,,387.3104,,0.2758621082621083,,19.61138888888889,55.56597222222222,1.6388192527635177,1.260942313762501e-237,,0.1942092189629949,0.0,0.0,0.0,
2.0,13.0,2020-11-19,teaching,1404.0,,,288.2586,,0.20531239316239316,,22.012291666666666,64.90972222222223,1.4918424349461203,4.852421345787023e-177,,0.2249578033693943,0.0,0.0,0.0,
2.0,13.0,2020-11-20,teaching,1404.0,,,254.51760000000002,,0.1812803418803419,,25.83895833333333,50.770833333333336,2.6435756610385903,2.107266383064589e-156,,0.07110656149139867,0.0,0.0,0.0,
2.0,13.0,2020-11-21,teaching,1404.0,,,386.4519,,0.27525064102564106,,26.40090277777778,42.59375,3.116829592889452,4.2247278296032745e-237,,0.044297386777621676,0.0,0.0,0.0,
2.0,13.0,2020-11-22,teaching,1404.0,,,343.3714,,0.24456652421652422,,25.028402777777778,63.10625,2.0417869649118017,9.464256763781689e-211,,0.1297965616176268,0.0,0.0,0.0,
2.0,13.0,2020-11-23,teaching,1404.0,,,200.92520000000002,,0.1431091168091168,,20.81284722222222,83.21666666666667,1.1880081517480576,1.2695074148147559e-123,,0.30482783055339313,0.0,0.0,0.0,
2.0,13.0,2020-11-24,teaching,1404.0,,,322.5897,,0.22976474358974358,,20.068819444444443,58.27638888888889,1.530045551083788,4.8670021259383695e-198,,0.21652580410632372,0.0,0.0,0.0,
2.0,13.0,2020-11-25,teaching,1404.0,,,343.5512,,0.2446945868945869,,22.525902777777777,62.82083333333333,1.6487209748282965,7.347023465925817e-211,,0.19229570244283822,0.0,0.0,0.0,
2.0,13.0,2020-11-26,teaching,1404.0,,,87.5312,,0.06234415954415954,,25.513125000000002,54.43888888888889,2.435289202723113,2.892933387935079e-54,,0.08757241720397926,0.0,0.0,0.0,
2.0,13.0,2020-11-27,teaching,1404.0,,,370.8876,,0.26416495726495726,,26.030347222222222,52.420833333333334,2.596922283110574,1.3987462724923158e-227,,0.07450252339394473,0.0,0.0,0.0,
2.0,13.0,2020-11-28,teaching,1404.0,,,351.1741,,0.2501240028490029,,28.302430555555556,54.2125,2.8680386508307487,1.597890282528442e-215,,0.05681024210100933,0.0,0.0,0.0,
2.0,13.0,2020-11-29,teaching,1404.0,,,237.4146,,0.16909871794871795,,23.960972222222225,50.015277777777776,2.432303616372953,6.092689847473541e-146,,0.08783426290440681,0.0,0.0,0.0,
2.0,13.0,2020-11-30,teaching,1404.0,,,388.0335,,0.27637713675213677,,22.828055555555558,45.59861111111111,2.543352039636185,4.554171970206627e-238,,0.07860247907608289,0.0,0.0,0.0,
2.0,13.0,2020-12-01,teaching,1404.0,,,365.2829,,0.26017300569800567,,22.583898305084745,62.82203389830509,1.6576378171545176,3.748579285660374e-224,,0.1905886540355054,0.0,0.0,0.0,
2.0,13.0,2020-12-02,teaching,1404.0,,,224.5124,,0.15990911680911682,,12.821597222222222,62.7875,0.9870742203715664,4.747550967005903e-138,,0.3726654344700854,0.0,0.0,0.0,
2.0,13.0,2020-12-03,teaching,1404.0,,,321.0163,,0.2286440883190883,,15.507847222222221,49.39375,1.8356682521643417,4.4630864219973914e-197,,0.15950687533074503,0.0,0.0,0.0,
2.0,13.0,2020-12-04,teaching,1404.0,,,338.0273,,0.24076018518518522,,17.56861111111111,43.27361111111111,2.3080022598715,1.757185772677244e-207,,0.09945974795117885,0.0,0.0,0.0,
2.0,13.0,2020-12-05,teaching,1404.0,,,232.7013,,0.16574166666666668,,19.43097222222222,44.775,2.3032616267889967,4.652752500885273e-143,,0.09993236950024376,0.0,0.0,0.0,
2.0,13.0,2020-12-06,teaching,1404.0,,,110.8401,,0.07894594017094017,,19.417569444444442,40.949305555555554,2.5534992388351254,1.6010159864785443e-68,,0.07780891708827475,0.0,0.0,0.0,
2.0,13.0,2020-12-07,teaching,1404.0,,,161.0223,,0.11468824786324787,,19.06548611111111,42.06736111111111,2.459367520042289,3.2384456129666554e-99,,0.08548900395340935,0.0,0.0,0.0,
2.0,13.0,2020-12-08,teaching,1404.0,,,191.66,,0.13650997150997152,,22.282430555555557,35.86736111111111,3.080978290502025,5.898156862814215e-118,,0.045914317130320605,0.0,0.0,0.0,
2.0,13.0,2020-12-09,teaching,1404.0,,,316.3636,,0.22533019943019944,,25.660555555555554,36.19305555555555,3.3789623342686963,3.1294646233020656e-194,,0.03408280294825877,0.0,0.0,0.0,
2.0,13.0,2020-12-10,teaching,1404.0,,,397.2495,,0.2829412393162393,,26.276805555555555,33.92777777777778,3.5732708018932544,1.0505618925558228e-243,,0.028063911904410897,0.0,0.0,0.0,
2.0,13.0,2020-12-11,teaching,1404.0,,,322.9918,,0.2300511396011396,,22.440277777777776,38.356944444444444,2.9391588302712903,2.7625881081306353e-198,,0.05291021649730614,0.0,0.0,0.0,
2.0,13.0,2020-12-12,teaching,1404.0,,,209.4395,,0.14917343304843306,,21.564722222222223,36.44166666666667,2.9893164175115814,7.867629358969622e-129,,0.05032182408668414,0.0,0.0,0.0,
2.0,13.0,2020-12-13,teaching,1404.0,,,67.8668,,0.04833817663817664,,21.683958333333333,50.864583333333336,2.122054679269274,3.083999637316214e-42,,0.11978525520843247,0.0,0.0,0.0,
2.0,13.0,2020-12-14,teaching,1404.0,,,36.0416,,0.025670655270655273,,24.916319444444444,42.76875,2.9304829520092643,9.017200735715248e-23,,0.0533712561645669,0.0,0.0,0.0,
2.0,13.0,2020-12-15,teaching,1404.0,,,61.9022,,0.04408988603988604,,25.015208333333334,53.56597222222222,2.4018107355905753,1.3720683522068908e-38,,0.09055383569431436,0.0,0.0,0.0,
2.0,13.0,2020-12-16,teaching,1404.0,,,111.7566,,0.07959871794871795,,25.01958333333333,74.18888888888888,1.8446112816244864,4.4036857214089055e-69,,0.15808676017619022,0.0,0.0,0.0,
2.0,13.0,2020-12-17,teaching,1404.0,,,62.6886,,0.04465,,24.7975,76.49444444444444,1.8014521305212576,4.53286059197356e-39,,0.16505902685802276,0.0,0.0,0.0,
2.0,13.0,2020-12-18,teaching,1404.0,,,33.362,,0.023762108262108263,,21.55090277777778,51.17986111111111,2.089988925020152,3.9269493060318935e-21,,0.12368850565757691,0.0,0.0,0.0,
2.0,13.0,2020-12-19,teaching,1404.0,,,44.8252,,0.03192678062678063,,19.275277777777777,46.34722222222222,2.1907304284041187,3.8243921532835124e-28,,0.11183503129320269,0.0,0.0,0.0,
2.0,13.0,2020-12-20,teaching,1404.0,,,12.999600000000001,,0.00925897435897436,,20.240625,44.553472222222226,2.3740755654788717,1.1188310200896073e-08,,0.09310051477182786,0.0,0.0,0.0,
2.0,13.0,2020-12-21,teaching,1404.0,,,41.1824,,0.029332193732193732,,19.784305555555555,55.52777777777778,1.6577309736060608,6.466800903606584e-26,,0.1905709002997414,0.0,0.0,0.0,
2.0,13.0,2020-12-22,teaching,1404.0,,,40.427800000000005,,0.028794729344729347,,17.396944444444443,78.54930555555555,0.48058847747839284,1.8717262498659261e-25,,0.6184193588391662,0.0,0.0,0.0,
2.0,13.0,2020-12-23,teaching,1404.0,,,36.0756,,0.025694871794871794,,19.68347222222222,61.62430555555556,1.3045992310189045,8.595587366790308e-23,,0.2712812343663743,0.0,0.0,0.0,
2.0,13.0,2020-12-24,teaching,1404.0,,,27.2714,,0.019424074074074073,,19.783958333333334,54.31875,1.7296992077512356,2.0863391903830793e-17,,0.17733774376701777,0.0,0.0,0.0,
2.0,13.0,2020-12-25,teaching,1404.0,,,29.172800000000002,,0.02077834757834758,,20.509930555555556,46.795833333333334,2.2540031405283303,1.4334719346549404e-18,,0.10497814004693777,0.0,0.0,0.0,
2.0,13.0,2020-12-26,teaching,1404.0,,,26.6208,,0.01896068376068376,,22.980277777777776,46.27291666666667,2.520953205359828,5.215859875686476e-17,,0.08038294876233557,0.0,0.0,0.0,
2.0,13.0,2020-12-27,teaching,1404.0,,,63.1038,,0.04494572649572649,,25.11826388888889,41.225,3.0380263068509183,2.5258893351031834e-39,,0.0479293941187669,0.0,0.0,0.0,
2.0,13.0,2020-12-28,teaching,1404.0,,,39.3448,,0.028023361823361823,,22.323541666666667,43.33680555555556,2.6259888493739276,8.603235156502708e-25,,0.07236816043082298,0.0,0.0,0.0,
2.0,13.0,2020-12-29,teaching,1404.0,,,46.3302,,0.03299871794871795,,20.975069444444443,44.769444444444446,2.4185770519604852,4.592251626195388e-29,,0.08904823836674162,0.0,0.0,0.0,
2.0,13.0,2020-12-30,teaching,1404.0,,,47.979600000000005,,0.034173504273504275,,23.52375,48.89652777777778,2.4377321635669915,4.499521587132912e-30,,0.08735874232369772,0.0,0.0,0.0,
2.0,13.0,2020-12-31,teaching,1404.0,,,48.08,,0.03424501424501424,,24.904375,53.19027777777778,2.4032106932308688,3.906217729026354e-30,,0.09042715285617008,0.0,0.0,0.0,
2.0,13.0,2021-01-01,teaching,1404.0,,,72.3208,,0.051510541310541315,,23.14486111111111,60.52569444444445,1.8327647885025249,5.818551522888626e-45,,0.15997067072779858,1.0,0.0,0.0,
2.0,13.0,2021-01-02,teaching,1404.0,,,89.6704,,0.06386780626780626,,23.386805555555554,56.44236111111111,2.043772373292279,1.4219744416101401e-55,,0.12953911808627325,0.0,0.0,0.0,
2.0,13.0,2021-01-03,teaching,1404.0,,,59.9334,,0.042687606837606834,,21.514375,84.06805555555556,1.3300692670633878,2.1958204987069862e-37,,0.2644589423710574,0.0,0.0,0.0,
2.0,13.0,2021-01-04,teaching,1404.0,,,52.6046,,0.03746766381766382,,21.07638888888889,77.24930555555555,1.1207300702454719,6.672281474661429e-33,,0.326041674386113,0.0,0.0,0.0,
2.0,13.0,2021-01-05,teaching,1404.0,,,66.6603,,0.047478846153846156,,22.663680555555555,63.261805555555554,1.65372813275921,1.6868359282919767e-41,,0.1913352540563153,0.0,0.0,0.0,
2.0,13.0,2021-01-06,teaching,1404.0,,,33.1176,,0.02358803418803419,,22.009305555555557,59.234027777777776,1.7249874032010073,5.5404255316211295e-21,,0.17817529619715378,0.0,0.0,0.0,
2.0,13.0,2021-01-07,teaching,1404.0,,,69.4369,,0.049456481481481476,,22.277291666666667,47.44305555555555,2.3801048259368778,3.3787729640318962e-43,,0.09254087631782436,0.0,0.0,0.0,
2.0,13.0,2021-01-08,teaching,1404.0,,,77.0582,,0.05488475783475783,,22.467986111111113,43.90486111111111,2.6059909917568227,7.365007319763517e-48,,0.07382993607463523,0.0,0.0,0.0,
2.0,13.0,2021-01-09,teaching,1404.0,,,41.9662,,0.02989045584045584,,23.46125,49.355555555555554,2.4058718254114715,2.1442548535776558e-26,,0.09018683415144416,0.0,0.0,0.0,
2.0,13.0,2021-01-10,teaching,1404.0,,,53.0816,,0.03780740740740741,,25.920902777777776,47.7875,2.795352092701138,3.4081303933807826e-33,,0.0610933600191435,0.0,0.0,0.0,
2.0,13.0,2021-01-11,teaching,1404.0,,,86.0042,,0.061256552706552704,,27.888194444444444,40.25277777777778,3.4228602210835337,2.4850293742604863e-53,,0.032619003823432434,0.0,0.0,0.0,
2.0,13.0,2021-01-12,teaching,1404.0,,,76.3229,,0.05436103988603989,,29.15590277777778,37.106944444444444,3.7425456380610163,2.0745367554708925e-47,,0.023693710683538753,0.0,0.0,0.0,
2.0,13.0,2021-01-13,teaching,1404.0,,,105.6082,,0.07521951566951567,,29.18409722222222,36.50555555555555,3.7763341158959194,2.5380457267040593e-65,,0.022906510308087866,0.0,0.0,0.0,
2.0,13.0,2021-01-14,teaching,1404.0,,,84.0102,,0.059836324786324786,,25.447569444444444,30.861805555555556,3.667044165453472,4.120654982279555e-52,,0.02555188557983131,0.0,0.0,0.0,
2.0,13.0,2021-01-15,teaching,1404.0,,,48.560900000000004,,0.034587535612535615,,18.8225,46.231944444444444,2.169896008403313,1.9843251921807883e-30,,0.1141894910409191,0.0,0.0,0.0,
2.0,13.0,2021-01-16,teaching,1404.0,,,54.3818,,0.03873347578347578,,16.140694444444442,53.96944444444444,1.5288598907302067,5.4606690400442055e-34,,0.21678268242290463,0.0,0.0,0.0,
2.0,13.0,2021-01-17,teaching,1404.0,,,90.60860000000001,,0.0645360398860399,,19.32645833333333,49.36875,1.9993867064516522,3.793495591845324e-56,,0.13541830894965023,0.0,0.0,0.0,
2.0,13.0,2021-01-18,teaching,1404.0,,,82.8039,,0.05897713675213675,,21.714305555555555,44.325,2.5101761337807487,2.2532140305069125e-51,,0.08125392641918211,0.0,0.0,0.0,
2.0,13.0,2021-01-19,teaching,1404.0,,,50.1762,,0.03573803418803419,,22.25486111111111,39.232638888888886,2.869297150176698,2.039909278242385e-31,,0.056738791418231176,0.0,0.0,0.0,
2.0,13.0,2021-01-20,teaching,1404.0,,,257.3995,,0.1833329772079772,,22.00263888888889,36.540277777777774,3.016513052626,3.639138776749497e-158,,0.048971682669543035,0.0,0.0,0.0,
2.0,13.0,2021-01-21,teaching,1404.0,,,595.3939,,0.42406972934472936,,24.42048611111111,39.263194444444444,3.073020691975082,0.0,,0.046281142421163574,0.0,0.0,0.0,
2.0,13.0,2021-01-22,teaching,1404.0,,,383.9143,,0.27344323361823364,,27.04826388888889,35.35208333333333,3.5790550589563805,1.5063561441050275e-235,,0.027902051595863606,0.0,0.0,0.0,
2.0,13.0,2021-01-23,teaching,1404.0,,,1.7370999999999999,,0.0012372507122507123,,26.960555555555555,31.13888888888889,3.8045033648073767,0.08659618401971092,,0.022270254612260607,0.0,0.0,0.0,
2.0,13.0,2021-01-24,teaching,1404.0,,,1.4670999999999996,,0.0010449430199430197,,28.405486111111113,36.53680555555555,3.677189811754166,0.12666157413826845,,0.025293955830901663,0.0,0.0,0.0,
2.0,13.0,2021-01-25,teaching,1404.0,,,47.9376,,0.03414358974358975,,29.900555555555556,36.96875,3.845893416496778,4.773706755773758e-30,,0.02136730312989276,0.0,0.0,0.0,
2.0,13.0,2021-01-26,teaching,1404.0,,,73.3402,,0.05223660968660968,,26.038680555555555,67.30972222222222,2.1119677968687744,1.384511314233027e-45,,0.120999629319079,0.0,0.0,0.0,
2.0,13.0,2021-01-27,teaching,1404.0,,,79.4533,,0.05659066951566952,,24.809722222222224,60.230555555555554,2.100973492976579,2.5246705309178703e-49,,0.12233727578659523,0.0,0.0,0.0,
2.0,13.0,2021-01-28,teaching,1404.0,,,299.3953,,0.2132445156695157,,21.67513888888889,71.27430555555556,1.2643729157120405,7.484626115454411e-184,,0.28241633947332234,0.0,0.0,0.0,
2.0,13.0,2021-01-29,teaching,1404.0,,,92.2208,,0.06568433048433048,,19.263472222222223,94.43402777777777,1.519854915061907,3.9168208969787925e-57,,0.21874362105480794,0.0,0.0,0.0,
2.0,13.0,2021-01-30,teaching,1404.0,,,297.5521,,0.21193169515669516,,23.639305555555556,75.45,1.587554711584626,1.0036162097364436e-182,,0.2044248788474513,0.0,0.0,0.0,
2.0,13.0,2021-01-31,teaching,1404.0,,,264.6907,,0.1885261396011396,,23.012916666666666,57.449305555555554,1.9458285751010846,1.2627553604035277e-162,,0.14286879675449632,0.0,0.0,0.0,
2.0,13.0,2021-02-01,teaching,1404.0,,,316.1201,,0.22515676638176638,,20.732083333333335,79.94375,1.0926162245089401,4.4096831633483526e-194,,0.3353380255116648,0.0,0.0,0.0,
2.0,13.0,2021-02-02,teaching,1404.0,,,287.2747,,0.20461160968660969,,20.602222222222224,62.074305555555554,1.4002412292814421,1.939827993567475e-176,,0.2465374847075439,0.0,0.0,0.0,
2.0,13.0,2021-02-03,teaching,1404.0,,,19.6443,,0.013991666666666668,,20.52645833333333,50.170138888888886,2.0482164439956496,9.649800328687697e-13,,0.1289647143773541,0.0,0.0,0.0,
2.0,13.0,2021-02-04,teaching,1404.0,,,30.328500000000002,,0.021601495726495726,,23.72416666666667,57.31527777777778,2.0524907905878824,2.8151569210822617e-19,,0.12841465090836723,0.0,0.0,0.0,
2.0,13.0,2021-02-05,teaching,1404.0,,,31.602600000000002,,0.02250897435897436,,23.956041666666664,77.00347222222223,1.6481733504431892,4.6794669788307985e-20,,0.1924010370979277,0.0,0.0,0.0,
2.0,13.0,2021-02-06,teaching,1404.0,,,16.7746,,0.011947720797720798,,22.27513888888889,69.50694444444444,1.4046343823169343,5.492587576847195e-11,,0.24545678338948512,0.0,0.0,0.0,
2.0,13.0,2021-02-07,teaching,1404.0,,,18.2395,,0.012991096866096865,,20.750069444444442,68.69791666666667,1.1633716365417042,6.978587150880783e-12,,0.3124309992638768,0.0,0.0,0.0,
2.0,13.0,2021-02-08,teaching,1404.0,,,130.3689,,0.09285534188034188,,21.899930555555557,66.1138888888889,1.4330053513076833,1.8178575093926073e-80,,0.23859079451492235,0.0,0.0,0.0,
2.0,13.0,2021-02-09,teaching,1404.0,,,31.7581,,0.022619729344729344,,22.817013888888887,56.175,1.9786593360001044,3.759104952540721e-20,,0.13825446590375784,0.0,0.0,0.0,
2.0,13.0,2021-02-10,teaching,1404.0,,,123.4434,,0.08792264957264957,,22.823611111111113,68.2125,1.5294353005840635,3.130098337037078e-76,,0.21665797941240422,0.0,0.0,0.0,
2.0,13.0,2021-02-11,teaching,1404.0,,,50.9942,,0.03632065527065527,,24.434652777777778,64.44097222222223,1.9034871644141318,6.445836055582413e-32,,0.14904795720086586,0.0,0.0,0.0,
2.0,13.0,2021-02-12,teaching,1404.0,,,54.159800000000004,,0.038575356125356126,,22.886319444444446,79.16388888888889,1.4685486804415453,7.465049136900436e-34,,0.23025942280684703,0.0,0.0,0.0,
2.0,13.0,2021-02-13,teaching,1404.0,,,40.1195,,0.028575142450142452,,22.07076388888889,72.15069444444444,1.3222811827535783,2.889447057499986e-25,,0.2665266120525583,0.0,0.0,0.0,
2.0,13.0,2021-02-14,teaching,1404.0,,,40.407000000000004,,0.028779914529914533,,21.32298611111111,63.83888888888889,1.4257269092028173,1.9273682451565022e-25,,0.24033369891966083,0.0,0.0,0.0,
2.0,13.0,2021-02-15,teaching,1404.0,,,61.6209,,0.043889529914529914,,22.568472222222223,60.138194444444444,1.7636828678335172,2.0390766186781797e-38,,0.17141241066371032,0.0,0.0,0.0,
2.0,13.0,2021-02-16,teaching,1404.0,,,75.2196,,0.05357521367521367,,22.82979166666667,63.41180555555555,1.6744646745206824,9.811990942789027e-47,,0.1874084771664761,0.0,0.0,0.0,
2.0,13.0,2021-02-17,teaching,1404.0,,,91.4522,,0.06513689458689459,,23.786319444444448,66.22847222222222,1.7445855029085309,1.1562445174199966e-56,,0.1747173938115394,0.0,0.0,0.0,
2.0,13.0,2021-02-18,teaching,1404.0,,,122.7332,,0.08741680911680912,,22.678333333333335,54.21597222222222,2.0572915440048503,8.510468323704065e-76,,0.1277996412702298,0.0,0.0,0.0,
2.0,13.0,2021-02-19,teaching,1404.0,,,38.9166,,0.02771837606837607,,23.576041666666665,62.49583333333333,1.8251921977500034,1.572429986669694e-24,,0.1611866614388113,0.0,0.0,0.0,
2.0,13.0,2021-02-20,teaching,1404.0,,,134.6669,,0.09591659544159543,,24.84541666666667,64.97222222222223,1.9581706736751152,4.2724615848624676e-83,,0.14111633276906035,0.0,0.0,0.0,
2.0,13.0,2021-02-21,teaching,1404.0,,,368.8189,,0.2626915242165242,,25.718888888888888,65.25069444444445,2.1008370009453237,2.576701420614326e-226,,0.12235397498949371,0.0,0.0,0.0,
2.0,13.0,2021-02-22,teaching,1404.0,,,115.6132,,0.08234558404558405,,22.062013888888888,65.01875,1.4959542828936,1.927160915084631e-71,,0.22403471019730636,0.0,0.0,0.0,
2.0,13.0,2021-02-23,teaching,1404.0,,,36.5684,,0.026045868945868942,,18.082222222222224,49.47430555555555,1.91300258665823,4.293913540741021e-23,,0.1476364292460748,0.0,0.0,0.0,
2.0,13.0,2021-02-24,teaching,1404.0,,,93.2244,,0.0663991452991453,,18.99277777777778,52.609722222222224,1.7681491060124224,9.529704731663469e-58,,0.170648549074509,0.0,0.0,0.0,
2.0,13.0,2021-02-25,teaching,1404.0,,,27.8846,,0.01986082621082621,,19.688402777777778,58.43958333333333,1.4792504540517013,8.79669862565622e-18,,0.2278083772524045,0.0,0.0,0.0,
2.0,13.0,2021-02-26,teaching,1404.0,,,65.0532,,0.04633418803418804,,18.006736111111113,53.74027777777778,1.6267405619755928,1.6220315086123493e-40,,0.19656923633427445,0.0,0.0,0.0,
2.0,13.0,2021-02-27,teaching,1404.0,,,45.1372,,0.03214900284900285,,19.076875,54.924305555555556,1.6298382245716796,2.464489059595204e-28,,0.19596127328168741,0.0,0.0,0.0,
2.0,13.0,2021-02-28,teaching,1404.0,,,38.608000000000004,,0.0274985754985755,,20.307986111111113,54.99444444444445,1.7413927713979886,2.428439136697585e-24,,0.17527611098255153,0.0,0.0,0.0,
2.0,13.0,2021-03-01,teaching,1404.0,,,66.96039999999999,,0.047692592592592585,,21.097708333333333,55.06319444444444,1.8229182532881383,1.1053911451434457e-41,,0.16155360800485447,0.0,0.0,0.0,
2.0,13.0,2021-03-02,teaching,1404.0,,,49.9234,,0.03555797720797721,,17.15,50.71527777777778,1.7851672999470014,2.912303015031973e-31,,0.16776899090890143,0.0,0.0,0.0,
2.0,13.0,2021-03-03,teaching,1404.0,,,40.6808,,0.028974928774928774,,17.296458333333334,43.575694444444444,2.2776444100171536,1.3106728222706096e-25,,0.10252543036874866,0.0,0.0,0.0,
2.0,13.0,2021-03-04,teaching,1404.0,,,76.2858,,0.054334615384615384,,18.282569444444444,56.44305555555555,1.4710387228892223,2.185815165811246e-47,,0.22968678031801273,0.0,0.0,0.0,
2.0,13.0,2021-03-05,teaching,1404.0,,,103.64920000000001,,0.07382421652421653,,19.43861111111111,56.859722222222224,1.5453543311551796,4.006141985594738e-64,,0.21323630157030307,0.0,0.0,0.0,
2.0,13.0,2021-03-06,teaching,1404.0,,,68.579,,0.04884544159544159,,17.84347222222222,49.81458333333333,1.87771767363378,1.131085762847637e-42,,0.15293876390296984,0.0,0.0,0.0,
2.0,13.0,2021-03-07,teaching,1404.0,,,48.1662,,0.03430641025641026,,19.851875,58.41736111111111,1.4981931518014495,3.4596488191055234e-30,,0.22353368692236575,0.0,0.0,0.0,
2.0,13.0,2021-03-08,teaching,1404.0,,,72.4744,,0.05161994301994302,,21.715138888888887,57.09375,1.789852552491902,4.686677695338101e-45,,0.16698478934302005,0.0,0.0,0.0,
2.0,13.0,2021-03-09,teaching,1404.0,,,53.9444,,0.03842193732193732,,19.812916666666666,67.5375,1.050982562183334,1.0110731570524205e-33,,0.34959408237697487,0.0,0.0,0.0,
2.0,13.0,2021-03-10,teaching,1404.0,,,37.585,,0.02676994301994302,,20.39611111111111,61.613194444444446,1.3950435052058876,1.0257642214890882e-23,,0.24782225457448961,0.0,0.0,0.0,
2.0,13.0,2021-03-11,teaching,1404.0,,,47.2296,,0.033639316239316236,,19.051944444444445,84.62152777777777,0.9676453060689469,1.293914500415424e-29,,0.37997671438672453,0.0,0.0,0.0,
2.0,13.0,2021-03-12,teaching,1404.0,,,79.5226,,0.056640028490028485,,22.29986111111111,75.96527777777777,1.340985596617597,2.289903627122707e-49,,0.26158772151180076,0.0,0.0,0.0,
2.0,13.0,2021-03-13,teaching,1404.0,,,92.0554,,0.06556652421652422,,22.50784722222222,70.87013888888889,1.4199213392701795,4.944256656821907e-57,,0.24173303104583702,0.0,0.0,0.0,
2.0,13.0,2021-03-14,teaching,1404.0,,,56.463,,0.04021581196581197,,17.244375,64.81388888888888,0.8632540534268404,2.912561114212467e-35,,0.4217873282683267,0.0,0.0,0.0,
2.0,13.0,2021-03-15,teaching,1404.0,,,87.7094,,0.06247108262108262,,15.955069444444444,55.990972222222226,1.384823936992113,2.2508263480502684e-54,,0.2503678764328523,0.0,0.0,0.0,
2.0,13.0,2021-03-16,teaching,1404.0,,,59.1086,,0.04210014245014245,,19.51902777777778,61.78819444444444,1.276164643375485,7.015969117553833e-37,,0.27910572023108526,0.0,0.0,0.0,
2.0,13.0,2021-03-17,teaching,1404.0,,,89.2031,,0.06353497150997152,,19.86236111111111,63.138888888888886,1.2504754805889016,2.7461036141477746e-55,,0.2863686017722821,0.0,0.0,0.0,
2.0,13.0,2021-03-18,teaching,1404.0,,,39.0569,,0.02781830484330484,,20.395138888888887,64.99791666666667,1.2402395196908471,1.2904955069529264e-24,,0.28931491302091145,0.0,0.0,0.0,
2.0,13.0,2021-03-19,teaching,1404.0,,,37.833800000000004,,0.026947150997151,,20.624236111111113,69.83611111111111,1.1107750889449273,7.225509054679016e-24,,0.32930362253558076,0.0,0.0,0.0,
2.0,13.0,2021-03-21,teaching,1404.0,,,59.7362,,0.04254715099715099,,21.042916666666667,78.10277777777777,1.121836817165148,2.8987761041183574e-37,,0.32568102837604307,0.0,0.0,0.0,
2.0,13.0,2021-03-22,teaching,1404.0,,,29.535800000000002,,0.02103689458689459,,19.577430555555555,83.61666666666666,1.0037783032764938,8.59724696092107e-19,,0.366492103614947,0.0,0.0,0.0,
2.0,13.0,2021-03-23,teaching,1404.0,,,22.508,,0.01603133903133903,,17.56673611111111,99.98055555555555,1.7535989057038317,1.709738053607351e-14,,0.17314967143604448,0.0,0.0,0.0,
2.0,13.0,2021-03-24,teaching,1404.0,,,22.615,,0.016107549857549856,,18.154305555555556,93.39097222222222,1.359512957012102,1.4705601045236106e-14,,0.2567858122315456,0.0,0.0,0.0,
2.0,13.0,2021-03-25,teaching,1404.0,,,22.4554,,0.015993874643874646,,18.217291666666668,79.43680555555555,0.6436879030374001,1.8412064597821183e-14,,0.5253514020611796,0.0,0.0,0.0,
2.0,13.0,2021-03-26,teaching,1404.0,,,144.6159,,0.10300277777777779,,16.015625,77.85277777777777,0.23651615764543882,3.51034040763112e-89,,0.78937312778781,0.0,0.0,0.0,
2.0,13.0,2021-03-27,teaching,1404.0,,,251.4163,,0.17907143874643874,,16.001875000000002,85.59166666666667,0.711041045079021,1.6620220431738313e-154,,0.49113264001195267,0.0,0.0,0.0,
2.0,13.0,2021-03-28,teaching,1404.0,,,257.237,,0.18321723646723648,,14.171805555555556,78.16527777777777,0.23049682249878073,4.575010756924957e-158,,0.7941389583757315,0.0,0.0,0.0,
2.0,13.0,2021-03-29,teaching,1404.0,,,246.9351,,0.17587970085470087,,15.002569444444445,74.36666666666666,0.09428993028769053,9.15320431309292e-152,,0.9100188819529231,0.0,0.0,0.0,
2.0,13.0,2021-03-30,teaching,1404.0,,,247.2024,,0.17607008547008549,,15.551597222222222,70.56805555555556,0.37211747990417565,6.281718800069081e-152,,0.6892732620107522,0.0,0.0,0.0,
2.0,13.0,2021-03-31,teaching,1404.0,,,239.5459,,0.1706167378917379,,16.464583333333334,68.64375,0.5603603143318789,3.028269208631471e-147,,0.5710032861111713,0.0,0.0,0.0,
2.0,13.0,2021-04-01,teaching,1404.0,,,232.3981,,0.16552571225071225,,17.642847222222223,74.35694444444445,0.49283923761535364,7.131205220982847e-143,,0.6108894692200545,0.0,0.0,0.0,
2.0,13.0,2021-04-02,teaching,1404.0,,,230.4653,,0.1641490740740741,,20.120625,72.53402777777778,0.9655618736813325,1.0848371250494698e-141,,0.3807691954336975,0.0,0.0,0.0,
2.0,13.0,2021-04-03,teaching,1404.0,,,237.8709,,0.16942371794871797,,20.111597222222223,72.7875,0.9600349188839933,3.204144672236897e-146,,0.3828795160162782,0.0,0.0,0.0,
2.0,13.0,2021-04-04,teaching,1404.0,,,236.21790000000001,,0.16824636752136754,,19.79798611111111,75.27361111111111,0.8808782642302875,3.286800937405946e-145,,0.4144187826110917,0.0,0.0,0.0,
2.0,13.0,2021-04-05,teaching,1404.0,,,236.7527,,0.1686272792022792,,20.396458333333335,76.05208333333333,0.9907663057352335,1.54761076279711e-145,,0.37129205874423843,0.0,0.0,0.0,
2.0,13.0,2021-04-06,teaching,1404.0,,,338.1738,,0.24086452991452995,,19.960069444444443,80.74791666666667,0.975194279263219,1.4295870761365958e-207,,0.37711908002860944,0.0,0.0,0.0,
2.0,13.0,2021-04-07,teaching,1404.0,,,494.8693,,0.3524710113960114,,20.315555555555555,80.01875,1.0205011420109926,2.0513722678365326e-303,,0.3604142761725475,0.0,0.0,0.0,
2.0,13.0,2021-04-08,teaching,1404.0,,,560.5179,,0.39922927350427356,,20.029930555555556,77.88125,0.935215621320419,0.0,,0.3925012247743185,0.0,0.0,0.0,
2.0,13.0,2021-04-09,teaching,1404.0,,,267.3792,,0.19044102564102566,,17.60673611111111,70.28472222222223,0.6089180857355783,2.8634655202546145e-164,,0.5439390462516027,0.0,0.0,0.0,
2.0,13.0,2021-04-10,teaching,1404.0,,,173.2644,,0.1234076923076923,,13.258194444444444,74.82986111111111,0.32940989658268727,1.0529984677397495e-106,,0.7193480979809824,0.0,0.0,0.0,
2.0,13.0,2021-04-11,teaching,1404.0,,,114.6116,,0.08163219373219373,,10.203333333333333,73.13819444444445,0.9039293817420435,7.898578577241552e-71,,0.40497522696177896,0.0,0.0,0.0,
2.0,13.0,2021-04-12,teaching,1404.0,,,158.8151,,0.11311616809116809,,10.397430555555555,76.2125,0.8508260103890379,7.250627750497494e-98,,0.42706202854551106,0.0,0.0,0.0,
2.0,13.0,2021-04-13,teaching,1404.0,,,188.0329,,0.13392656695156696,,12.542986111111112,74.06180555555555,0.46960157638974886,9.755295943088862e-116,,0.6252513335562931,0.0,0.0,0.0,
2.0,13.0,2021-04-14,teaching,1404.0,,,301.646,,0.21484757834757837,,15.863402777777777,67.8013888888889,0.5731327608139438,3.1443018674511137e-185,,0.5637565549574066,0.0,0.0,0.0,
2.0,13.0,2021-04-15,teaching,1404.0,,,214.9364,,0.153088603988604,,12.801319444444445,73.23958333333333,0.44271980687442286,3.417057238169074e-132,,0.6422871463207956,0.0,0.0,0.0,
2.0,13.0,2021-04-16,teaching,1404.0,,,211.4569,,0.15061032763532764,,11.732430555555556,75.62013888888889,0.6044267288502199,4.590885926128689e-130,,0.5463875651021821,0.0,0.0,0.0,
2.0,13.0,2021-04-17,teaching,1404.0,,,182.9707,,0.1303210113960114,,11.033819444444445,75.02847222222222,0.734568710959452,1.2177182757967546e-112,,0.4797123090271068,0.0,0.0,0.0,
2.0,13.0,2021-04-18,teaching,1404.0,,,183.5547,,0.1307369658119658,,11.162013888888888,75.87152777777777,0.7094678375504913,5.349853248824962e-113,,0.49190590166977294,0.0,0.0,0.0,
2.0,13.0,2021-04-19,teaching,1404.0,,,184.8469,,0.1316573361823362,,12.147708333333334,75.28888888888889,0.5287954118609439,8.668914927081152e-114,,0.5893144234574362,0.0,0.0,0.0,
2.0,13.0,2021-04-20,teaching,1404.0,,,229.526,,0.163480056980057,,14.530694444444444,68.34583333333333,0.5212663977698465,4.0727669840521495e-141,,0.5937681250080566,0.0,0.0,0.0,
2.0,13.0,2021-04-21,teaching,1404.0,,,125.4222,,0.08933205128205128,,9.606597222222222,73.94722222222222,1.0033382500414705,1.9285032304245753e-77,,0.3666534151409796,0.0,0.0,0.0,
2.0,13.0,2021-04-22,teaching,1404.0,,,114.2772,,0.08139401709401708,,9.320902777777778,80.01319444444445,1.090104376743137,1.2649853003109976e-70,,0.3361814023555236,0.0,0.0,0.0,
2.0,13.0,2021-04-23,teaching,1404.0,,,194.5824,,0.138591452991453,,12.089722222222223,75.67847222222223,0.5386238040125844,9.621074511406729e-120,,0.5835507802717566,0.0,0.0,0.0,
2.0,13.0,2021-04-24,teaching,1404.0,,,126.3547,,0.08999622507122507,,9.719097222222222,80.3638888888889,1.0272388316595822,5.186263545611134e-78,,0.3579940790589875,0.0,0.0,0.0,
2.0,13.0,2021-04-25,teaching,1404.0,,,184.2063,,0.13120106837606837,,10.785486111111112,76.64444444444445,0.7813571719625131,2.136924691793369e-113,,0.4577842975009333,0.0,0.0,0.0,
2.0,13.0,2021-04-26,teaching,1404.0,,,204.129,,0.14539102564102563,,11.009166666666667,77.99513888888889,0.7543515949068397,1.393232313188802e-125,,0.47031547083141206,0.0,0.0,0.0,
2.0,13.0,2021-04-27,teaching,1404.0,,,218.1551,,0.15538112535612536,,12.175208333333332,78.92986111111111,0.5686562221950084,3.672205110912028e-134,,0.566285890056616,0.0,0.0,0.0,
2.0,13.0,2021-04-28,teaching,1404.0,,,239.4772,,0.17056780626780627,,12.267222222222221,79.9173611111111,0.5843104932321035,3.3359151452139284e-147,,0.5574901225342888,0.0,0.0,0.0,
2.0,13.0,2021-04-29,teaching,1404.0,,,245.3143,,0.1747252849002849,,12.420347222222222,78.04027777777777,0.5043383145099682,8.973032424097237e-151,,0.6039050384543236,0.0,0.0,0.0,
2.0,13.0,2021-04-30,teaching,1404.0,,,263.8822,,0.1879502849002849,,12.820902777777777,76.05208333333333,0.40468034654625734,3.9431211582291977e-162,,0.6671900463785512,0.0,0.0,0.0,
2.0,13.0,2021-05-01,teaching,1404.0,,,232.5009,,0.16559893162393163,,13.280069444444443,79.82847222222222,0.4288806974390352,6.169998752027484e-143,,0.6512376188623783,0.0,0.0,0.0,
2.0,13.0,2021-05-02,teaching,1404.0,,,265.7265,,0.18926388888888887,,15.88736111111111,76.90902777777778,0.1805599311791695,2.936092593835778e-163,,0.834802648490616,0.0,0.0,0.0,
2.0,13.0,2021-05-03,teaching,1404.0,,,223.3728,,0.1590974358974359,,15.683055555555555,91.00347222222223,1.071433167218878,2.36324430407658e-137,,0.34251728095182876,0.0,0.0,0.0,
2.0,13.0,2021-05-04,teaching,1404.0,,,114.917,,0.0818497150997151,,12.640208333333334,97.57569444444445,1.5836409536016436,5.137482131830917e-71,,0.205226516032671,0.0,0.0,0.0,
2.0,13.0,2021-05-05,teaching,1404.0,,,295.2814,,0.21031438746438746,,15.680069444444444,74.61805555555556,0.14438775118882818,2.457234422230136e-181,,0.8655520641406285,0.0,0.0,0.0,
2.0,13.0,2021-05-06,teaching,1404.0,,,386.5571,,0.27532556980056977,,17.753611111111113,71.40625,0.5867472077539794,3.642947491467958e-237,,0.5561333319838632,0.0,0.0,0.0,
2.0,13.0,2021-05-07,teaching,1404.0,,,361.8417,,0.25772200854700855,,16.44263888888889,80.54583333333333,0.4265467646543249,4.771826724585878e-222,,0.6527593387969354,0.0,0.0,0.0,
2.0,13.0,2021-05-08,teaching,1404.0,,,240.3883,,0.17121673789173789,,15.16423611111111,78.78819444444444,0.21540909615297144,9.245673785252419e-148,,0.8062115546589873,0.0,0.0,0.0,
2.0,13.0,2021-05-09,teaching,1404.0,,,176.0229,,0.12537243589743588,,13.342569444444443,91.38888888888889,1.1338403568639766,2.1636390647189914e-108,,0.3217950724944948,0.0,0.0,0.0,
2.0,13.0,2021-05-10,teaching,1404.0,,,166.3752,,0.11850085470085471,,13.322638888888887,94.43958333333333,1.340401560191361,1.7227525572728447e-102,,0.2617405428921022,0.0,0.0,0.0,
2.0,13.0,2021-05-11,teaching,1404.0,,,171.9114,,0.12244401709401709,,13.887847222222222,88.29513888888889,0.900025769821202,7.079349090569743e-106,,0.40655918264815843,0.0,0.0,0.0,
2.0,13.0,2021-05-12,teaching,1404.0,,,174.9211,,0.12458767806267806,,13.584513888888889,80.29861111111111,0.41361385830643227,1.0211824452782605e-107,,0.6612562405784358,0.0,0.0,0.0,
2.0,13.0,2021-05-13,teaching,1404.0,,,148.3791,,0.10568311965811965,,11.567986111111113,88.88333333333334,1.1149699470501166,1.752182030251319e-91,,0.32792513386911604,0.0,0.0,0.0,
2.0,13.0,2021-05-14,teaching,1404.0,,,153.149,,0.10908048433048433,,9.189583333333333,87.2701388888889,1.3406026456897568,2.118648062033036e-94,,0.26168791595601854,0.0,0.0,0.0,
2.0,13.0,2021-05-15,teaching,1404.0,,,136.6255,,0.09731160968660968,,9.371875,73.65833333333333,1.0487958738324743,2.7082947774401015e-84,,0.3503593721045614,0.0,0.0,0.0,
2.0,13.0,2021-05-16,teaching,1404.0,,,113.5767,,0.08089508547008548,,6.877152777777778,82.60069444444444,1.5729171663917485,3.392719298214333e-70,,0.20743916430059753,0.0,0.0,0.0,
2.0,13.0,2021-05-17,teaching,1404.0,,,194.8826,,0.13880527065527065,,10.342986111111111,80.85555555555555,0.931546094240718,6.30384536986295e-120,,0.3939441644814587,0.0,0.0,0.0,
2.0,13.0,2021-05-18,teaching,1404.0,,,187.9608,,0.13387521367521368,,6.620555555555556,90.19652777777777,1.845162126588019,1.0797931828048312e-115,,0.1579997028602893,0.0,0.0,0.0,
2.0,13.0,2021-05-19,teaching,1404.0,,,191.7974,,0.13660783475783478,,8.021527777777777,90.32916666666667,1.6409619215584756,4.860436680747489e-118,,0.19379353842172542,0.0,0.0,0.0,
2.0,13.0,2021-05-20,teaching,1404.0,,,201.8998,,0.14380327635327636,,8.449722222222222,89.43958333333333,1.5407070376615561,3.217502481867701e-124,,0.2142295794865146,0.0,0.0,0.0,
2.0,13.0,2021-05-21,teaching,1404.0,,,179.4936,,0.12784444444444443,,8.455347222222223,85.62291666666667,1.3906847917314824,1.63050864766522e-110,,0.24890479830986273,0.0,0.0,0.0,
2.0,13.0,2021-05-22,teaching,1404.0,,,186.8358,,0.13307393162393163,,8.784097222222222,85.46458333333334,1.332822107079007,5.265619114112835e-115,,0.2637319303450244,0.0,0.0,0.0,
2.0,13.0,2021-05-23,teaching,1404.0,,,193.39509999999999,,0.1377457977207977,,8.742847222222222,86.26527777777778,1.3684612451744411,5.121985890939181e-119,,0.2544982688503445,0.0,0.0,0.0,
2.0,13.0,2021-05-24,teaching,1404.0,,,218.3685,,0.15553311965811967,,9.749375,87.53819444444444,1.27168531623088,2.718944392796111e-134,,0.2803587302858353,0.0,0.0,0.0,
2.0,13.0,2021-05-25,teaching,1404.0,,,325.0216,,0.2314968660968661,,12.685138888888888,86.06458333333333,0.8384765628989553,1.5841060716276274e-199,,0.43236870848185105,0.0,0.0,0.0,
2.0,13.0,2021-05-26,teaching,1404.0,,,190.4668,,0.13566011396011396,,10.465902777777778,90.16527777777777,1.3089994312353113,3.166211098853844e-117,,0.2700901650137859,0.0,0.0,0.0,
2.0,13.0,2021-05-27,teaching,1404.0,,,172.1412,,0.1226076923076923,,9.269027777777778,90.04444444444445,1.4540335970029117,5.121953427462094e-106,,0.2336260317378205,0.0,0.0,0.0,
2.0,13.0,2021-05-28,teaching,1404.0,,,186.1496,,0.13258518518518517,,7.975972222222222,83.74097222222223,1.4111433597039675,1.3840929722869391e-114,,0.2438642990814504,0.0,0.0,0.0,
2.0,13.0,2021-05-29,teaching,1404.0,,,129.0831,,0.09193952991452992,,4.7970138888888885,79.43541666666667,1.8987767780698708,1.1117890486158826e-79,,0.14975168678102682,0.0,0.0,0.0,
2.0,13.0,2021-05-30,teaching,1404.0,,,153.3549,,0.10922713675213674,,5.296319444444444,83.42222222222222,1.867828251905101,1.5853297420505858e-94,,0.1544587433086542,0.0,0.0,0.0,
2.0,13.0,2021-05-31,teaching,1404.0,,,163.8997,,0.11673767806267805,,5.341666666666667,86.68680555555555,1.9376717731075155,5.628183152414074e-101,,0.14403891496429888,0.0,0.0,0.0,
2.0,13.0,2021-06-01,teaching,1404.0,,,115.3406,,0.0821514245014245,,5.866388888888889,92.9486111111111,2.0678902666514043,2.8291397559654774e-71,,0.1264522810792806,0.0,0.0,0.0,
2.0,13.0,2021-06-02,teaching,1404.0,,,231.1379,,0.1646281339031339,,10.129305555555556,89.22361111111111,1.3013309783589218,4.2069484321778235e-142,,0.27216930040380233,0.0,0.0,0.0,
2.0,13.0,2021-06-03,teaching,1404.0,,,284.0726,,0.2023309116809117,,11.643125,95.57708333333333,1.5158473863618969,1.7633361730004493e-174,,0.2196220012855351,0.0,0.0,0.0,
2.0,13.0,2021-06-04,teaching,1404.0,,,201.1847,,0.14329394586894587,,10.070347222222221,83.95972222222223,1.0761046165391255,8.808692806790342e-124,,0.34092096030102925,0.0,0.0,0.0,
2.0,13.0,2021-06-05,teaching,1404.0,,,115.3605,,0.08216559829059829,,5.261597222222222,85.80208333333333,1.9279434871682006,2.7509488819652856e-71,,0.14544700476047875,0.0,0.0,0.0,
2.0,13.0,2021-06-06,teaching,1404.0,,,115.3972,,0.08219173789173789,,8.034375,97.53125,1.9896848285610742,2.612371158015288e-71,,0.13673851472935522,0.0,0.0,0.0,
2.0,13.0,2021-06-07,teaching,1404.0,,,232.0199,,0.16525633903133904,,10.666805555555555,89.00902777777777,1.2236708940556087,1.2147582078807095e-142,,0.2941483950090438,0.0,0.0,0.0,
2.0,13.0,2021-06-08,teaching,1404.0,,,166.0813,,0.11829152421652421,,9.511041666666667,87.94930555555555,1.3236764201633888,2.6060786608827707e-102,,0.2661550034541055,0.0,0.0,0.0,
2.0,13.0,2021-06-09,teaching,1404.0,,,152.8569,,0.10887243589743589,,6.511597222222223,97.25763888888889,2.168035375310097,3.196851499536438e-94,,0.1144021535689637,0.0,0.0,0.0,
2.0,13.0,2021-06-10,teaching,1404.0,,,218.1645,,0.15538782051282052,,8.117222222222221,85.76180555555555,1.4497053214627864,3.6239099623774854e-134,,0.23463942110867447,0.0,0.0,0.0,
2.0,13.0,2021-06-11,teaching,1404.0,,,244.4609,,0.17411745014245014,,9.987430555555555,83.54166666666667,1.0739919036062187,2.984855608461526e-150,,0.3416419898189538,0.0,0.0,0.0,
2.0,13.0,2021-06-12,teaching,1404.0,,,116.00229999999999,,0.08262272079772079,,9.160694444444443,98.73680555555555,1.9315899825189753,1.1140997104088069e-71,,0.1449175987587203,0.0,0.0,0.0,
2.0,13.0,2021-06-13,teaching,1404.0,,,115.8877,,0.08254109686609687,,9.018819444444444,99.1986111111111,1.9728551289801064,1.3092404576099082e-71,,0.1390592567723371,0.0,0.0,0.0,
2.0,13.0,2021-06-14,teaching,1404.0,,,232.0157,,0.1652533475783476,,8.976319444444444,95.35833333333333,1.7625036983555973,1.2219650424285445e-142,,0.17161465416274826,0.0,0.0,0.0,
2.0,13.0,2021-06-15,teaching,1404.0,,,136.1033,,0.09693967236467235,,9.037986111111111,96.7076388888889,1.8295275388407872,5.650680782013002e-84,,0.16048937486189918,0.0,0.0,0.0,
2.0,13.0,2021-06-16,teaching,1404.0,,,4.7407999999999975,,0.003376638176638175,,10.253333333333332,91.56875,1.4095257599876607,0.0012597335055778362,,0.24425909312574315,0.0,0.0,0.0,
2.0,13.0,2021-06-18,teaching,1404.0,,,3.773099999999998,,0.002687393162393161,,8.584444444444445,94.60694444444445,1.769638669649357,0.0049223742569608556,,0.1703945464246325,0.0,0.0,0.0,
2.0,13.0,2021-06-19,teaching,1404.0,,,6.902499999999997,,0.004916310541310539,,6.911944444444445,88.50763888888889,1.7373514104282275,5.998875657171427e-05,,0.1759858983037406,0.0,0.0,0.0,
2.0,13.0,2021-06-20,teaching,1404.0,,,7.819399999999995,,0.005569373219373216,,7.029513888888889,86.02152777777778,1.6358141642497548,1.649095656288778e-05,,0.1947937126439324,0.0,0.0,0.0,
2.0,13.0,2021-06-21,teaching,1404.0,,,7.717099999999993,,0.005496509971509966,,6.237291666666668,88.09583333333333,1.831414125375262,1.904661837108739e-05,,0.16018688319642913,0.0,0.0,0.0,
2.0,13.0,2021-06-22,teaching,1404.0,,,7.474799999999997,,0.005323931623931621,,6.609513888888889,90.75347222222223,1.868320525284768,2.679299341100965e-05,,0.15438272609322742,0.0,0.0,0.0,
2.0,13.0,2021-06-23,teaching,1404.0,,,6.583499999999996,,0.004689102564102561,,9.952708333333334,95.47361111111111,1.661659840791934,9.401279192439786e-05,,0.18982364144459268,0.0,0.0,0.0,
2.0,13.0,2021-06-24,teaching,1404.0,,,6.424799999999998,,0.004576068376068374,,13.091180555555555,99.9888888888889,1.7268620805221164,0.00011755907858155256,,0.17784158790560653,0.0,0.0,0.0,
2.0,13.0,2021-06-25,teaching,1404.0,,,6.636299999999997,,0.004726709401709399,,11.74201388888889,95.77152777777778,1.5209070890683856,8.727537182347204e-05,,0.21851358574246127,0.0,0.0,0.0,
2.0,13.0,2021-06-26,teaching,1404.0,,,6.813699999999996,,0.0048530626780626755,,9.438819444444444,93.84861111111111,1.6272156267986972,6.798053625620696e-05,,0.19647587538279535,0.0,0.0,0.0,
2.0,13.0,2021-06-27,teaching,1404.0,,,7.110699999999997,,0.005064601139601137,,7.726666666666667,98.69027777777778,2.0879111474249274,4.4742870915272e-05,,0.12394577003994962,0.0,0.0,0.0,
2.0,13.0,2021-06-28,teaching,1404.0,,,6.912299999999996,,0.004923290598290595,,7.744999999999999,91.80347222222223,1.7452471733393642,5.9166471127162736e-05,,0.17460182671618327,0.0,0.0,0.0,
2.0,13.0,2021-06-29,teaching,1404.0,,,6.7941999999999965,,0.004839173789173787,,6.7531944444444445,91.81875,1.889527522950709,6.98733887524342e-05,,0.15114320366372144,0.0,0.0,0.0,
2.0,13.0,2021-06-30,teaching,1404.0,,,56.257799999999996,,0.04006965811965812,,7.785763888888889,95.38819444444445,1.9098259040597214,3.888535812133666e-35,,0.1481061690338474,0.0,0.0,0.0,
2.0,13.0,2021-07-01,teaching,1404.0,,,217.93779999999998,,0.15522635327635326,,9.608055555555556,96.35416666666667,1.74810836753532,4.986995540749494e-134,,0.17410297098486188,0.0,0.0,0.0,
2.0,13.0,2021-07-02,teaching,1404.0,,,223.005,,0.15883547008547008,,9.959375,95.02777777777777,1.6353485686323432,3.96711091732455e-137,,0.1948844288597362,0.0,0.0,0.0,
2.0,13.0,2021-07-03,teaching,1404.0,,,139.2703,,0.09919537037037036,,7.096875,91.85694444444445,1.8406085114190998,6.531273582568844e-86,,0.1587208132875657,0.0,0.0,0.0,
2.0,13.0,2021-07-04,teaching,1404.0,,,138.988,,0.098994301994302,,7.05125,98.28333333333333,2.1490953192521247,9.720023745553975e-86,,0.11658958643091479,0.0,0.0,0.0,
2.0,13.0,2021-07-05,teaching,1404.0,,,208.9048,,0.1487925925925926,,7.463402777777778,94.27847222222222,1.8982006142510042,1.670684286370203e-128,,0.14983799314567905,0.0,0.0,0.0,
2.0,13.0,2021-07-06,teaching,1404.0,,,125.4465,,0.08934935897435897,,6.794513888888889,89.48680555555555,1.7914956516653282,1.8636193852663615e-77,,0.16671064206094008,0.0,0.0,0.0,
2.0,13.0,2021-07-07,teaching,1404.0,,,171.5194,,0.12216481481481481,,5.5621527777777775,91.41111111111111,2.0548657760000077,1.2295920255327073e-105,,0.12811002986421072,0.0,0.0,0.0,
2.0,13.0,2021-07-08,teaching,1404.0,,,180.9469,,0.1288795584045584,,4.944444444444445,92.25,2.182258736098046,2.105759601596368e-111,,0.11278648780028205,0.0,0.0,0.0,
2.0,13.0,2021-07-09,teaching,1404.0,,,251.6022,,0.17920384615384616,,7.661736111111111,83.9486111111111,1.4700189398248837,1.2791769148756471e-154,,0.2299211304795369,0.0,0.0,0.0,
2.0,13.0,2021-07-10,teaching,1404.0,,,213.828,,0.1522991452991453,,6.8474305555555555,86.94375,1.6946501872056063,1.6278248921015434e-131,,0.18366346562180877,0.0,0.0,0.0,
2.0,13.0,2021-07-11,teaching,1404.0,,,227.1927,,0.1618181623931624,,6.477152777777778,89.14027777777778,1.8286604830305515,1.0890753341220255e-139,,0.16062858845110842,0.0,0.0,0.0,
2.0,13.0,2021-07-12,teaching,1404.0,,,245.0208,,0.17451623931623933,,7.7555555555555555,91.45972222222223,1.7284776189672875,1.3566230539939145e-150,,0.17755450993837976,0.0,0.0,0.0,
2.0,13.0,2021-07-13,teaching,1404.0,,,267.1755,,0.19029594017094018,,9.150625,89.15,1.4284262457042174,3.814920883157874e-164,,0.23968583219218884,0.0,0.0,0.0,
2.0,13.0,2021-07-14,teaching,1404.0,,,160.0805,,0.11401745014245014,,8.065625,97.0375,1.9597992067438834,1.2200868966329164e-98,,0.14088670718178334,0.0,0.0,0.0,
2.0,13.0,2021-07-15,teaching,1404.0,,,224.7389,,0.1600704415954416,,10.126527777777778,94.82430555555555,1.6062770196879343,3.450884193440185e-138,,0.20063317872706912,0.0,0.0,0.0,
2.0,13.0,2021-07-16,teaching,1404.0,,,138.0576,,0.09833162393162394,,9.21638888888889,95.93194444444444,1.7666286288899644,3.6037001228068646e-85,,0.17090821364635245,0.0,0.0,0.0,
2.0,13.0,2021-07-17,teaching,1404.0,,,138.6397,,0.09874622507122507,,8.057569444444445,95.29444444444445,1.8705386197611902,1.5874711048197254e-85,,0.15404067011770134,0.0,0.0,0.0,
2.0,13.0,2021-07-18,teaching,1404.0,,,199.8965,,0.14237642450142451,,9.702708333333334,89.98055555555555,1.39385358158332,5.405576072612325e-123,,0.2481173196470401,0.0,0.0,0.0,
2.0,13.0,2021-07-19,teaching,1404.0,,,151.9304,,0.1082125356125356,,8.5025,93.01597222222222,1.6995200376922805,1.1787408579727647e-93,,0.18277122630372508,0.0,0.0,0.0,
2.0,13.0,2021-07-20,teaching,1404.0,,,139.8051,,0.09957628205128206,,7.975763888888889,94.95138888888889,1.8636394091842283,3.0752909846535697e-86,,0.1551071036830227,0.0,0.0,0.0,
2.0,13.0,2021-07-21,teaching,1404.0,,,212.3702,,0.15126082621082623,,5.987847222222222,85.76180555555555,1.8030028177693382,1.2684531683959044e-130,,0.16480327028037522,0.0,0.0,0.0,
2.0,13.0,2021-07-22,teaching,1404.0,,,185.00109999999998,,0.13176716524216522,,4.936388888888889,92.02222222222223,2.1751972505993487,6.976666339113293e-114,,0.11358574660433758,0.0,0.0,0.0,
2.0,13.0,2021-07-23,teaching,1404.0,,,139.89849999999998,,0.09964280626780625,,7.003125,98.00694444444444,2.141154783030309,2.6962359087937453e-86,,0.11751905562320544,0.0,0.0,0.0,
2.0,13.0,2021-07-24,teaching,1404.0,,,139.9288,,0.09966438746438747,,8.471875,96.24444444444444,1.869255526957325,2.5835973063874983e-86,,0.15423844544794987,0.0,0.0,0.0,
2.0,13.0,2021-07-25,teaching,1404.0,,,139.7787,,0.09955747863247862,,7.108333333333333,89.84027777777777,1.7566312286077506,3.1917865208550604e-86,,0.1726254209715944,0.0,0.0,0.0,
2.0,13.0,2021-07-26,teaching,1404.0,,,252.4895,,0.1798358262108262,,10.831111111111111,94.72083333333333,1.5311315373014165,3.6661608001927047e-155,,0.21629078770268848,0.0,0.0,0.0,
2.0,13.0,2021-07-27,teaching,1404.0,,,346.2561,,0.24662115384615385,,8.777018633540372,99.0,1.9867988549119195,1.6279949978913206e-212,,0.1371337084647498,0.0,0.0,0.0,
2.0,13.0,2021-07-31,teaching,1404.0,,,254.6713,,0.1813898148148148,,10.767391304347827,86.32608695652173,1.075703522949869,1.6971040792754807e-156,,0.3410577289393276,0.0,0.0,0.0,
2.0,13.0,2021-08-01,teaching,1404.0,,,276.3291,,0.19681559829059828,,9.781132075471698,85.90566037735849,1.1965206620666686,9.608704948529659e-170,,0.302243993572548,0.0,0.0,0.0,
2.0,13.0,2021-08-02,teaching,1404.0,,,289.6433,,0.20629864672364673,,6.4450980392156865,86.90196078431373,1.7594047848061678,6.902454250227479e-178,,0.17214729802219045,0.0,0.0,0.0,
2.0,13.0,2021-08-03,teaching,1404.0,,,213.05689999999998,,0.15174992877492877,,8.763636363636364,94.35064935064935,1.7343504280120032,4.822284061421949e-131,,0.17651482213866493,0.0,0.0,0.0,
2.0,13.0,2021-08-04,teaching,1404.0,,,209.8427,,0.14946061253561255,,8.796363636363637,89.47272727272727,1.4926537385036858,4.458878893992953e-129,,0.22477536831832837,0.0,0.0,0.0,
2.0,13.0,2021-08-05,teaching,1404.0,,,324.2,,0.2309116809116809,,10.74561403508772,87.63157894736842,1.1428025495307361,5.038691915731368e-199,,0.31892396796899586,0.0,0.0,0.0,
2.0,13.0,2021-08-06,teaching,1404.0,,,339.1735,,0.24157656695156696,,10.621153846153845,86.90384615384616,1.1229536094464438,3.497371679172875e-208,,0.3253175133405632,0.0,0.0,0.0,
2.0,13.0,2021-08-07,teaching,1404.0,,,241.4839,,0.1719970797720798,,9.756603773584906,88.43396226415095,1.3119392659014275,1.9761153160566578e-148,,0.26929731058519724,0.0,0.0,0.0,
2.0,13.0,2021-08-08,teaching,1404.0,,,250.2646,,0.1782511396011396,,7.563492063492063,87.80952380952381,1.6095687221144397,8.415438617913654e-154,,0.19997383977497477,0.0,0.0,0.0,
2.0,13.0,2021-08-09,teaching,1404.0,,,283.1437,,0.20166930199430202,,9.065384615384614,90.59615384615384,1.5076686934067864,6.523774740932416e-174,,0.22142558763609319,0.0,0.0,0.0,
2.0,13.0,2021-08-10,teaching,1404.0,,,283.3254,,0.20179871794871795,,10.021153846153847,83.61538461538461,1.0712723500660628,5.050818125551884e-174,,0.34257236803509666,0.0,0.0,0.0,
2.0,13.0,2021-08-11,teaching,1404.0,,,326.5822,,0.23260840455840456,,12.576666666666666,80.06666666666666,0.5414892775651254,1.758893920170442e-200,,0.581881024407479,0.0,0.0,0.0,
2.0,13.0,2021-08-12,teaching,1404.0,,,304.93149999999997,,0.21718767806267805,,10.108928571428573,87.73214285714286,1.2311186006847235,3.07567565986233e-187,,0.2919658018032599,0.0,0.0,0.0,
2.0,13.0,2021-08-13,teaching,1404.0,,,274.3745,,0.19542343304843307,,10.510416666666666,86.85416666666667,1.135360406896491,1.5073027199004865e-168,,0.3213062994579329,0.0,0.0,0.0,
2.0,13.0,2021-08-14,teaching,1404.0,,,237.88739999999999,,0.16943547008547008,,7.938888888888889,88.27777777777777,1.5690341374589825,3.130544298849359e-146,,0.2082462224784305,0.0,0.0,0.0,
2.0,13.0,2021-08-15,teaching,1404.0,,,221.5421,,0.15779351851851853,,6.445762711864407,93.64406779661017,2.011682211371319,3.1135835374677178e-136,,0.13376346687331478,0.0,0.0,0.0,
2.0,13.0,2021-08-16,teaching,1404.0,,,275.4707,,0.1962042022792023,,7.849090909090909,89.76363636363637,1.642227171850929,3.2188979587069097e-169,,0.19354849614315892,0.0,0.0,0.0,
2.0,13.0,2021-08-17,teaching,1404.0,,,276.9323,,0.19724522792022792,,8.966037735849056,88.9622641509434,1.4459049902679897,4.108811128567466e-170,,0.23553282516063692,0.0,0.0,0.0,
2.0,13.0,2021-08-18,teaching,1404.0,,,273.6896,,0.19493561253561253,,7.303174603174604,91.41269841269842,1.7916435541761924,3.954769324918045e-168,,0.16668598696171197,0.0,0.0,0.0,
2.0,13.0,2021-08-19,teaching,1404.0,,,262.3543,,0.18686203703703705,,7.043548387096774,92.2258064516129,1.8641224070960862,3.391436591206201e-161,,0.1550322053651511,0.0,0.0,0.0,
2.0,13.0,2021-08-20,teaching,1404.0,,,323.9818,,0.23075626780626782,,8.79,92.32,1.6278356265619405,6.851416055423194e-199,,0.19635409814140636,0.0,0.0,0.0,
2.0,13.0,2021-08-21,teaching,1404.0,,,265.035,,0.18877136752136753,,11.551923076923078,87.26923076923077,1.026382072441625,7.775482118362318e-163,,0.35830092521406165,0.0,0.0,0.0,
2.0,13.0,2021-08-22,teaching,1404.0,,,357.988,,0.25497720797720796,,11.027272727272727,85.14545454545454,0.9848356993751615,1.0859484538187e-219,,0.373500588275701,0.0,0.0,0.0,
2.0,13.0,2021-08-23,teaching,1404.0,,,256.9414,,0.18300669515669515,,9.6609375,96.390625,1.74467787131589,6.937396955137196e-158,,0.1747012561894498,0.0,0.0,0.0,
2.0,13.0,2021-08-24,teaching,1404.0,,,275.4202,,0.19616823361823363,,8.894915254237288,79.40677966101696,1.1556016417760757,3.456174420658401e-169,,0.3148680421370446,0.0,0.0,0.0,
2.0,13.0,2021-08-25,teaching,1404.0,,,273.3324,,0.1946811965811966,,7.797916666666667,75.27083333333333,1.3290243918686944,6.5403857804703285e-168,,0.2647354133736487,0.0,0.0,0.0,
2.0,13.0,2021-08-26,teaching,1404.0,,,276.6226,,0.19702464387464386,,8.083333333333334,79.02083333333333,1.296654104224483,6.355429446883553e-170,,0.2734451832110684,0.0,0.0,0.0,
2.0,13.0,2021-08-27,teaching,1404.0,,,298.3869,,0.21252628205128207,,9.810416666666667,84.66666666666667,1.1429496136468729,3.0971362421213995e-183,,0.31887706914618313,0.0,0.0,0.0,
2.0,13.0,2021-08-28,teaching,1404.0,,,248.9095,,0.17728596866096866,,9.305555555555555,86.33333333333333,1.2849826275760912,5.674489747088917e-153,,0.2766553897649338,0.0,0.0,0.0,
2.0,13.0,2021-08-29,teaching,1404.0,,,192.5315,,0.137130698005698,,8.76031746031746,95.61904761904762,1.8017778416028027,1.7284679119300694e-118,,0.16500527405828253,0.0,0.0,0.0,
2.0,13.0,2021-08-30,teaching,1404.0,,,278.7672,,0.19855213675213676,,9.639622641509433,88.86792452830188,1.3482486547654673,3.1002401480261503e-171,,0.2596946776453466,0.0,0.0,0.0,
2.0,13.0,2021-08-31,teaching,1404.0,,,312.8089,,0.22279836182336182,,9.464285714285714,86.73214285714286,1.2776683215416682,4.6742350637524676e-192,,0.27868635043114076,0.0,0.0,0.0,
2.0,13.0,2021-09-01,teaching,1404.0,,,437.9456,,0.31192706552706556,,13.102083333333333,79.6875,0.4476900830390812,1.3475896197880516e-268,,0.6391027221160036,0.0,0.0,0.0,
2.0,13.0,2021-09-02,teaching,1404.0,,,464.3022,,0.33069957264957267,,14.078,77.42,0.20930644971767856,1.0197227665525972e-284,,0.8111466218982745,0.0,0.0,0.0,
2.0,13.0,2021-09-03,teaching,1404.0,,,564.652,,0.4021737891737892,,18.847540983606557,76.88524590163935,0.7100218583496977,0.0,,0.49163345104762,0.0,0.0,0.0,
2.0,13.0,2021-09-04,teaching,1404.0,,,370.7575,,0.26407229344729344,,12.775714285714285,98.1,1.6122073114865094,1.6800217685322302e-227,,0.19944688643911582,0.0,0.0,0.0,
2.0,13.0,2021-09-05,teaching,1404.0,,,202.1001,,0.14394594017094017,,10.340000000000002,83.12727272727273,1.003452692167797,2.4266376462367287e-124,,0.36661145694546426,0.0,0.0,0.0,
2.0,13.0,2021-09-06,teaching,1404.0,,,301.1263,,0.21447742165242167,,11.17,76.36,0.7093205218457432,6.537323015718803e-185,,0.49197837247225973,0.0,0.0,0.0,
2.0,13.0,2021-09-07,teaching,1404.0,,,257.8854,,0.18367905982905983,,9.893749999999999,84.14583333333333,1.1105350766409727,1.835679065456573e-158,,0.32938266894240176,0.0,0.0,0.0,
2.0,13.0,2021-09-08,teaching,1404.0,,,288.0094,,0.2051349002849003,,9.00677966101695,91.05084745762711,1.5373447896902486,6.892587097051763e-177,,0.214951084715583,0.0,0.0,0.0,
2.0,13.0,2021-09-09,teaching,1404.0,,,394.3637,,0.2808858262108262,,10.487037037037036,89.29629629629629,1.2605075072486323,6.116851102203051e-242,,0.2835101065485163,0.0,0.0,0.0,
2.0,13.0,2021-09-10,teaching,1404.0,,,402.444,,0.28664102564102567,,12.910416666666668,80.29166666666667,0.5015468394789621,6.985438385699642e-247,,0.6055931793956982,0.0,0.0,0.0,
2.0,13.0,2021-09-11,teaching,1404.0,,,415.7411,,0.2961118945868946,,15.305769230769231,64.98076923076923,0.7498185408536612,5.140337091762005e-255,,0.47245227574981086,0.0,0.0,0.0,
2.0,13.0,2021-09-12,teaching,1404.0,,,349.3533,,0.24882713675213675,,12.16734693877551,74.59183673469387,0.5301820250054401,2.0760772058630352e-214,,0.5884978386061103,0.0,0.0,0.0,
2.0,13.0,2021-09-13,teaching,1404.0,,,296.0628,,0.21087094017094016,,9.46551724137931,83.43103448275862,1.154213577052867,8.175258004769618e-182,,0.3153054028310534,0.0,0.0,0.0,
2.0,13.0,2021-09-14,teaching,1404.0,,,282.6987,,0.20135235042735042,,9.525,68.83333333333333,1.1187535294555733,1.2209116543646025e-173,,0.3266867463502595,0.0,0.0,0.0,
2.0,13.0,2021-09-15,teaching,1404.0,,,309.3279,,0.2203190170940171,,9.160416666666666,79.625,1.111622438260579,6.293210743739789e-190,,0.32902470552314195,0.0,0.0,0.0,
2.0,13.0,2021-09-16,teaching,1404.0,,,323.594,,0.23048005698005697,,10.049999999999999,83.16666666666667,1.0509520219347581,1.1829846538195619e-198,,0.34960475923018736,0.0,0.0,0.0,
2.0,13.0,2021-09-17,teaching,1404.0,,,399.5756,,0.2845980056980057,,11.568,84.34,0.8735880044669561,3.968781425777429e-245,,0.4174510427392927,0.0,0.0,0.0,
2.0,13.0,2021-09-18,teaching,1404.0,,,380.2705,,0.2708479344729345,,13.660377358490566,78.83018867924528,0.330387754700936,2.5507411433776686e-233,,0.7186450214141131,0.0,0.0,0.0,
2.0,13.0,2021-09-19,teaching,1404.0,,,283.2375,,0.20173611111111112,,11.014000000000001,77.98,0.7532607519678007,5.7164442092304365e-174,,0.4708287910668648,0.0,0.0,0.0,
2.0,13.0,2021-09-20,teaching,1404.0,,,327.714,,0.2334145299145299,,10.303703703703704,81.70370370370371,0.9622935699455906,3.5724943594290855e-201,,0.38201570068689933,0.0,0.0,0.0,
2.0,13.0,2021-09-21,teaching,1404.0,,,281.2624,,0.20032934472934474,,8.5,75.875,1.1994642470490977,9.229973769406862e-173,,0.301355620833821,0.0,0.0,0.0,
2.0,13.0,2021-09-22,teaching,1404.0,,,340.7803,,0.2427210113960114,,10.792,82.4,0.9060471966669953,3.638637917370673e-209,,0.4041184719264062,0.0,0.0,0.0,
2.0,13.0,2021-09-23,teaching,1404.0,,,367.7119,,0.2619030626780627,,11.840000000000002,88.36363636363636,1.0569106095738283,1.2250765175305678e-225,,0.3475278026423551,0.0,0.0,0.0,
2.0,13.0,2021-09-24,teaching,1404.0,,,427.1535,,0.3042403846153846,,12.720338983050848,76.01694915254237,0.42303671083291106,5.377379180732034e-262,,0.655054585070977,0.0,0.0,0.0,
2.0,13.0,2021-09-25,teaching,1404.0,,,272.2025,,0.1938764245014245,,10.285416666666666,67.58333333333333,1.0389050971448361,3.211510322042218e-167,,0.35384189243947556,0.0,0.0,0.0,
2.0,13.0,2021-09-26,teaching,1404.0,,,280.435,,0.1997400284900285,,10.308333333333334,62.270833333333336,1.2760019554436204,2.959931063545526e-172,,0.2791511310572778,0.0,0.0,0.0,
2.0,13.0,2021-09-27,teaching,1404.0,,,355.7444,,0.25337920227920224,,10.660416666666666,75.9375,0.8018669247622193,2.5592479071229286e-218,,0.4484908833080576,0.0,0.0,0.0,
2.0,13.0,2021-09-28,teaching,1404.0,,,504.42810000000003,,0.3592792735042735,,13.838,81.8,0.4756882622235316,2.91999617222089e-309,,0.6214571837344853,0.0,0.0,0.0,
2.0,13.0,2021-09-29,teaching,1404.0,,,506.7983,,0.36096745014245013,,13.992105263157896,98.89473684210526,1.6248949908478776,1.036678168776e-310,,0.1969323538179531,0.0,0.0,0.0,
2.0,13.0,2021-09-30,teaching,1404.0,,,471.6804,,0.33595470085470086,,14.174666666666665,97.44,1.5205240765351988,3.1303216648944247e-289,,0.2185972952143373,0.0,0.0,0.0,
2.0,13.0,2021-10-01,teaching,1404.0,,,378.5549,,0.2696259971509971,,13.852307692307692,92.55384615384615,1.1917388697063158,2.8577031125546786e-232,,0.30369272259215846,0.0,0.0,0.0,
2.0,13.0,2021-10-02,teaching,1404.0,,,377.555,,0.26891381766381767,,15.255999999999998,87.2,0.8007072268397011,1.1684449684728359e-231,,0.44901129895784675,0.0,0.0,0.0,
2.0,13.0,2021-10-03,teaching,1404.0,,,427.9323,,0.3047950854700855,,13.253333333333334,92.4,1.206075502419992,1.795625790285249e-262,,0.2993698533080816,0.0,0.0,0.0,
2.0,13.0,2021-10-04,teaching,1404.0,,,279.1758,,0.19884316239316238,,12.217543859649123,89.54385964912281,1.0918500875352546,1.743709758528697e-171,,0.3355950388128169,0.0,0.0,0.0,
2.0,13.0,2021-10-05,teaching,1404.0,,,146.1082,,0.10406566951566952,,10.837037037037037,85.5,1.0274109673336294,4.291216992415187e-90,,0.3579324608103853,0.0,0.0,0.0,
2.0,13.0,2021-10-06,teaching,1404.0,,,146.4998,,0.1043445868945869,,11.32777777777778,84.0925925925926,0.894902811210679,2.4720510059340902e-90,,0.4086473126485146,0.0,0.0,0.0,
2.0,13.0,2021-10-07,teaching,1404.0,,,388.9072,,0.2769994301994302,,14.543750000000001,60.729166666666664,1.0476147822302462,1.3304813581417043e-238,,0.35077342308465115,0.0,0.0,0.0,
2.0,13.0,2021-10-08,teaching,1404.0,,,483.8153,,0.344597792022792,,11.864583333333334,78.625,0.6143249796764141,1.1837206585787597e-296,,0.5410059621013021,0.0,0.0,0.0,
2.0,13.0,2021-10-09,teaching,1404.0,,,604.5,,0.4305555555555556,,15.208333333333334,77.41666666666667,0.12335702272877883,0.0,,0.8839480166847823,0.0,0.0,0.0,
2.0,13.0,2021-10-10,teaching,1404.0,,,411.6395,,0.29319052706552706,,14.581249999999999,83.5625,0.5519844435212921,1.658611821199936e-252,,0.575806021334902,0.0,0.0,0.0,
2.0,13.0,2021-10-11,teaching,1404.0,,,509.4793,,0.3628769943019943,,12.18125,64.9375,0.9144038644707774,2.37576829637e-312,,0.40075545946313235,0.0,0.0,0.0,
2.0,13.0,2021-10-12,teaching,1404.0,,,576.9076,,0.410902849002849,,14.508333333333333,63.604166666666664,0.8489377186244071,0.0,,0.42786920811242146,0.0,0.0,0.0,
2.0,13.0,2021-10-13,teaching,1404.0,,,512.0253,,0.3646903846153846,,14.317543859649124,85.75438596491227,0.7105277338399052,6.5847194407e-314,,0.4913848086309236,0.0,0.0,0.0,
2.0,13.0,2021-10-14,teaching,1404.0,,,495.133,,0.3526588319088319,,12.97258064516129,84.12903225806451,0.6959849192867671,1.4149847629105326e-303,,0.49858314192390707,0.0,0.0,0.0,
2.0,13.0,2021-10-15,teaching,1404.0,,,445.8217,,0.3175368233618234,,12.262745098039215,84.13725490196079,0.7748725620003317,2.05174232840175e-273,,0.46076249590843177,0.0,0.0,0.0,
2.0,13.0,2021-10-16,teaching,1404.0,,,438.6496,,0.31242849002849005,,13.336231884057971,77.92753623188406,0.345268837130109,4.9998206239147076e-269,,0.708029983130943,0.0,0.0,0.0,
2.0,13.0,2021-10-17,teaching,1404.0,,,471.9962,,0.3361796296296296,,12.322916666666666,78.08333333333333,0.5222967941631157,2.0064538000820132e-289,,0.5931566235721506,0.0,0.0,0.0,
2.0,13.0,2021-10-18,teaching,1404.0,,,513.5677000000001,,0.36578896011396017,,13.803636363636365,86.83636363636364,0.8056703329536701,7.50109623e-315,,0.44678832921520056,0.0,0.0,0.0,
2.0,13.0,2021-10-19,teaching,1404.0,,,572.6094,,0.407841452991453,,13.70392156862745,73.47058823529412,0.28784122329318657,0.0,,0.7498806463668133,0.0,0.0,0.0,
2.0,13.0,2021-10-20,teaching,1404.0,,,587.7113,,0.41859779202279207,,15.954166666666666,67.9375,0.5688668908770947,0.0,,0.5661666039198415,0.0,0.0,0.0,
2.0,13.0,2021-10-21,teaching,1404.0,,,537.7973000000001,,0.38304650997151,,16.35625,78.77083333333333,0.32562868457442545,0.0,,0.7220732545977259,0.0,0.0,0.0,
2.0,13.0,2021-10-22,teaching,1404.0,,,642.4583,,0.45759138176638176,,18.537499999999998,75.58333333333333,0.6483676072322548,0.0,,0.5228986564393525,0.0,0.0,0.0,
2.0,13.0,2021-10-23,teaching,1404.0,,,527.7926,,0.37592065527065527,,17.722916666666666,81.77083333333333,0.652622323087043,1.5e-323,,0.5206785974445247,0.0,0.0,0.0,
2.0,13.0,2021-10-24,teaching,1404.0,,,512.8718,,0.36529330484330486,,13.625,64.79166666666667,0.8029854598446526,1.99881954e-314,,0.44798951097447137,0.0,0.0,0.0,
2.0,13.0,2021-10-25,teaching,1404.0,,,479.2278,,0.3413303418803419,,12.366666666666667,64.08333333333333,0.9458118559442218,7.571889122222767e-294,,0.38836414713837236,0.0,0.0,0.0,
2.0,13.0,2021-10-26,teaching,1404.0,,,594.0316,,0.4230994301994302,,14.214583333333332,69.79166666666667,0.4384188113254624,0.0,,0.6450555696989362,0.0,0.0,0.0,
2.0,13.0,2021-10-27,teaching,1404.0,,,644.7761,,0.4592422364672365,,16.35625,68.875,0.5367957606038789,0.0,,0.5846185120619676,0.0,0.0,0.0,
2.0,13.0,2021-10-28,teaching,1404.0,,,680.4603,,0.4846583333333333,,19.220408163265304,65.87755102040816,1.0338979687315701,0.0,,0.3556180672897717,0.0,0.0,0.0,
2.0,13.0,2021-10-29,teaching,1404.0,,,410.363,,0.292281339031339,,16.594545454545454,58.345454545454544,1.2444286340882764,1.0011956246688026e-251,,0.28810547475967085,0.0,0.0,0.0,
2.0,13.0,2021-10-30,teaching,1404.0,,,407.0567,,0.2899264245014245,,11.572916666666666,55.541666666666664,1.5415705625865417,1.0539621365025935e-249,,0.2140446667548256,0.0,0.0,0.0,
2.0,13.0,2021-10-31,teaching,1404.0,,,521.1008,,0.371154415954416,,12.731250000000001,64.41666666666667,0.8924817765032917,1.85136e-319,,0.40963786056712853,0.0,0.0,0.0,
2.0,13.0,2021-11-01,teaching,1404.0,,,636.7152,,0.45350085470085466,,15.456249999999999,65.91666666666667,0.6875364128003235,0.0,,0.5028132687984421,0.0,0.0,0.0,
2.0,13.0,2021-11-02,teaching,1404.0,,,611.7569,,0.43572428774928773,,19.458333333333332,61.1875,1.3012017276911145,0.0,,0.2722044807411282,0.0,0.0,0.0,
2.0,13.0,2021-11-03,teaching,1404.0,,,603.9281,,0.43014821937321934,,19.935185185185187,76.18518518518519,0.9061638846122101,0.0,,0.4040713189234408,0.0,0.0,0.0,
2.0,13.0,2021-11-04,teaching,1404.0,,,708.6584,,0.5047424501424501,,19.574137931034482,85.36206896551724,1.0747193033755742,0.0,,0.3413935698756155,0.0,0.0,0.0,
2.0,13.0,2021-11-05,teaching,1404.0,,,563.7442,,0.401527207977208,,19.385416666666668,74.1875,0.8114337113682757,0.0,,0.444220725146874,0.0,0.0,0.0,
2.0,13.0,2021-11-06,teaching,1404.0,,,597.5023,,0.4255714387464387,,19.086206896551722,85.67241379310344,1.0207075386975537,0.0,,0.3603398955363787,0.0,0.0,0.0,
2.0,13.0,2021-11-07,teaching,1404.0,,,670.0126,,0.4772169515669516,,20.814583333333335,78.33333333333333,1.0828677115619458,0.0,,0.3386230586734962,0.0,0.0,0.0,
2.0,13.0,2021-11-08,teaching,1404.0,,,580.7908,,0.41366866096866095,,18.98125,70.41666666666667,0.8181030625026262,0.0,,0.44126791874619375,0.0,0.0,0.0,
2.0,13.0,2021-11-09,teaching,1404.0,,,583.5742,,0.41565113960113964,,16.56935483870968,69.79032258064517,0.5023313716517641,0.0,,0.6051182583825991,0.0,0.0,0.0,
2.0,13.0,2021-11-10,teaching,1404.0,,,551.2682,,0.39264116809116806,,17.216666666666665,69.9375,0.5712556033710409,0.0,,0.5648158086524663,0.0,0.0,0.0,
2.0,13.0,2021-11-11,teaching,1404.0,,,550.7683,,0.39228511396011395,,14.808163265306122,69.89795918367346,0.4072659167713378,0.0,,0.6654672078799164,0.0,0.0,0.0,
2.0,13.0,2021-11-12,teaching,1404.0,,,421.3595,,0.300113603988604,,13.656962025316457,97.81012658227849,1.558598119016136,1.8814132766771636e-258,,0.21043086354661802,0.0,0.0,0.0,
2.0,13.0,2021-11-13,teaching,1404.0,,,383.5557,,0.27318782051282053,,13.00923076923077,89.58461538461539,1.0337874310241548,2.4961241678029704e-235,,0.35565737866830016,0.0,0.0,0.0,
2.0,13.0,2021-11-14,teaching,1404.0,,,394.9312,,0.2812900284900285,,11.72456140350877,73.96491228070175,0.6180440117546718,2.7505225968795837e-242,,0.5389976803206459,0.0,0.0,0.0,
2.0,13.0,2021-11-15,teaching,1404.0,,,453.3082,,0.32286908831908834,,11.312962962962963,70.66666666666667,0.767098972726643,5.4073903713951815e-278,,0.46435823208531407,0.0,0.0,0.0,
2.0,13.0,2021-11-16,teaching,1404.0,,,509.895,,0.36317307692307693,,11.683333333333332,69.10416666666667,0.767190840686268,1.322940198677e-312,,0.4643155744014645,0.0,0.0,0.0,
2.0,13.0,2021-11-17,teaching,1404.0,,,588.1782000000001,,0.41893034188034195,,14.854166666666666,69.95833333333333,0.4023657732696382,0.0,,0.6687360951617102,0.0,0.0,0.0,
2.0,13.0,2021-11-18,teaching,1404.0,,,609.4782,,0.43410128205128207,,16.912727272727274,68.49090909090908,0.6127140487120601,0.0,,0.541878187716551,0.0,0.0,0.0,
2.0,13.0,2021-11-19,teaching,1404.0,,,552.9624,,0.39384786324786325,,18.604166666666668,73.20833333333333,0.6833389354501915,0.0,,0.5049282517968948,0.0,0.0,0.0,
2.0,13.0,2021-11-20,teaching,1404.0,,,471.0908,,0.33553475783475784,,16.486,81.08,0.46107185455803507,7.181566311855044e-289,,0.6306073637566614,0.0,0.0,0.0,
2.0,13.0,2021-11-21,teaching,1404.0,,,612.8228,,0.4364834757834758,,17.822,71.78,0.5849430745389491,0.0,,0.5571375762228818,0.0,0.0,0.0,
2.0,13.0,2021-11-22,teaching,1404.0,,,687.0473000000001,,0.48934992877492883,,19.795833333333334,63.625,1.2181166088579372,0.0,,0.29578672474879053,0.0,0.0,0.0,
2.0,13.0,2021-11-23,teaching,1404.0,,,698.0444,,0.49718262108262107,,20.008333333333333,67.97916666666667,1.0654957992362588,0.0,,0.3445569813230713,0.0,0.0,0.0,
2.0,13.0,2021-11-24,teaching,1404.0,,,758.6885,,0.5403764245014245,,19.061016949152542,97.0677966101695,1.6627713158754491,0.0,,0.18961277440530333,0.0,0.0,0.0,
2.0,13.0,2021-11-25,teaching,1404.0,,,684.9992,,0.48789116809116806,,18.91296296296296,98.77777777777777,1.7587599283573778,0.0,,0.1722583441180092,0.0,0.0,0.0,
2.0,13.0,2021-11-26,teaching,1404.0,,,458.8874,,0.3268428774928775,,16.591666666666665,79.1875,0.3774547355863101,2.091496291016862e-281,,0.6856042343556392,0.0,0.0,0.0,
2.0,13.0,2021-11-27,teaching,1404.0,,,607.4706,,0.43267136752136753,,17.258333333333333,56.041666666666664,1.4312836188105869,0.0,,0.23900193787722582,0.0,0.0,0.0,
2.0,13.0,2021-11-28,teaching,1404.0,,,637.9202,,0.45435911680911684,,17.833333333333332,57.520833333333336,1.3694642464033233,0.0,,0.25424313474523863,0.0,0.0,0.0,
2.0,13.0,2021-11-29,teaching,1404.0,,,624.6557,,0.44491146723646724,,19.985416666666666,65.60416666666667,1.1546588458755525,0.0,,0.31516503841781607,0.0,0.0,0.0,
2.0,13.0,2021-11-30,teaching,1404.0,,,801.2915,,0.5707204415954417,,21.912499999999998,60.270833333333336,1.6641595497666684,0.0,,0.18934973015138462,0.0,0.0,0.0,
2.0,13.0,2021-12-01,teaching,1404.0,,,830.4983,,0.5915230056980056,,23.220408163265304,66.89795918367346,1.630517470773091,0.0,,0.19582821252680915,0.0,0.0,0.0,
2.0,13.0,2021-12-02,teaching,1404.0,,,880.1914,,0.6269169515669516,,23.38490566037736,69.32075471698113,1.6037794674266552,0.0,,0.2011348968491016,0.0,0.0,0.0,
2.0,13.0,2021-12-03,teaching,1404.0,,,713.3488,,0.5080831908831909,,23.579591836734696,66.75510204081633,1.6955842887763697,0.0,,0.18349198539252407,0.0,0.0,0.0,
2.0,13.0,2021-12-04,teaching,1404.0,,,600.5205,,0.42772115384615383,,19.420833333333334,62.541666666666664,1.2246968316507616,0.0,,0.29384677186176933,0.0,0.0,0.0,
2.0,13.0,2021-12-05,teaching,1404.0,,,557.1954000000001,,0.39686282051282057,,19.747916666666665,57.729166666666664,1.5260009129198864,0.0,,0.21740334611070633,0.0,0.0,0.0,
2.0,13.0,2021-12-06,teaching,1404.0,,,709.6575,,0.5054540598290599,,18.912499999999998,65.52083333333333,1.0095001214830326,0.0,,0.36440109032771817,0.0,0.0,0.0,
2.0,13.0,2021-12-07,teaching,1404.0,,,605.6288,,0.43135954415954414,,21.352941176470587,74.86274509803921,1.168094077640196,0.0,,0.3109590406270577,0.0,0.0,0.0,
2.0,13.0,2021-12-08,teaching,1404.0,,,624.3958,,0.4447263532763533,,16.971153846153847,66.76923076923077,0.719828973946335,0.0,,0.4868355103965569,0.0,0.0,0.0,
2.0,13.0,2021-12-09,teaching,1404.0,,,522.4478,,0.3721138176638177,,14.937254901960783,83.45098039215686,0.538587470848221,2.777e-320,,0.5835719829033476,0.0,0.0,0.0,
2.0,13.0,2021-12-10,teaching,1404.0,,,569.4843,,0.4056155982905983,,16.59387755102041,73.71428571428571,0.3223539638388203,0.0,,0.7244417187699743,0.0,0.0,0.0,
2.0,13.0,2021-12-11,teaching,1404.0,,,603.0014,,0.4294881766381766,,18.224999999999998,56.979166666666664,1.4326436804137406,0.0,,0.23867710146727658,0.0,0.0,0.0,
2.0,13.0,2021-12-12,teaching,1404.0,,,667.861,,0.4756844729344729,,19.747916666666665,58.041666666666664,1.5081832341244157,0.0,,0.22131168446175298,0.0,0.0,0.0,
2.0,13.0,2021-12-13,teaching,1404.0,,,786.3118,,0.5600511396011396,,22.193749999999998,59.458333333333336,1.7402669126753194,0.0,,0.17547355824898403,0.0,0.0,0.0,
2.0,13.0,2021-12-14,teaching,1404.0,,,831.703,,0.5923810541310541,,24.92,57.86,2.20706411836892,0.0,,0.11002318987435493,0.0,0.0,0.0,
2.0,13.0,2021-12-15,teaching,1404.0,,,623.1631,,0.4438483618233618,,21.958000000000002,70.08,1.336949466553875,0.0,,0.2626456571255855,0.0,0.0,0.0,
2.0,13.0,2021-12-16,teaching,1404.0,,,615.6577,,0.43850263532763534,,19.59107142857143,74.08928571428571,0.8498635321476321,0.0,,0.42747326432671634,0.0,0.0,0.0,
2.0,13.0,2021-12-17,teaching,1404.0,,,780.9307,,0.5562184472934473,,22.85625,58.0,1.8989579614064422,0.0,,0.14972455672858956,0.0,0.0,0.0,
2.0,13.0,2021-12-18,teaching,1404.0,,,926.9431,,0.6602158831908832,,26.229411764705883,62.490196078431374,2.2605239199514986,0.0,,0.10429582777304529,0.0,0.0,0.0,
2.0,13.0,2021-12-19,teaching,1404.0,,,518.3457,,0.369192094017094,,21.099999999999998,84.85915492957747,1.2882143481015644,8.96706e-318,,0.2757627600051924,0.0,0.0,0.0,
2.0,13.0,2021-12-20,teaching,1404.0,,,641.8829000000001,,0.45718155270655275,,18.2,63.208333333333336,1.0501660958791166,0.0,,0.3498796307198269,0.0,0.0,0.0,
2.0,13.0,2021-12-21,teaching,1404.0,,,797.9411,,0.5683341168091168,,21.618750000000002,59.729166666666664,1.64852876255449,0.0,,0.19233266758951162,0.0,0.0,0.0,
2.0,13.0,2021-12-22,teaching,1404.0,,,799.2722,,0.5692821937321937,,23.0625,50.145833333333336,2.3165273147008647,0.0,,0.09861545209418711,0.0,0.0,0.0,
2.0,13.0,2021-12-23,teaching,1404.0,,,805.2634,,0.5735494301994303,,22.320833333333336,58.479166666666664,1.8027765704689245,0.0,,0.16484056079365544,0.0,0.0,0.0,
2.0,13.0,2021-12-24,teaching,1404.0,,,736.5026,,0.5245745014245015,,23.944000000000003,57.46,2.078067220891182,0.0,,0.1251719082000305,0.0,0.0,0.0,
2.0,13.0,2021-12-25,teaching,1404.0,,,780.819,,0.5561388888888888,,24.708333333333332,59.791666666666664,2.100956427239625,0.0,,0.12233936358017827,0.0,0.0,0.0,
2.0,13.0,2021-12-26,teaching,1404.0,,,713.8055,,0.5084084757834758,,24.364583333333332,56.354166666666664,2.1864694505626505,0.0,,0.11231257456156529,0.0,0.0,0.0,
2.0,13.0,2021-12-27,teaching,1404.0,,,714.3309,,0.5087826923076924,,20.258333333333333,49.291666666666664,2.078208503715057,0.0,,0.12515422480857938,0.0,0.0,0.0,
2.0,13.0,2021-12-28,teaching,1404.0,,,731.0907,,0.5207198717948718,,20.533333333333335,49.604166666666664,2.0831665204222176,0.0,,0.12453524379808087,0.0,0.0,0.0,
2.0,13.0,2021-12-29,teaching,1404.0,,,813.5506,,0.5794519943019943,,21.70625,53.958333333333336,1.9528748085464909,0.0,,0.14186564822034978,0.0,0.0,0.0,
2.0,13.0,2021-12-30,teaching,1404.0,,,875.3555,,0.6234725783475783,,24.354166666666668,53.833333333333336,2.297480441091996,0.0,,0.10051177028349437,0.0,0.0,0.0,
2.0,13.0,2021-12-31,teaching,1404.0,,,510.872,,0.36386894586894586,,25.358333333333334,50.291666666666664,2.6001641545035263,3.3416110338e-313,,0.07426138687263618,0.0,0.0,0.0,
2.0,13.0,2022-01-01,teaching,1404.0,,,51.367,,0.036586182336182334,,26.316666666666666,49.479166666666664,2.768992360059504,3.8128987283710664e-32,,0.06272517730313557,1.0,0.0,0.0,
2.0,13.0,2022-01-02,teaching,1404.0,,,29.817999999999998,,0.021237891737891736,,26.986,53.42,2.6958029707521014,5.777648510414305e-19,,0.06748816898568719,0.0,0.0,0.0,
2.0,13.0,2022-01-03,teaching,1404.0,,,47.580999999999996,,0.033889601139601135,,27.43958333333333,54.5,2.7229270528865124,7.888073607450682e-30,,0.06568221745672287,0.0,0.0,0.0,
2.0,13.0,2022-01-04,teaching,1404.0,,,43.6209,,0.031069017094017094,,26.664583333333336,60.166666666666664,2.4023886373274195,2.085332480032849e-27,,0.09050151959362744,0.0,0.0,0.0,
2.0,13.0,2022-01-05,teaching,1404.0,,,146.0165,,0.10400035612535613,,19.265714285714285,91.68571428571428,1.359538748984144,4.882800649368525e-90,,0.2567791893044653,0.0,0.0,0.0,
2.0,13.0,2022-01-06,teaching,1404.0,,,140.4491,,0.1000349715099715,,19.36875,97.1,1.6908750682825484,1.2416011921329435e-86,,0.18435812743683472,0.0,0.0,0.0,
2.0,13.0,2022-01-07,teaching,1404.0,,,142.1714,,0.10126168091168092,,20.16829268292683,95.53658536585365,1.6745804434285096,1.097825539579581e-87,,0.18738678234757394,0.0,0.0,0.0,
2.0,13.0,2022-01-08,teaching,1404.0,,,38.2188,,0.027221367521367522,,22.0864406779661,82.38983050847457,1.3819880236431445,4.2012865752978656e-24,,0.2510789057680406,0.0,0.0,0.0,
2.0,13.0,2022-01-09,teaching,1404.0,,,39.4099,,0.028069729344729344,,25.170833333333334,69.1875,1.9239325133946334,7.849522303744094e-25,,0.14603156041703103,0.0,0.0,0.0,
2.0,13.0,2022-01-10,teaching,1404.0,,,741.5154,,0.5281448717948718,,26.889583333333334,66.47916666666667,2.278532436305555,0.0,,0.10243442550468783,0.0,0.0,0.0,
2.0,13.0,2022-01-11,teaching,1404.0,,,830.6591,,0.5916375356125356,,24.331578947368424,74.54385964912281,1.71683313304356,0.0,,0.1796341254583043,0.0,0.0,0.0,
2.0,13.0,2022-01-12,teaching,1404.0,,,860.0348,,0.6125603988603989,,25.21875,59.916666666666664,2.1769000787954904,0.0,,0.11339249417687775,0.0,0.0,0.0,
2.0,13.0,2022-01-13,teaching,1404.0,,,816.2075,,0.5813443732193732,,25.650000000000002,60.458333333333336,2.227506179536777,0.0,,0.10779692138057734,0.0,0.0,0.0,
2.0,13.0,2022-01-14,teaching,1404.0,,,774.8109000000001,,0.5518596153846155,,24.98888888888889,74.20370370370371,1.838910954715101,0.0,,0.15899047969047309,0.0,0.0,0.0,
2.0,13.0,2022-01-15,teaching,1404.0,,,806.6176,,0.5745139601139602,,24.220754716981133,77.77358490566037,1.7005008787142681,0.0,,0.18259204467603796,0.0,0.0,0.0,
2.0,13.0,2022-01-16,teaching,1404.0,,,814.6486,,0.5802340455840456,,24.323076923076922,68.51923076923077,1.7851975462085214,0.0,,0.16776391660086726,0.0,0.0,0.0,
2.0,13.0,2022-01-17,teaching,1404.0,,,820.4567,,0.5843708689458689,,22.849999999999998,79.4375,1.4651996263567848,0.0,,0.2310318668237599,0.0,0.0,0.0,
2.0,13.0,2022-01-18,teaching,1404.0,,,805.1373,,0.5734596153846153,,24.329166666666666,73.64583333333333,1.7205089514062835,0.0,,0.1789750351316514,0.0,0.0,0.0,
2.0,13.0,2022-01-19,teaching,1404.0,,,747.1172,,0.5321347578347578,,22.93469387755102,54.795918367346935,2.0611804103289533,0.0,,0.12730361067253915,0.0,0.0,0.0,
2.0,13.0,2022-01-20,teaching,1404.0,,,786.6443,,0.560287962962963,,21.614583333333332,53.916666666666664,1.9445421703797987,0.0,,0.1430527021121648,0.0,0.0,0.0,
2.0,13.0,2022-01-21,teaching,1404.0,,,32.846199999999996,,0.023394729344729342,,21.93541666666667,59.833333333333336,1.6872013228243607,8.119804289494875e-21,,0.18503665788111137,0.0,0.0,0.0,
2.0,13.0,2022-01-22,teaching,1404.0,,,3.7100999999999993,,0.002642521367521367,,23.297916666666666,57.541666666666664,1.981701095746939,0.005379088962824504,,0.13783456797261587,0.0,0.0,0.0,
2.0,13.0,2022-01-23,teaching,1404.0,,,8.546799999999998,,0.006087464387464386,,23.5,66.33333333333333,1.693093923866456,5.9201123686905735e-06,,0.1839495168678974,0.0,0.0,0.0,
2.0,13.0,2022-01-24,teaching,1404.0,,,8.385499999999997,,0.0059725783475783455,,24.15416666666667,70.8125,1.716588275286513,7.43001121537963e-06,,0.1796781156528035,0.0,0.0,0.0,
2.0,13.0,2022-01-25,teaching,1404.0,,,13.001699999999996,,0.009260470085470082,,25.12291666666667,70.54166666666667,1.895178188140584,1.1155268527570716e-08,,0.15029155248802073,0.0,0.0,0.0,
2.0,13.0,2022-01-26,teaching,1404.0,,,17.849899999999995,,0.012713603988603986,,25.810204081632655,68.93877551020408,2.0424162650246203,1.208000879316665e-11,,0.1297149063222954,0.0,0.0,0.0,
2.0,13.0,2022-01-27,teaching,1404.0,,,17.394099999999995,,0.01238896011396011,,26.302083333333332,59.979166666666664,2.3490853154147517,2.295400003360525e-11,,0.09545643482550704,0.0,0.0,0.0,
2.0,13.0,2022-01-28,teaching,1404.0,,,9.051299999999998,,0.00644679487179487,,26.60181818181818,75.63636363636364,2.132793599362125,2.9090511300217736e-06,,0.11850577334744672,0.0,0.0,0.0,
2.0,13.0,2022-01-29,teaching,1404.0,,,5.059299999999999,,0.0036034900284900276,,24.60566037735849,87.84905660377359,1.9570098894006631,0.0008043913960243433,,0.14128023349729738,0.0,0.0,0.0,
2.0,13.0,2022-01-30,teaching,1404.0,,,3.8479999999999994,,0.00274074074074074,,23.252380952380953,87.61904761904762,1.727890812277914,0.004429573088908762,,0.17765873068826601,0.0,0.0,0.0,
2.0,13.0,2022-01-31,teaching,1404.0,,,15.9843,,0.01138482905982906,,25.4375,78.20833333333333,1.9262667118007135,1.6717287787926017e-10,,0.14569109129729316,0.0,0.0,0.0,
2.0,13.0,2022-02-01,teaching,1404.0,,,519.4626,,0.3699876068376068,,24.66792452830189,84.0,1.8680183062037061,1.859925e-318,,0.15442939054992857,0.0,0.0,0.0,
2.0,13.0,2022-02-02,teaching,1404.0,,,349.44780000000003,,0.24889444444444447,,18.920833333333334,63.145833333333336,1.132969615205358,1.8173658203627121e-214,,0.3220753948961389,0.0,0.0,0.0,
2.0,13.0,2022-02-03,teaching,1404.0,,,290.1307,,0.20664579772079772,,17.722916666666666,55.458333333333336,1.4964947091028764,3.4744350374108597e-178,,0.22391366867807877,0.0,0.0,0.0,
2.0,13.0,2022-02-04,teaching,1404.0,,,330.5677,,0.23544707977207976,,19.445833333333333,54.625,1.6802815153543664,6.41947224837449e-203,,0.18632151628795976,0.0,0.0,0.0,
2.0,13.0,2022-02-05,teaching,1404.0,,,247.53910000000002,,0.1763099002849003,,20.929166666666667,55.3125,1.7902149557208147,3.9096254688138114e-152,,0.16692428448042385,0.0,0.0,0.0,
2.0,13.0,2022-02-06,teaching,1404.0,,,317.5527,,0.22617713675213677,,20.918000000000003,60.84,1.501459230967529,5.863464128667703e-195,,0.22280479915510418,0.0,0.0,0.0,
2.0,13.0,2022-02-07,teaching,1404.0,,,371.26460000000003,,0.2644334757834758,,20.425,60.854166666666664,1.4364426443443399,8.225191489564604e-228,,0.23777209589792922,0.0,0.0,0.0,
2.0,13.0,2022-02-08,teaching,1404.0,,,355.9306,,0.2535118233618234,,20.75,66.1875,1.2469855383533583,1.9688956288179487e-218,,0.2873697576224359,0.0,0.0,0.0,
2.0,13.0,2022-02-09,teaching,1404.0,,,403.855,,0.2876460113960114,,21.220833333333335,73.79166666666667,1.150116831570151,9.575296760052524e-248,,0.31659977836902004,0.0,0.0,0.0,
2.0,13.0,2022-02-10,teaching,1404.0,,,428.2781,,0.30504138176638174,,22.864583333333332,72.70833333333333,1.4599770496319746,1.1033326298886913e-262,,0.23224160469889485,0.0,0.0,0.0,
2.0,13.0,2022-02-11,teaching,1404.0,,,373.424,,0.26597150997151,,23.024489795918367,62.6530612244898,1.7325137475320198,3.929560660414269e-229,,0.17683932137640063,0.0,0.0,0.0,
2.0,13.0,2022-02-12,teaching,1404.0,,,319.1959,,0.22734750712250712,,21.285416666666666,53.8125,1.9130577998267175,5.795450223837227e-196,,0.1476282779960622,0.0,0.0,0.0,
2.0,13.0,2022-02-13,teaching,1404.0,,,437.1579,,0.3113660256410256,,21.945833333333336,68.0625,1.3826905497996307,4.0865440967257263e-268,,0.25090257821400813,0.0,0.0,0.0,
2.0,13.0,2022-02-14,teaching,1404.0,,,619.7292,,0.4414025641025641,,24.010416666666668,66.6875,1.7712263529078571,0.0,,0.17012422850233763,0.0,0.0,0.0,
2.0,13.0,2022-02-15,teaching,1404.0,,,701.8536,,0.4998957264957265,,25.802083333333332,65.0,2.1212877431375263,0.0,,0.11987715808601646,0.0,0.0,0.0,
2.0,13.0,2022-02-16,teaching,1404.0,,,648.125,,0.4616274928774929,,25.902083333333334,61.708333333333336,2.2289327896550866,0.0,,0.1076432468447005,0.0,0.0,0.0,
2.0,13.0,2022-02-17,teaching,1404.0,,,478.7276,,0.3409740740740741,,25.287499999999998,53.895833333333336,2.425979403835746,1.5316260221717126e-293,,0.08839150565458338,0.0,0.0,0.0,
2.0,13.0,2022-02-18,teaching,1404.0,,,256.397,,0.18261894586894586,,20.462500000000002,60.3125,1.4685689422814827,1.4934134847520272e-157,,0.23025475737454332,0.0,0.0,0.0,
2.0,13.0,2022-02-19,teaching,1404.0,,,341.541,,0.2432628205128205,,21.641666666666666,63.479166666666664,1.488101386710039,1.246392769513597e-209,,0.22580095751969612,0.0,0.0,0.0,
2.0,13.0,2022-02-20,teaching,1404.0,,,392.86220000000003,,0.2798163817663818,,23.510416666666668,59.916666666666664,1.9122007289968779,5.0690183997449356e-241,,0.14775486012396816,0.0,0.0,0.0,
2.0,13.0,2022-02-21,teaching,1404.0,,,314.5714,,0.2240537037037037,,21.072916666666668,51.145833333333336,2.0425964816692312,3.9054702568479757e-193,,0.12969153164343833,0.0,0.0,0.0,
2.0,13.0,2022-02-22,teaching,1404.0,,,498.0753,,0.3547544871794872,,22.04375,65.79166666666667,1.4669130321824093,2.2443322061901854e-305,,0.2306363544106363,0.0,0.0,0.0,
2.0,13.0,2022-02-23,teaching,1404.0,,,639.484,,0.4554729344729345,,24.61111111111111,67.38888888888889,1.859187334275162,0.0,,0.15579919159801428,0.0,0.0,0.0,
2.0,13.0,2022-02-24,teaching,1404.0,,,679.9129,,0.4842684472934473,,25.261224489795918,71.36734693877551,1.910214188260686,0.0,,0.14804867291148652,0.0,0.0,0.0,
2.0,13.0,2022-02-25,teaching,1404.0,,,366.5952,,0.2611076923076923,,23.256,79.96,1.5453554843681259,5.904666335113029e-225,,0.21323605566358128,0.0,0.0,0.0,
2.0,13.0,2022-02-26,teaching,1404.0,,,208.2488,,0.1483253561253561,,21.39375,80.52083333333333,1.2207535501663633,4.208606386573229e-128,,0.29500777998299466,0.0,0.0,0.0,
2.0,13.0,2022-02-27,teaching,1404.0,,,364.018,,0.2592720797720798,,21.96875,73.625,1.2882156239929492,2.2261053877292745e-223,,0.27576240816208714,0.0,0.0,0.0,
2.0,13.0,2022-02-28,teaching,1404.0,,,543.4215,,0.3870523504273505,,23.27777777777778,76.55555555555556,1.5220052417329035,0.0,,0.21827375617488579,0.0,0.0,0.0,
2.0,13.0,2022-03-01,teaching,1404.0,,,446.1656,,0.31778176638176636,,21.459701492537313,91.76119402985074,1.6294510741753516,1.2640829842120456e-273,,0.19603715445406852,0.0,0.0,0.0,
2.0,13.0,2022-03-02,teaching,1404.0,,,391.8501,,0.2790955128205128,,23.45625,67.91666666666667,1.6460459687203977,2.1085173592640378e-240,,0.1928107832363848,0.0,0.0,0.0,
2.0,13.0,2022-03-03,teaching,1404.0,,,499.8581,,0.35602428774928774,,24.04375,64.60416666666667,1.8333541023998505,1.8223566892224357e-306,,0.159876425561095,0.0,0.0,0.0,
2.0,13.0,2022-03-04,teaching,1404.0,,,453.7183,,0.32316118233618235,,24.079166666666666,74.64583333333333,1.6700900053566854,3.0349329927942146e-278,,0.18823012315692747,0.0,0.0,0.0,
2.0,13.0,2022-03-05,teaching,1404.0,,,83.4701,,0.05945163817663818,,19.030136986301372,96.26027397260275,1.6100683188724585,8.816976254785214e-52,,0.1998739584452064,0.0,0.0,0.0,
2.0,13.0,2022-03-06,teaching,1404.0,,,403.7764,,0.2875900284900285,,21.01,76.16,1.1038630799780262,1.0696165522337332e-247,,0.3315876566661063,0.0,0.0,0.0,
2.0,13.0,2022-03-07,teaching,1404.0,,,527.719,,0.3758682336182336,,23.735416666666666,63.104166666666664,1.8298655808231508,1.5e-323,,0.16043513188419098,0.0,0.0,0.0,
2.0,13.0,2022-03-08,teaching,1404.0,,,266.3618,,0.18971638176638178,,22.23,62.14,1.6303609112567679,1.200015977764245e-163,,0.19585887369713115,0.0,0.0,0.0,
2.0,13.0,2022-03-09,teaching,1404.0,,,228.6291,,0.1628412393162393,,20.224,55.1,1.7266724403187432,1.4403914320708854e-140,,0.177875317018602,0.0,0.0,0.0,
2.0,13.0,2022-03-10,teaching,1404.0,,,187.8792,,0.13381709401709402,,17.827083333333334,53.9375,1.602841531306677,1.2112991447463132e-115,,0.20132363703312578,0.0,0.0,0.0,
2.0,13.0,2022-03-11,teaching,1404.0,,,230.2227,,0.16397628205128206,,17.58125,63.270833333333336,0.9872820776109795,1.5266918668281065e-141,,0.3725879813115305,0.0,0.0,0.0,
2.0,13.0,2022-03-12,teaching,1404.0,,,225.5369,,0.16063881766381766,,19.366666666666667,71.5625,0.8516625326888093,1.12158407372831e-138,,0.42670493101609425,0.0,0.0,0.0,
2.0,13.0,2022-03-13,teaching,1404.0,,,229.1642,,0.16322236467236467,,20.839583333333334,68.95833333333333,1.1709325258687737,6.779308116738044e-141,,0.31007765097024875,0.0,0.0,0.0,
2.0,13.0,2022-03-14,teaching,1404.0,,,373.5326,,0.2660488603988604,,21.179166666666667,70.33333333333333,1.1949917623002697,3.372240620260313e-229,,0.3027064477766953,0.0,0.0,0.0,
2.0,13.0,2022-03-15,teaching,1404.0,,,381.9119,,0.2720170227920228,,21.429166666666664,73.79166666666667,1.1882131150764748,2.5275529885805627e-234,,0.3047653584291147,0.0,0.0,0.0,
2.0,13.0,2022-03-16,teaching,1404.0,,,296.6705,,0.21130377492877492,,21.172916666666666,70.04166666666667,1.2004369589282071,3.473764339916367e-182,,0.30106263116196813,0.0,0.0,0.0,
2.0,13.0,2022-03-17,teaching,1404.0,,,359.0056,,0.2557019943019943,,21.78301886792453,84.52830188679245,1.3885761619439838,2.5905489938263996e-220,,0.24943020012611497,0.0,0.0,0.0,
2.0,13.0,2022-03-18,teaching,1404.0,,,421.0965,,0.299926282051282,,22.43333333333333,78.43137254901961,1.3784397751286368,2.7248886793039673e-258,,0.251971378543699,0.0,0.0,0.0,
2.0,13.0,2022-03-19,teaching,1404.0,,,302.5734,,0.21550811965811964,,22.724999999999998,66.52083333333333,1.5570473106513285,8.516827907872075e-186,,0.21075745466468418,0.0,0.0,0.0,
2.0,13.0,2022-03-20,teaching,1404.0,,,302.8732,,0.21572165242165242,,21.806382978723406,79.06382978723404,1.271541314521331,5.58347410538071e-186,,0.28039910532925133,0.0,0.0,0.0,
2.0,13.0,2022-03-21,teaching,1404.0,,,406.6648,,0.28964729344729345,,21.929166666666664,73.95833333333333,1.2785400509475056,1.8303390837963444e-249,,0.2784435172022752,0.0,0.0,0.0,
2.0,13.0,2022-03-22,teaching,1404.0,,,440.1313,,0.3134838319088319,,22.524489795918367,74.55102040816327,1.3846227530650508,6.203962740328231e-270,,0.25041825149259955,0.0,0.0,0.0,
2.0,13.0,2022-03-23,teaching,1404.0,,,172.8432,,0.1231076923076923,,19.988,65.62,1.1543634232066478,1.905705101116363e-106,,0.3152581590689093,0.0,0.0,0.0,
2.0,13.0,2022-03-24,teaching,1404.0,,,162.5234,,0.11575740740740742,,17.58125,76.22916666666667,0.47359872915294293,3.910077001162108e-100,,0.6227570967044554,0.0,0.0,0.0,
2.0,13.0,2022-03-25,teaching,1404.0,,,219.6004,,0.15641054131054133,,18.618750000000002,72.5625,0.6987592446463881,4.7962943981854744e-135,,0.4972018270637957,0.0,0.0,0.0,
2.0,13.0,2022-03-26,teaching,1404.0,,,189.3902,,0.13489330484330483,,18.979166666666668,70.85416666666667,0.8044590302157236,1.442263971750858e-116,,0.44732985305010065,0.0,0.0,0.0,
2.0,13.0,2022-03-27,teaching,1404.0,,,179.9277,,0.12815363247863246,,19.17,72.54,0.7961533813273867,8.847179409908172e-111,,0.45106068980964725,0.0,0.0,0.0,
2.0,13.0,2022-03-28,teaching,1404.0,,,232.8054,,0.16581581196581197,,19.845833333333335,73.35416666666667,0.904275555801254,4.0182499197278147e-143,,0.40483505930618485,0.0,0.0,0.0,
2.0,13.0,2022-03-29,teaching,1404.0,,,289.9011,,0.20648226495726496,,20.777083333333334,65.08333333333333,1.2936521224127275,4.800865827440982e-178,,0.2742672940410617,0.0,0.0,0.0,
2.0,13.0,2022-03-30,teaching,1404.0,,,301.1764,,0.21451310541310542,,20.28125,69.20833333333333,1.0701312256240874,6.091947657458193e-185,,0.3429635088651435,0.0,0.0,0.0,
2.0,13.0,2022-03-31,teaching,1404.0,,,129.17849999999999,,0.09200747863247863,,18.812962962962963,53.94444444444444,1.6698537642577487,9.720100616025723e-80,,0.1882745961010368,0.0,0.0,0.0,
2.0,13.0,2022-04-01,teaching,1404.0,,,85.0327,,0.060564601139601146,,16.82,48.763636363636365,1.9064688125859366,9.762291145933086e-53,,0.14860421050877393,0.0,0.0,0.0,
2.0,13.0,2022-04-02,teaching,1404.0,,,50.7022,,0.03611267806267806,,16.073469387755104,66.24489795918367,0.6880067816997887,9.724823612318898e-32,,0.5025768166887797,0.0,0.0,0.0,
2.0,13.0,2022-04-03,teaching,1404.0,,,44.8443,,0.031940384615384614,,14.820833333333333,95.27083333333333,1.362028502894234,3.722887040900063e-28,,0.2561406675247566,0.0,0.0,0.0,
2.0,13.0,2022-04-04,teaching,1404.0,,,154.0492,,0.10972165242165242,,17.472916666666666,81.60416666666667,0.6103426788488701,5.962788449528579e-95,,0.5431647061230275,0.0,0.0,0.0,
2.0,13.0,2022-04-05,teaching,1404.0,,,154.5298,,0.11006396011396011,,16.75,77.20833333333333,0.3356543618899056,3.030325612016968e-95,,0.7148701494871758,0.0,0.0,0.0,
2.0,13.0,2022-04-06,teaching,1404.0,,,109.8646,,0.0782511396011396,,15.787037037037036,84.66666666666667,0.639031455585192,6.325028791751968e-68,,0.5278033775759784,0.0,0.0,0.0,
2.0,13.0,2022-04-07,teaching,1404.0,,,107.742,,0.07673931623931625,,18.077083333333334,78.89583333333333,0.6053878085166424,1.2570591730600337e-66,,0.5458626953845835,0.0,0.0,0.0,
2.0,13.0,2022-04-08,teaching,1404.0,,,96.5967,,0.06880106837606838,,16.918,89.54,1.0241728277512905,8.249057396260147e-60,,0.35909337466569136,0.0,0.0,0.0,
2.0,13.0,2022-04-09,teaching,1404.0,,,97.983,,0.06978846153846154,,18.618750000000002,89.25,1.1522774764035983,1.170767650594172e-60,,0.3159164571666631,0.0,0.0,0.0,
2.0,13.0,2022-04-10,teaching,1404.0,,,132.2566,,0.09419985754985755,,18.917857142857144,85.39285714285714,0.9847606555577412,1.2733381581947313e-81,,0.37352861823737843,0.0,0.0,0.0,
2.0,13.0,2022-04-11,teaching,1404.0,,,159.2057,,0.11339437321937322,,17.92542372881356,86.22033898305085,0.9064403793080574,4.182772197402587e-98,,0.40395961079107917,0.0,0.0,0.0,
2.0,13.0,2022-04-12,teaching,1404.0,,,122.1552,,0.08700512820512821,,15.606250000000001,72.85416666666667,0.22727791267739939,1.9208281009150617e-75,,0.7966993386742776,0.0,0.0,0.0,
2.0,13.0,2022-04-13,teaching,1404.0,,,122.99119999999999,,0.0876005698005698,,15.789583333333333,65.0625,0.755770590930184,5.917621192168021e-76,,0.46964856832648966,0.0,0.0,0.0,
2.0,13.0,2022-04-14,teaching,1404.0,,,133.0676,,0.09477749287749287,,15.627083333333333,79.14583333333333,0.26378713616005645,4.063438790465829e-82,,0.7681370308533971,0.0,0.0,0.0,
2.0,13.0,2022-04-15,teaching,1404.0,,,93.6661,,0.06671374643874643,,15.872549019607844,85.29411764705883,0.6851570796290534,5.115788895084343e-58,,0.5040110534871926,0.0,0.0,0.0,
2.0,13.0,2022-04-16,teaching,1404.0,,,87.608,,0.062398860398860403,,17.17,78.12,0.4303467265394007,2.5963517852556905e-54,,0.6502835850534074,0.0,0.0,0.0,
2.0,13.0,2022-04-17,teaching,1404.0,,,109.1438,,0.07773774928774929,,17.139583333333334,72.64583333333333,0.44575251402167726,1.745587000937301e-67,,0.6403422281758065,0.0,0.0,0.0,
2.0,13.0,2022-04-18,teaching,1404.0,,,100.1416,,0.07132592592592592,,16.73125,85.875,0.7745153118817457,5.599613032921976e-62,,0.4609271327712534,0.0,0.0,0.0,
2.0,13.0,2022-04-19,teaching,1404.0,,,50.6699,,0.036089672364672365,,15.472881355932204,97.44067796610169,1.5150084928798053,1.0177429503880395e-31,,0.21980631805119483,0.0,0.0,0.0,
2.0,13.0,2022-04-20,teaching,1404.0,,,60.815799999999996,,0.043316096866096866,,13.733333333333334,90.81159420289855,1.0771877573751258,6.336870437918817e-38,,0.3405518947981196,0.0,0.0,0.0,
2.0,13.0,2022-04-21,teaching,1404.0,,,58.3634,,0.04156937321937322,,14.349180327868853,85.0,0.6578145474426129,2.0039689016185946e-36,,0.5179821237555241,0.0,0.0,0.0,
2.0,13.0,2022-04-22,teaching,1404.0,,,229.83429999999998,,0.16369964387464386,,14.625,74.125,0.13233750917961723,2.638257328110837e-141,,0.8760452718565175,0.0,0.0,0.0,
2.0,13.0,2022-04-23,teaching,1404.0,,,197.2151,,0.14046659544159545,,14.664583333333333,79.75,0.28799521808347156,2.3600788601722418e-121,,0.749765177544964,0.0,0.0,0.0,
2.0,13.0,2022-04-24,teaching,1404.0,,,209.1272,,0.14895099715099713,,14.520833333333334,80.125,0.3200044944581836,1.2214140512996516e-128,,0.7261457734345429,0.0,0.0,0.0,
2.0,13.0,2022-04-25,teaching,1404.0,,,274.3421,,0.19540035612535614,,14.34375,81.6875,0.43359810981929725,1.5776767229533447e-168,,0.6481726973898037,0.0,0.0,0.0,
2.0,13.0,2022-04-26,teaching,1404.0,,,318.1034,,0.22656937321937323,,15.856250000000001,79.625,0.3128814960860659,2.6997113965658257e-195,,0.7313365736803245,0.0,0.0,0.0,
2.0,13.0,2022-04-27,teaching,1404.0,,,367.4815,,0.2617389601139601,,16.056603773584907,88.56603773584905,0.9149082901246148,1.69468080298397e-225,,0.40055335910505163,0.0,0.0,0.0,
2.0,13.0,2022-04-28,teaching,1404.0,,,409.0719,,0.29136175213675214,,17.394202898550724,94.17391304347827,1.3576998377229568,6.169120504020058e-251,,0.2572518178751298,0.0,0.0,0.0,
2.0,13.0,2022-04-29,teaching,1404.0,,,346.0965,,0.24650747863247863,,18.77258064516129,89.56451612903226,1.1865351326719944,2.038321927400305e-212,,0.30527717863060894,0.0,0.0,0.0,
2.0,13.0,2022-04-30,teaching,1404.0,,,183.0111,,0.13034978632478633,,14.62280701754386,84.96491228070175,0.6478770434762422,1.1503660875177967e-112,,0.5231552344970717,0.0,0.0,0.0,
2.0,14.0,2020-03-06,mixed use,1245.0,,,220.2066,,0.17687277108433735,,21.143402777777776,74.57083333333334,1.1308310639194046,1.284589322014023e-152,,0.32276490666141966,0.0,0.0,0.0,
2.0,14.0,2020-03-07,mixed use,1245.0,,,460.6048,,0.36996369477911645,,20.43583333333333,64.73541666666667,1.2572677842565374,1.94998e-318,,0.2844300902006239,0.0,0.0,0.0,
2.0,14.0,2020-03-08,mixed use,1245.0,,,415.5639,,0.33378626506024095,,19.674166666666665,61.334722222222226,1.3187267036827086,2.27905381807834e-287,,0.2674756610050327,0.0,0.0,0.0,
2.0,14.0,2020-03-09,mixed use,1245.0,,,250.9567,,0.20157164658634538,,19.681041666666665,54.802083333333336,1.6910811503818581,7.9133705267151365e-174,,0.18432013844146813,0.0,0.0,0.0,
2.0,14.0,2020-03-10,mixed use,1245.0,,,450.97700000000003,,0.36223052208835343,,19.555069444444445,62.37777777777778,1.2496595029835968,8.530381780575e-312,,0.2866023674990192,0.0,0.0,0.0,
2.0,14.0,2020-03-11,mixed use,1245.0,,,241.6161,,0.194069156626506,,20.721527777777776,59.58819444444445,1.5379797387821683,2.1938084752262693e-167,,0.21481464504024358,0.0,0.0,0.0,
2.0,14.0,2020-03-12,mixed use,1245.0,,,274.7045,,0.2206461847389558,,20.675694444444446,58.672222222222224,1.5795985121098495,3.295443235625034e-190,,0.20605781131553036,0.0,0.0,0.0,
2.0,14.0,2020-03-13,mixed use,1245.0,,,185.1991,,0.14875429718875502,,20.64534722222222,66.06666666666666,1.2352803452524743,1.802108534460635e-128,,0.29075323965075456,0.0,0.0,0.0,
2.0,14.0,2020-03-14,mixed use,1245.0,,,366.2873,,0.29420666666666667,,16.672430555555554,49.825,1.8290033944415836,2.223949171877871e-253,,0.16057351651812735,0.0,0.0,0.0,
2.0,14.0,2020-03-15,mixed use,1245.0,,,434.8894,,0.34930875502008035,,16.213402777777777,47.00625,2.01181981857148,1.065769567047997e-300,,0.13374506132355166,0.0,0.0,0.0,
2.0,14.0,2020-03-16,mixed use,1245.0,,,244.9663,,0.19676008032128514,,17.485972222222223,56.55486111111111,1.410051079219388,1.0723621117253463e-169,,0.24413081282360483,0.0,0.0,0.0,
2.0,14.0,2020-03-17,mixed use,1245.0,,,245.0089,,0.19679429718875502,,18.897569444444443,59.635416666666664,1.3286918235666416,1.0022069013343037e-169,,0.2648234706222808,0.0,0.0,0.0,
2.0,14.0,2020-03-18,mixed use,1245.0,,,508.5713,,0.40849100401606425,,20.280555555555555,58.72291666666667,1.5298631134708327,0.0,,0.21656531016075364,0.0,0.0,0.0,
2.0,14.0,2020-03-19,mixed use,1245.0,,,514.7814,,0.41347903614457826,,21.58453731238026,61.49918898905723,1.563015064498733,0.0,,0.20950345156632624,0.0,0.0,0.0,
2.0,14.0,2020-03-20,mixed use,1245.0,,,432.088,,0.3470586345381526,,22.123472222222222,44.55277777777778,2.534421857345804,9.119614055625986e-299,,0.07930755709460895,0.0,0.0,0.0,
2.0,14.0,2020-03-21,mixed use,1245.0,,,369.8198,,0.297044016064257,,18.746388888888887,58.56527777777778,1.378022087444683,8.138101326756079e-256,,0.2520766458681276,0.0,0.0,0.0,
2.0,14.0,2020-03-22,mixed use,1245.0,,,428.4477,,0.3441346987951807,,17.836666666666666,55.925,1.4731400674886672,2.957570469254492e-296,,0.2292046359957265,0.0,0.0,0.0,
2.0,14.0,2020-03-23,mixed use,1245.0,,,476.3825,,0.38263654618473897,,17.155,50.68125,1.787681575010529,0.0,,0.16734770335695273,0.0,0.0,0.0,
2.0,14.0,2020-03-24,mixed use,1245.0,,,247.0769,,0.19845534136546183,,16.769722222222224,64.21319444444444,0.8639723971114873,3.7542166246560254e-171,,0.42148444880360064,0.0,0.0,0.0,
2.0,14.0,2020-03-25,mixed use,1245.0,,,499.3144,,0.4010557429718875,,19.629444444444445,58.68194444444445,1.4592081603427252,0.0,,0.23242024144840692,0.0,0.0,0.0,
2.0,14.0,2020-03-26,mixed use,1245.0,,,484.882,,0.38946345381526104,,18.586111111111112,47.71527777777778,2.058090395592052,0.0,,0.12769758909165685,0.0,0.0,0.0,
2.0,14.0,2020-03-27,mixed use,1245.0,,,443.7864,,0.35645493975903614,,18.84388888888889,54.359722222222224,1.6460623892741029,7.776903799171213e-307,,0.1928076172025578,0.0,0.0,0.0,
2.0,14.0,2020-03-28,mixed use,1245.0,,,356.2574,,0.28615052208835345,,18.05111111111111,60.00138888888889,1.2290496310868733,1.8425463747461376e-246,,0.2925704955015356,0.0,0.0,0.0,
2.0,14.0,2020-03-29,mixed use,1245.0,,,428.2088,,0.34394281124497994,,17.274444444444445,80.01944444444445,0.5123791616866622,4.322354934232555e-296,,0.5990686009168207,0.0,0.0,0.0,
2.0,14.0,2020-03-30,mixed use,1245.0,,,483.09590000000003,,0.3880288353413655,,20.244583333333335,78.6451388888889,0.9838582680279823,0.0,,0.3738658379330247,0.0,0.0,0.0,
2.0,14.0,2020-03-31,mixed use,1245.0,,,484.4508,,0.3891171084337349,,16.584027777777777,73.96805555555555,0.3134272045335804,0.0,,0.7309375860094635,0.0,0.0,0.0,
2.0,14.0,2020-04-01,mixed use,1245.0,,,487.3868,,0.39147534136546186,,17.196180555555557,72.78680555555556,0.4503807951870316,0.0,,0.6373853921142794,0.0,0.0,0.0,
2.0,14.0,2020-04-02,mixed use,1245.0,,,487.8405,,0.3918397590361446,,18.096666666666668,84.13680555555555,0.8156204645248696,0.0,,0.4423647705466012,0.0,0.0,0.0,
2.0,14.0,2020-04-03,mixed use,1245.0,,,408.6652,,0.328245140562249,,16.89076388888889,79.99027777777778,0.45560400579907756,1.3069225911006007e-282,,0.6340648734036846,0.0,0.0,0.0,
2.0,14.0,2020-04-04,mixed use,1245.0,,,252.79579999999999,,0.20304883534136545,,14.595347222222221,81.16666666666667,0.38712092837294537,4.263940112547291e-175,,0.679008978510648,0.0,0.0,0.0,
2.0,14.0,2020-04-05,mixed use,1245.0,,,263.0955,,0.21132168674698795,,12.955208333333333,76.19513888888889,0.38073620901704913,3.352883025392575e-182,,0.683358129558723,0.0,0.0,0.0,
2.0,14.0,2020-04-06,mixed use,1245.0,,,331.9432,,0.26662104417670685,,14.196805555555557,74.175,0.18520909529027077,1.0878026083640559e-229,,0.8309305220276709,0.0,0.0,0.0,
2.0,14.0,2020-04-07,mixed use,1245.0,,,14.282,,0.0114714859437751,,13.188819444444446,78.75416666666666,0.3971641217619033,1.4084724794202924e-10,,0.6722236900422663,0.0,0.0,0.0,
2.0,14.0,2020-04-08,mixed use,1245.0,,,37.9211,,0.03045871485943775,,16.172430555555554,72.08472222222223,0.33081732570326217,6.970731705513939e-27,,0.7183363786486848,0.0,0.0,0.0,
2.0,14.0,2020-04-12,mixed use,1245.0,,,218.6969,,0.17566016064257028,,11.14423611111111,76.69097222222223,0.7158620360038221,1.41288065172403e-151,,0.4887705922917747,0.0,0.0,0.0,
2.0,14.0,2020-04-13,mixed use,1245.0,,,488.9816,,0.39275630522088356,,12.126527777777778,84.55694444444444,0.8133825862637409,0.0,,0.443355837580168,0.0,0.0,0.0,
2.0,14.0,2020-04-14,mixed use,1245.0,,,481.6186,,0.38684224899598396,,14.161874999999998,78.07152777777777,0.22697825128919172,0.0,,0.7969381144782465,0.0,0.0,0.0,
2.0,14.0,2020-04-15,mixed use,1245.0,,,471.6259,,0.37881598393574295,,17.200694444444444,74.45972222222223,0.41168386083300745,0.0,,0.6625336957981801,0.0,0.0,0.0,
2.0,14.0,2020-04-16,mixed use,1245.0,,,509.1372,,0.4089455421686747,,18.744375,71.16944444444445,0.7560129344090738,0.0,,0.4695347658487869,0.0,0.0,0.0,
2.0,14.0,2020-04-17,mixed use,1245.0,,,459.8951,,0.3693936546184739,,13.250972222222224,72.53055555555555,0.3935359010420934,6.019464e-318,,0.6746670958902744,0.0,0.0,0.0,
2.0,14.0,2020-04-18,mixed use,1245.0,,,413.7785,,0.3323522088353414,,12.088333333333335,76.20208333333333,0.539915906189442,3.8838683482082914e-286,,0.5827972599557161,0.0,0.0,0.0,
2.0,14.0,2020-04-19,mixed use,1245.0,,,182.6805,,0.1467313253012048,,10.952569444444444,79.1361111111111,0.7848663837441818,9.840745341533703e-127,,0.4561806508641999,0.0,0.0,0.0,
2.0,14.0,2020-04-20,mixed use,1245.0,,,510.5266,,0.41006152610441765,,14.17625,75.39097222222222,0.1562169316335606,0.0,,0.8553736126478106,0.0,0.0,0.0,
2.0,14.0,2020-04-21,mixed use,1245.0,,,309.3589,,0.24848104417670683,,13.393333333333334,81.85347222222222,0.5211887204718288,4.1157966649822716e-214,,0.5938142491030306,0.0,0.0,0.0,
2.0,14.0,2020-04-22,mixed use,1245.0,,,523.4895,,0.4204734939759036,,13.374236111111113,74.67222222222222,0.3108495878853295,0.0,,0.7328240932016536,0.0,0.0,0.0,
2.0,14.0,2020-04-23,mixed use,1245.0,,,450.2172,,0.3616202409638554,,12.39173611111111,81.27083333333333,0.6186602173377247,2.851368845552e-311,,0.5386656492509855,0.0,0.0,0.0,
2.0,14.0,2020-04-24,mixed use,1245.0,,,207.9681,,0.16704265060240964,,14.103750000000002,92.83194444444445,1.2034718382707457,3.552034472539845e-144,,0.30015032746789244,0.0,0.0,0.0,
2.0,14.0,2020-04-25,mixed use,1245.0,,,400.7256,,0.3218679518072289,,13.783888888888889,91.23263888888889,1.1038670370171029,3.91492612814156e-277,,0.33158634456338754,0.0,0.0,0.0,
2.0,14.0,2020-04-26,mixed use,1245.0,,,453.4841,,0.3642442570281125,,14.181111111111111,94.48402777777778,1.315761018247899,1.5909397712e-313,,0.2682700871037291,0.0,0.0,0.0,
2.0,14.0,2020-04-27,mixed use,1245.0,,,499.87080000000003,,0.40150265060240964,,10.272916666666667,86.4875,1.1508788449274092,0.0,,0.3163586170047578,0.0,0.0,0.0,
2.0,14.0,2020-04-28,mixed use,1245.0,,,479.90840000000003,,0.3854685943775101,,13.153611111111111,87.0736111111111,0.8617846355765821,0.0,,0.42240756567985804,0.0,0.0,0.0,
2.0,14.0,2020-04-29,mixed use,1245.0,,,293.1845,,0.23548955823293174,,16.279791666666668,95.74722222222222,1.4140111372628177,5.902289791441523e-203,,0.24316595234729502,0.0,0.0,0.0,
2.0,14.0,2020-04-30,mixed use,1245.0,,,199.8023,,0.1604837751004016,,11.171111111111111,83.97361111111111,0.9117264686445852,1.523969107366894e-138,,0.4018298781378341,0.0,0.0,0.0,
2.0,14.0,2020-05-01,mixed use,1245.0,,,197.471,,0.15861124497991969,,8.546666666666667,88.26666666666667,1.4770030897396023,6.180588975183002e-137,,0.22832092139041757,0.0,0.0,0.0,
2.0,14.0,2020-05-02,mixed use,1245.0,,,432.2021,,0.347150281124498,,9.841944444444444,82.98333333333333,1.0783807561189802,7.608062117659201e-299,,0.3401458590636262,0.0,0.0,0.0,
2.0,14.0,2020-05-03,mixed use,1245.0,,,475.1204,,0.38162281124497993,,9.635208333333335,78.62777777777778,1.0109333801094316,0.0,,0.3638791834246653,0.0,0.0,0.0,
2.0,14.0,2020-05-04,mixed use,1245.0,,,497.9278,,0.3999420080321285,,8.495833333333334,85.72569444444444,1.387797984836044,0.0,,0.24962437653990321,0.0,0.0,0.0,
2.0,14.0,2020-05-05,mixed use,1245.0,,,247.9664,,0.19916979919678715,,9.963541666666666,85.46666666666667,1.1513645310449971,9.140535150872742e-172,,0.31620500332333523,0.0,0.0,0.0,
2.0,14.0,2020-05-06,mixed use,1245.0,,,299.2008,,0.24032192771084337,,10.37326388888889,91.25486111111111,1.37868233879868,4.179993481276396e-207,,0.25191026685341117,0.0,0.0,0.0,
2.0,14.0,2020-05-07,mixed use,1245.0,,,468.4113,,0.37623397590361446,,14.488680555555556,79.81875,0.3014726779667307,1e-323,,0.7397280369525768,0.0,0.0,0.0,
2.0,14.0,2020-05-08,mixed use,1245.0,,,420.49739999999997,,0.3377489156626506,,15.107986111111112,75.46319444444444,0.024674559393443558,9.011338716433973e-291,,0.975627369131598,0.0,0.0,0.0,
2.0,14.0,2020-05-09,mixed use,1245.0,,,360.0093,,0.2891640963855422,,10.575972222222221,88.14722222222223,1.1903502565263275,4.758628412551782e-249,,0.3041147272422153,0.0,0.0,0.0,
2.0,14.0,2020-05-10,mixed use,1245.0,,,427.5801,,0.3434378313253012,,7.768263888888888,80.09861111111111,1.368518176617117,1.1732131182168958e-295,,0.25448378030917096,0.0,0.0,0.0,
2.0,14.0,2020-05-11,mixed use,1245.0,,,508.8133,,0.40868538152610445,,8.625347222222222,85.11875,1.3461812979971,0.0,,0.26023211454037143,0.0,0.0,0.0,
2.0,14.0,2020-05-12,mixed use,1245.0,,,493.5881,,0.39645630522088354,,7.843541666666667,92.87291666666667,1.7804639414651393,0.0,,0.1685599271856463,0.0,0.0,0.0,
2.0,14.0,2020-05-13,mixed use,1245.0,,,498.841,,0.40067550200803215,,9.825555555555555,86.93680555555555,1.234100417177618,0.0,,0.2910965100384318,0.0,0.0,0.0,
2.0,14.0,2020-05-14,mixed use,1245.0,,,516.0805,,0.41452248995983937,,9.13826388888889,83.07638888888889,1.197086600603448,0.0,,0.30207299044227004,0.0,0.0,0.0,
2.0,14.0,2020-05-15,mixed use,1245.0,,,457.1968,,0.3672263453815261,,8.325555555555555,83.98819444444445,1.3594902706177152,4.37276327e-316,,0.2567916378418356,0.0,0.0,0.0,
2.0,14.0,2020-05-16,mixed use,1245.0,,,367.6424,,0.29529510040160645,,8.999722222222223,86.69722222222222,1.3456623605115714,2.584768534286448e-254,,0.26036719378535533,0.0,0.0,0.0,
2.0,14.0,2020-05-17,mixed use,1245.0,,,421.7099,,0.33872281124497994,,9.573611111111111,85.96111111111111,1.2297290586851874,1.3135508284466182e-291,,0.2923717825456168,0.0,0.0,0.0,
2.0,14.0,2020-05-18,mixed use,1245.0,,,499.4974,,0.4012027309236948,,9.778194444444445,84.47847222222222,1.1408662809279029,0.0,,0.3195420886655958,0.0,0.0,0.0,
2.0,14.0,2020-05-19,mixed use,1245.0,,,468.8571,,0.3765920481927711,,11.5075,86.325,0.9810706069739338,5e-324,,0.3749095031854938,0.0,0.0,0.0,
2.0,14.0,2020-05-20,mixed use,1245.0,,,521.893,,0.41919116465863454,,12.538958333333332,81.13680555555555,0.5917475349957009,0.0,,0.5533594243366304,0.0,0.0,0.0,
2.0,14.0,2020-05-21,mixed use,1245.0,,,460.8164,,0.37013365461847386,,7.717430555555556,97.18333333333334,2.0097725361960412,1.3934e-318,,0.13401915570896777,0.0,0.0,0.0,
2.0,14.0,2020-05-22,mixed use,1245.0,,,440.8999,,0.3541364658634538,,7.968680555555555,85.48055555555555,1.4645231095148858,7.617615344113307e-305,,0.23118821665336486,0.0,0.0,0.0,
2.0,14.0,2020-05-23,mixed use,1245.0,,,394.6429,,0.31698224899598393,,8.137708333333332,89.66319444444444,1.5955938763955688,6.142837426373086e-273,,0.2027880616917451,0.0,0.0,0.0,
2.0,14.0,2020-05-24,mixed use,1245.0,,,456.7963,,0.36690465863453814,,7.2120138888888885,81.68402777777777,1.495348247207024,8.2605247e-316,,0.22417052437668056,0.0,0.0,0.0,
2.0,14.0,2020-05-25,mixed use,1245.0,,,503.5246,,0.40443742971887553,,8.771666666666667,77.2611111111111,1.1544061478644094,0.0,,0.31524469005968797,0.0,0.0,0.0,
2.0,14.0,2020-05-26,mixed use,1245.0,,,473.4547,,0.38028489959839357,,10.117777777777778,80.03611111111111,0.9503956939858621,0.0,,0.38658802263018344,0.0,0.0,0.0,
2.0,14.0,2020-05-27,mixed use,1245.0,,,332.5798,,0.26713236947791164,,10.889722222222222,92.51944444444445,1.3948572662638483,3.957714418009791e-230,,0.24786841302711263,0.0,0.0,0.0,
2.0,14.0,2020-05-31,mixed use,1245.0,,,218.5431,,0.1755366265060241,,12.408125,78.15555555555555,0.5090882283207594,1.803813510071489e-151,,0.6010433433546869,0.0,0.0,0.0,
2.0,14.0,2020-06-01,mixed use,1245.0,,,499.8105,,0.40145421686746985,,8.690902777777778,93.69236111111111,1.7094168542160404,0.0,,0.18097129450004865,0.0,0.0,0.0,
2.0,14.0,2020-06-02,mixed use,1245.0,,,483.0791,,0.38801534136546184,,8.780972222222223,90.84097222222222,1.5575995860597127,0.0,,0.21064109064079128,0.0,0.0,0.0,
2.0,14.0,2020-06-03,mixed use,1245.0,,,502.3266,,0.40347518072289157,,10.348958333333334,82.19930555555555,0.9703521777339666,0.0,,0.37894955700396954,0.0,0.0,0.0,
2.0,14.0,2020-06-04,mixed use,1245.0,,,537.7027,,0.43188971887550204,,6.190416666666668,82.63958333333333,1.6945293988246992,0.0,,0.1836856513743166,0.0,0.0,0.0,
2.0,14.0,2020-06-05,mixed use,1245.0,,,491.7608,,0.39498859437751005,,4.682430555555555,90.43888888888888,2.1607703198069954,0.0,,0.11523631802083556,0.0,0.0,0.0,
2.0,14.0,2020-06-06,mixed use,1245.0,,,403.0528,,0.32373718875502006,,4.799861111111111,93.93611111111112,2.268433014376925,9.716232907634136e-279,,0.10347419568888977,0.0,0.0,0.0,
2.0,14.0,2020-06-07,mixed use,1245.0,,,466.3368,,0.3745677108433735,,5.271597222222223,90.68611111111112,2.0745334729817393,2.17e-322,,0.12561501662458283,0.0,0.0,0.0,
2.0,14.0,2020-06-08,mixed use,1245.0,,,545.2386,,0.43794265060240967,,5.197013888888889,85.42222222222222,1.9295987332564757,0.0,,0.1452064533156394,0.0,0.0,0.0,
2.0,14.0,2020-06-09,mixed use,1245.0,,,512.5764,,0.41170795180722897,,5.725555555555555,89.41527777777777,1.9581200687710554,0.0,,0.14112347412823378,0.0,0.0,0.0,
2.0,14.0,2020-06-10,mixed use,1245.0,,,486.5284,,0.3907858634538152,,7.366388888888889,92.66111111111111,1.837028132582432,0.0,,0.15929011247361888,0.0,0.0,0.0,
2.0,14.0,2020-06-11,mixed use,1245.0,,,493.775,,0.39660642570281124,,7.822152777777777,94.74375,1.873156569653271,0.0,,0.1536379267729608,0.0,0.0,0.0,
2.0,14.0,2020-06-12,mixed use,1245.0,,,426.4416,,0.3425233734939759,,7.686458333333333,91.8861111111111,1.75720678376997,7.156103072839064e-295,,0.1725260941062109,0.0,0.0,0.0,
2.0,14.0,2020-06-13,mixed use,1245.0,,,327.2533,,0.2628540562248996,,9.327430555555555,93.82708333333333,1.6390752396646362,1.868478618855178e-226,,0.19415951030951745,0.0,0.0,0.0,
2.0,14.0,2020-06-14,mixed use,1245.0,,,396.9467,,0.3188326907630522,,11.01548611111111,86.05486111111111,1.02968298835914,1.5822820941258971e-274,,0.35712015387236523,0.0,0.0,0.0,
2.0,14.0,2020-06-15,mixed use,1245.0,,,318.6747,,0.2559636144578313,,10.44125,98.72361111111111,1.8098434399331085,1.5442688903086136e-220,,0.16367976051108138,0.0,0.0,0.0,
2.0,14.0,2020-06-17,mixed use,1245.0,,,52.8475,,0.04244779116465863,,9.643194444444445,93.89236111111111,1.6061458100233676,3.5281001783503686e-37,,0.2006595054662744,0.0,0.0,0.0,
2.0,14.0,2020-06-18,mixed use,1245.0,,,24.3337,,0.019545140562248996,,9.006388888888889,91.10277777777777,1.539910308520229,1.6421690999091934e-17,,0.21440033044752663,0.0,0.0,0.0,
2.0,14.0,2020-06-19,mixed use,1245.0,,,366.7709,,0.2945951004016064,,8.257569444444444,96.26388888888889,1.895939577903698,1.0317003037455184e-253,,0.1501771655905062,0.0,0.0,0.0,
2.0,14.0,2020-06-20,mixed use,1245.0,,,320.5812,,0.25749493975903615,,11.722083333333332,97.35416666666667,1.6240585567114405,7.47622262331821e-222,,0.1970971436695764,0.0,0.0,0.0,
2.0,14.0,2020-06-22,mixed use,1245.0,,,125.0069,,0.10040714859437751,,8.069930555555556,96.46319444444444,1.929152638923708,5.948005767097762e-87,,0.1452712435417467,0.0,0.0,0.0,
2.0,14.0,2020-06-24,mixed use,1245.0,,,328.5897,,0.26392746987951804,,8.845069444444444,96.10972222222222,1.8184047346644716,2.2370906129298315e-227,,0.16228443127484,0.0,0.0,0.0,
2.0,14.0,2020-06-25,mixed use,1245.0,,,472.6584,,0.37964530120481926,,9.215277777777779,96.39930555555556,1.7927917150731423,0.0,,0.1664947144562312,0.0,0.0,0.0,
2.0,14.0,2020-06-26,mixed use,1245.0,,,449.90070000000003,,0.3613660240963856,,7.7496527777777775,93.48194444444445,1.821844762728698,4.7137293300615e-311,,0.16172712739694245,0.0,0.0,0.0,
2.0,14.0,2020-06-27,mixed use,1245.0,,,379.8398,,0.3050922088353414,,6.2491666666666665,88.20277777777778,1.8330061106715927,9.978338110192378e-263,,0.15993207091623377,0.0,0.0,0.0,
2.0,14.0,2020-06-28,mixed use,1245.0,,,448.118,,0.3599341365461847,,5.839097222222222,88.12291666666667,1.8972617007443544,7.99856704713225e-310,,0.14997874412741172,0.0,0.0,0.0,
2.0,14.0,2020-06-29,mixed use,1245.0,,,501.2094,,0.4025778313253012,,5.953680555555555,89.09791666666666,1.9106797663192456,0.0,,0.14797976074102212,0.0,0.0,0.0,
2.0,14.0,2020-06-30,mixed use,1245.0,,,468.9758,,0.37668738955823294,,8.035,88.24236111111111,1.5529898770955997,5e-324,,0.21161432620749665,0.0,0.0,0.0,
2.0,14.0,2020-07-01,mixed use,1245.0,,,458.6434,,0.3683882730923695,,11.296388888888888,84.60625,0.9228896674090031,4.3948e-317,,0.397369115850534,0.0,0.0,0.0,
2.0,14.0,2020-07-02,mixed use,1245.0,,,482.8537,,0.387834297188755,,10.506874999999999,80.51458333333333,0.8946323629387491,0.0,,0.4087578455540921,0.0,0.0,0.0,
2.0,14.0,2020-07-03,mixed use,1245.0,,,233.1644,,0.18728064257028113,,7.731736111111112,92.15138888888889,1.762752108840617,1.482183838609119e-161,,0.1715720285778115,0.0,0.0,0.0,
2.0,14.0,2020-07-04,mixed use,1245.0,,,216.1197,,0.1735901204819277,,6.730763888888888,90.70625,1.8480173642486015,8.467844441750202e-150,,0.15754921958277407,0.0,0.0,0.0,
2.0,14.0,2020-07-05,mixed use,1245.0,,,426.6578,,0.3426970281124498,,9.173194444444444,90.34236111111112,1.481105485606479,5.0763197735881095e-295,,0.22738617724239993,0.0,0.0,0.0,
2.0,14.0,2020-07-06,mixed use,1245.0,,,500.3113,,0.4018564658634538,,5.56375,96.91388888888889,2.2816349944204757,0.0,,0.10211710924719283,0.0,0.0,0.0,
2.0,14.0,2020-07-07,mixed use,1245.0,,,375.7401,,0.30179927710843374,,6.154513888888889,98.87152777777777,2.293534046159657,6.712677709251705e-260,,0.10090921314180698,0.0,0.0,0.0,
2.0,14.0,2020-07-08,mixed use,1245.0,,,226.6491,,0.1820474698795181,,7.528402777777777,91.75763888888889,1.7739968376780608,4.6231789888965704e-157,,0.1696535542172569,0.0,0.0,0.0,
2.0,14.0,2020-07-09,mixed use,1245.0,,,256.2705,,0.2058397590361446,,7.070625000000001,92.94444444444444,1.8915368582674887,1.7103219204657374e-177,,0.15083981119738452,0.0,0.0,0.0,
2.0,14.0,2020-07-11,mixed use,1245.0,,,302.2231,,0.24274947791164658,,8.824791666666668,98.98819444444445,1.981056059100018,3.43948120005146e-209,,0.1379235050009083,0.0,0.0,0.0,
2.0,14.0,2020-07-12,mixed use,1245.0,,,218.8104,,0.1757513253012048,,8.383333333333333,99.09583333333333,2.0348855523118785,1.1798231911064783e-151,,0.13069543943900724,0.0,0.0,0.0,
2.0,14.0,2020-07-13,mixed use,1245.0,,,392.761,,0.3154706827309237,,9.163263888888888,95.59930555555556,1.7542156480319218,1.2202293084408974e-271,,0.17304291562837157,0.0,0.0,0.0,
2.0,14.0,2020-07-14,mixed use,1245.0,,,498.2282,,0.4001832931726908,,8.346666666666668,82.64097222222222,1.3188674416755926,0.0,,0.2674380196662029,0.0,0.0,0.0,
2.0,14.0,2020-07-15,mixed use,1245.0,,,511.7747,,0.411064016064257,,6.981458333333332,85.80555555555556,1.637260195390052,0.0,,0.19451223842880228,0.0,0.0,0.0,
2.0,14.0,2020-07-16,mixed use,1245.0,,,518.7106,,0.41663502008032127,,6.311875000000001,86.60833333333333,1.7725851833747728,0.0,,0.16989321550678202,0.0,0.0,0.0,
2.0,14.0,2020-07-17,mixed use,1245.0,,,471.6968,,0.3788729317269076,,5.999513888888888,84.72291666666666,1.774183498803101,0.0,,0.1696218894493422,0.0,0.0,0.0,
2.0,14.0,2020-07-18,mixed use,1245.0,,,349.4926,,0.28071694779116463,,6.088888888888889,92.19305555555556,2.0040921377093315,8.541888861718152e-242,,0.134782604211262,0.0,0.0,0.0,
2.0,14.0,2020-07-19,mixed use,1245.0,,,405.2752,,0.3255222489959839,,9.989652777777778,79.80208333333333,0.9678873955423934,2.84813019813777e-280,,0.3798847371578254,0.0,0.0,0.0,
2.0,14.0,2020-07-20,mixed use,1245.0,,,511.7376,,0.4110342168674699,,7.703680555555555,85.31388888888888,1.5027054054634776,0.0,,0.2225273184274346,0.0,0.0,0.0,
2.0,14.0,2020-07-21,mixed use,1245.0,,,511.7868,,0.4110737349397591,,6.338055555555555,89.54930555555555,1.8652623674566022,0.0,,0.15485557549108658,0.0,0.0,0.0,
2.0,14.0,2020-07-22,mixed use,1245.0,,,267.5529,,0.2149019277108434,,6.390416666666667,94.4625,2.055397457207344,2.8239121513224916e-185,,0.1280419342730378,0.0,0.0,0.0,
2.0,14.0,2020-07-23,mixed use,1245.0,,,100.57990000000001,,0.08078706827309237,,6.3609027777777785,91.98472222222222,1.9548016568512614,4.2005751789769796e-70,,0.14159255782294877,0.0,0.0,0.0,
2.0,14.0,2020-07-25,mixed use,1245.0,,,52.2335,,0.04195461847389558,,7.066597222222222,83.94791666666667,1.571468582843504,9.355302134101631e-37,,0.20773987501097477,0.0,0.0,0.0,
2.0,14.0,2020-07-26,mixed use,1245.0,,,46.8125,,0.0376004016064257,,11.236180555555556,86.06180555555555,1.0013807846349274,5.1319743191118346e-33,,0.3673718294234678,0.0,0.0,0.0,
2.0,14.0,2020-07-27,mixed use,1245.0,,,81.6209,,0.06555895582329317,,11.207152777777777,95.62847222222223,1.5536386045547517,5.0188063548189606e-57,,0.2114770907023691,0.0,0.0,0.0,
2.0,14.0,2020-07-28,mixed use,1245.0,,,81.6111,,0.0655510843373494,,10.788472222222222,81.36319444444445,0.8717598179680807,5.097534284232847e-57,,0.4182149191410759,0.0,0.0,0.0,
2.0,14.0,2020-07-29,mixed use,1245.0,,,86.8745,,0.06977871485943775,,8.82201388888889,85.88402777777777,1.3419949330604644,1.1935504219592971e-60,,0.2613238246942138,0.0,0.0,0.0,
2.0,14.0,2020-07-30,mixed use,1245.0,,,85.8109,,0.06892441767068273,,6.971875,90.80208333333333,1.8154155892703963,6.463636172567778e-60,,0.1627702487629376,0.0,0.0,0.0,
2.0,14.0,2020-07-31,mixed use,1245.0,,,195.0054,,0.15663084337349398,,6.706736111111112,86.27569444444444,1.6970057099546074,3.1025533932054244e-135,,0.18323135127775841,0.0,0.0,0.0,
2.0,14.0,2020-08-01,mixed use,1245.0,,,323.9399,,0.26019269076305224,,6.851319444444444,91.16388888888889,1.8481103975944326,3.6054705897918727e-224,,0.15753456293353235,0.0,0.0,0.0,
2.0,14.0,2020-08-02,mixed use,1245.0,,,156.2242,,0.12548128514056225,,7.109305555555555,90.13194444444444,1.7679348319303236,1.7446545746868787e-108,,0.17068511855352927,0.0,0.0,0.0,
2.0,14.0,2020-08-05,mixed use,1245.0,,,92.6406,,0.07441012048192772,,5.989097222222222,79.26736111111111,1.6798886757974243,1.2576955904293884e-64,,0.1863947251285899,0.0,0.0,0.0,
2.0,14.0,2020-08-06,mixed use,1245.0,,,93.9552,,0.07546602409638554,,3.654513888888889,85.78958333333334,2.205816494373918,1.5588628265635528e-65,,0.11016054311082905,0.0,0.0,0.0,
2.0,14.0,2020-08-07,mixed use,1245.0,,,88.895,,0.07140160642570281,,6.665972222222222,91.74097222222223,1.899288548163727,4.82132758336539e-62,,0.14967506795351232,0.0,0.0,0.0,
2.0,14.0,2020-08-08,mixed use,1245.0,,,212.2554,,0.17048626506024098,,10.738194444444444,89.87638888888888,1.2617279526693201,3.919577995388352e-147,,0.2831643089937033,0.0,0.0,0.0,
2.0,14.0,2020-08-09,mixed use,1245.0,,,362.3449,,0.29104008032128514,,11.05076388888889,77.56180555555555,0.7410520561742067,1.1653653365813345e-250,,0.4766122288279752,0.0,0.0,0.0,
2.0,14.0,2020-08-10,mixed use,1245.0,,,451.929,,0.36299518072289155,,9.874513888888888,66.71527777777777,1.135315043393554,1.880660177533e-312,,0.32132087536779674,0.0,0.0,0.0,
2.0,14.0,2020-08-11,mixed use,1245.0,,,423.9875,,0.3405522088353414,,6.952916666666667,86.21875,1.6545210853766952,3.527229098781848e-293,,0.19118359440320024,0.0,0.0,0.0,
2.0,14.0,2020-08-12,mixed use,1245.0,,,403.2133,,0.32386610441767066,,9.602291666666666,93.35277777777777,1.5814399271452493,7.529919280066683e-279,,0.20567872250065225,0.0,0.0,0.0,
2.0,14.0,2020-08-13,mixed use,1245.0,,,409.8986,,0.3292358232931727,,12.200208333333332,91.6625,1.2252739618575943,1.8428555897947256e-283,,0.29367723294126963,0.0,0.0,0.0,
2.0,14.0,2020-08-14,mixed use,1245.0,,,347.7308,,0.2793018473895582,,11.89402777777778,93.73333333333333,1.3798308756415787,1.4021204894084294e-240,,0.25162110471929494,0.0,0.0,0.0,
2.0,14.0,2020-08-15,mixed use,1245.0,,,287.056,,0.23056706827309237,,11.862847222222221,91.64166666666667,1.2515211620945998,9.959953370750355e-199,,0.2860693079318849,0.0,0.0,0.0,
2.0,14.0,2020-08-16,mixed use,1245.0,,,347.574,,0.2791759036144578,,10.374722222222223,88.50138888888888,1.233758806375856,1.7986256979574554e-240,,0.29119596873773196,0.0,0.0,0.0,
2.0,14.0,2020-08-17,mixed use,1245.0,,,404.0628,,0.32454843373493975,,9.423472222222221,85.87638888888888,1.2489956376575737,1.953589414409396e-279,,0.28679269604242813,0.0,0.0,0.0,
2.0,14.0,2020-08-18,mixed use,1245.0,,,400.1723,,0.3214235341365462,,11.656458333333333,80.75555555555556,0.7108858518118294,9.42695919431464e-277,,0.49120886640573913,0.0,0.0,0.0,
2.0,14.0,2020-08-19,mixed use,1245.0,,,419.6948,,0.3371042570281124,,9.511458333333334,90.48680555555555,1.443676545026856,3.224009191630247e-290,,0.23605828242291435,0.0,0.0,0.0,
2.0,14.0,2020-08-20,mixed use,1245.0,,,400.512,,0.3216963855421687,,8.61701388888889,91.56458333333333,1.613995119542376,5.496140079160105e-277,,0.19909063224077533,0.0,0.0,0.0,
2.0,14.0,2020-08-21,mixed use,1245.0,,,368.5113,,0.2959930120481928,,8.15986111111111,91.43194444444444,1.670330983168026,6.502541790240083e-255,,0.18818476933867215,0.0,0.0,0.0,
2.0,14.0,2020-08-22,mixed use,1245.0,,,316.3195,,0.2540718875502008,,6.637777777777777,88.48055555555555,1.7799311065352417,6.505220953264194e-219,,0.16864976573506488,0.0,0.0,0.0,
2.0,14.0,2020-08-23,mixed use,1245.0,,,373.6328,,0.30010666666666663,,7.513263888888889,88.38541666666667,1.6386906830002068,1.9073996473723767e-258,,0.1942341900015356,0.0,0.0,0.0,
2.0,14.0,2020-08-24,mixed use,1245.0,,,448.2797,,0.36006401606425703,,6.185902777777779,84.50277777777778,1.7366703006822792,6.18695380196555e-310,,0.17610580484434593,0.0,0.0,0.0,
2.0,14.0,2020-08-25,mixed use,1245.0,,,281.2367,,0.2258929317269076,,6.16236111111111,85.13402777777777,1.756656060419987,1.0285327848634429e-194,,0.17262113442277519,0.0,0.0,0.0,
2.0,14.0,2020-08-26,mixed use,1245.0,,,21.5583,,0.01731590361445783,,6.205208333333333,87.90972222222223,1.8305807787771509,1.3483327381889223e-15,,0.16032043002827323,0.0,0.0,0.0,
2.0,14.0,2020-08-27,mixed use,1245.0,,,409.2253,,0.3286950200803213,,8.400277777777777,79.89861111111111,1.2520585425435626,5.369222411439153e-283,,0.2859156211765812,0.0,0.0,0.0,
2.0,14.0,2020-08-28,mixed use,1245.0,,,376.3079,,0.30225534136546184,,9.21076388888889,77.07638888888889,1.072743850243358,2.72424473262491e-260,,0.3420686434411047,0.0,0.0,0.0,
2.0,14.0,2020-08-29,mixed use,1245.0,,,311.5338,,0.2502279518072289,,8.481388888888889,85.17361111111111,1.3712288635068006,1.3010073888493156e-215,,0.25379488856897525,0.0,0.0,0.0,
2.0,14.0,2020-08-30,mixed use,1245.0,,,338.4945,,0.2718831325301205,,11.488194444444444,79.16875,0.6923375879307878,3.2936682344968827e-234,,0.5004049602188639,0.0,0.0,0.0,
2.0,14.0,2020-08-31,mixed use,1245.0,,,488.5104,,0.3923778313253012,,10.148402777777779,71.88680555555555,0.9349021317081508,0.0,,0.39262428911977687,0.0,0.0,0.0,
2.0,14.0,2020-09-01,mixed use,1245.0,,,470.3686,,0.3778061044176707,,8.004027777777777,82.77986111111112,1.3811842712650477,0.0,,0.25128079215810617,0.0,0.0,0.0,
2.0,14.0,2020-09-02,mixed use,1245.0,,,439.4214,,0.35294891566265063,,12.333055555555555,76.32291666666667,0.49560399171980146,7.973325246976815e-304,,0.6092028426808499,0.0,0.0,0.0,
2.0,14.0,2020-09-03,mixed use,1245.0,,,455.003,,0.3654642570281124,,15.995486111111111,59.975,1.1112625315116633,1.425498329e-314,,0.32914314504753334,0.0,0.0,0.0,
2.0,14.0,2020-09-04,mixed use,1245.0,,,409.6289,,0.3290191967871486,,10.160347222222223,78.67083333333333,0.9170961756034098,2.8282738085729044e-283,,0.3996779522213904,0.0,0.0,0.0,
2.0,14.0,2020-09-05,mixed use,1245.0,,,339.3981,,0.2726089156626506,,9.620625,80.64305555555555,1.050642052058822,7.841631537810113e-235,,0.34971314297101214,0.0,0.0,0.0,
2.0,14.0,2020-09-06,mixed use,1245.0,,,90.8201,,0.07294787148594377,,9.349930555555556,79.39722222222223,1.0739376990031848,2.2661897853683345e-63,,0.3416605088892965,0.0,0.0,0.0,
2.0,14.0,2020-09-08,mixed use,1245.0,,,127.4588,,0.10237654618473896,,15.80638888888889,84.52152777777778,0.6299938034178306,1.2109655458878535e-88,,0.53259510126598,0.0,0.0,0.0,
2.0,14.0,2020-09-11,mixed use,1245.0,,,12.9681,,0.010416144578313254,,11.049791666666668,79.92430555555555,0.7865711233897663,1.135097497511926e-09,,0.4554036441084079,0.0,0.0,0.0,
2.0,14.0,2020-09-12,mixed use,1245.0,,,109.598,,0.08803052208835341,,12.218541666666667,82.75208333333333,0.7105994490185555,2.5288402518377675e-76,,0.49134957014516883,0.0,0.0,0.0,
2.0,14.0,2020-09-13,mixed use,1245.0,,,127.6512,,0.10253108433734939,,13.213194444444444,92.50138888888888,1.214874911280371,8.921145548828883e-89,,0.29674713169126987,0.0,0.0,0.0,
2.0,14.0,2020-09-18,mixed use,1245.0,,,15.695,,0.012606425702811246,,15.374722222222221,87.09513888888888,0.7949337117897322,1.4931645131537043e-11,,0.45161117042662036,0.0,0.0,0.0,
2.0,14.0,2020-09-19,mixed use,1245.0,,,120.1701,,0.0965221686746988,,18.050208333333334,79.14027777777778,0.6072584197463616,1.2901380473282468e-83,,0.5448425529391419,0.0,0.0,0.0,
2.0,14.0,2020-09-20,mixed use,1245.0,,,92.2307,,0.07408088353413654,,16.820625,87.34027777777777,0.874805030632687,2.411631859656078e-64,,0.4169433029263562,0.0,0.0,0.0,
2.0,14.0,2020-09-25,mixed use,1245.0,,,16.2825,,0.013078313253012046,,8.300208333333332,89.28541666666666,1.55584900681759,5.873129466510284e-12,,0.21101015750775196,0.0,0.0,0.0,
2.0,14.0,2020-09-26,mixed use,1245.0,,,119.00580000000001,,0.09558698795180723,,7.521597222222223,83.97291666666666,1.494459044802133,8.198451795458348e-83,,0.22436994599601381,0.0,0.0,0.0,
2.0,14.0,2020-09-27,mixed use,1245.0,,,113.676,,0.09130602409638554,,9.544305555555555,75.84236111111112,1.0072148823527012,3.890915130113922e-79,,0.3652347861928587,0.0,0.0,0.0,
2.0,14.0,2020-09-28,mixed use,1245.0,,,177.8477,,0.14284955823293172,,9.855347222222223,77.71527777777777,0.9600301660177908,2.1209661028289378e-123,,0.38288133579571404,0.0,0.0,0.0,
2.0,14.0,2020-09-29,mixed use,1245.0,,,163.5496,,0.131365140562249,,12.052083333333334,77.85902777777778,0.5655149491356017,1.544865270433873e-113,,0.5680675455350963,0.0,0.0,0.0,
2.0,14.0,2020-10-02,mixed use,1245.0,,,14.0728,,0.011303453815261044,,13.532291666666667,77.85694444444445,0.3109827393441481,1.9635755346470455e-10,,0.7327265231005312,0.0,0.0,0.0,
2.0,14.0,2020-10-03,mixed use,1245.0,,,109.0542,,0.08759373493975903,,16.96576388888889,75.1625,0.3610653840086124,5.998140923482348e-76,,0.6969334286758184,0.0,0.0,0.0,
2.0,14.0,2020-10-04,mixed use,1245.0,,,95.9122,,0.07703791164658634,,19.86195652173913,67.74202898550725,1.0509797213372356,6.965206107207898e-67,,0.3495950755213705,0.0,0.0,0.0,
2.0,14.0,2020-10-06,mixed use,1245.0,,,22.7642,,0.01828449799196787,,14.282777777777778,94.50972222222222,1.3154872941980271,1.9861274324028713e-16,,0.26834352912939646,0.0,0.0,0.0,
2.0,14.0,2020-10-07,mixed use,1245.0,,,168.4314,,0.13528626506024097,,15.174930555555557,99.87847222222223,1.6826981593271064,6.631110956874701e-117,,0.1858717871551043,0.0,0.0,0.0,
2.0,14.0,2020-10-09,mixed use,1245.0,,,12.9745,,0.01042128514056225,,12.751458333333332,81.58055555555555,0.5833500839187507,1.1236179220264419e-09,,0.5580257984329589,0.0,0.0,0.0,
2.0,14.0,2020-10-10,mixed use,1245.0,,,109.0925,,0.08762449799196788,,12.836180555555554,78.61666666666666,0.449064070988862,5.644150566987107e-76,,0.6382252056637109,0.0,0.0,0.0,
2.0,14.0,2020-10-11,mixed use,1245.0,,,98.8054,,0.0793617670682731,,14.124791666666667,78.28055555555555,0.24226248925113852,7.035585114267514e-69,,0.7848501357867396,0.0,0.0,0.0,
2.0,14.0,2020-10-16,mixed use,1245.0,,,13.0113,,0.010450843373493977,,18.226736111111112,86.70138888888889,0.9665647137518658,1.0598276209752215e-09,,0.38038753623044885,0.0,0.0,0.0,
2.0,14.0,2020-10-17,mixed use,1245.0,,,110.2121,,0.08852377510040162,,17.079027777777778,95.11597222222223,1.4031558904773058,9.535325202583263e-77,,0.24581995764964154,0.0,0.0,0.0,
2.0,14.0,2020-10-18,mixed use,1245.0,,,95.2854,,0.0765344578313253,,14.459444444444443,78.22847222222222,0.20248461553972236,1.884863475284441e-66,,0.8166990469755095,0.0,0.0,0.0,
2.0,14.0,2020-10-23,mixed use,1245.0,,,13.3146,,0.010694457831325301,,16.487222222222222,93.85625,1.2917620594921895,6.546797632841242e-10,,0.27478616668034733,0.0,0.0,0.0,
2.0,14.0,2020-10-24,mixed use,1245.0,,,108.4405,,0.08710080321285141,,16.78736111111111,93.50208333333333,1.2806000671617732,1.5897419870670767e-75,,0.2778705094473517,0.0,0.0,0.0,
2.0,14.0,2020-10-25,mixed use,1245.0,,,97.2721,,0.07813020080321284,,13.372916666666667,63.08819444444445,0.9302431653594001,8.03377920404999e-68,,0.394457780240731,0.0,0.0,0.0,
2.0,14.0,2020-10-30,mixed use,1245.0,,,17.1795,,0.013798795180722892,,18.193194444444444,74.40208333333334,0.5920762762033425,1.4130210020278572e-12,,0.5531775421889306,0.0,0.0,0.0,
2.0,14.0,2020-10-31,mixed use,1245.0,,,128.7382,,0.10340417670682732,,16.015625,90.84513888888888,1.0693021370427287,1.5872449213760808e-89,,0.3432479739012281,0.0,0.0,0.0,
2.0,14.0,2020-11-01,mixed use,1245.0,,,128.0744,,0.10287100401606425,,18.663680555555555,67.23194444444445,0.8946450061385466,4.555239860517253e-89,,0.40875267757965195,0.0,0.0,0.0,
2.0,14.0,2020-11-02,mixed use,1245.0,,,180.2767,,0.14480056224899598,,18.785,73.03819444444444,0.718556924659408,4.478058851687438e-125,,0.48745518320402587,0.0,0.0,0.0,
2.0,14.0,2020-11-03,mixed use,1245.0,,,27.169800000000002,,0.021823132530120484,,20.413680555555555,73.67916666666666,1.0037813780181584,1.8162257060396678e-19,,0.3664909767481387,0.0,0.0,0.0,
2.0,14.0,2020-11-04,mixed use,1245.0,,,197.6145,,0.15872650602409638,,18.631875,87.64652777777778,1.0644166005446474,4.9209426649431225e-137,,0.34492902748625776,0.0,0.0,0.0,
2.0,14.0,2020-11-05,mixed use,1245.0,,,192.12040000000002,,0.15431357429718878,,15.455763888888889,61.95,0.9624001120900771,3.031774710390288e-133,,0.3819750020830174,0.0,0.0,0.0,
2.0,14.0,2020-11-06,mixed use,1245.0,,,189.0979,,0.15188586345381527,,14.817291666666668,60.77013888888889,1.0417933397415073,3.685679303167704e-131,,0.35282138565824056,0.0,0.0,0.0,
2.0,14.0,2020-11-07,mixed use,1245.0,,,130.83010000000002,,0.10508441767068274,,15.312847222222222,58.38472222222222,1.2085175192192719,5.724274550966206e-91,,0.29863967900892063,0.0,0.0,0.0,
2.0,14.0,2020-11-08,mixed use,1245.0,,,125.4871,,0.10079285140562248,,16.597361111111113,60.34652777777778,1.1095366691753719,2.7742480517135394e-87,,0.3297116912799612,0.0,0.0,0.0,
2.0,14.0,2020-11-09,mixed use,1245.0,,,191.5208,,0.15383196787148595,,18.719652777777778,64.27986111111112,1.0486491763727916,7.857442136212712e-133,,0.3504107727045017,0.0,0.0,0.0,
2.0,14.0,2020-11-10,mixed use,1245.0,,,194.8017,,0.15646722891566267,,20.601736111111112,60.75833333333333,1.463926503482418,4.287703963722829e-135,,0.23132618609066266,0.0,0.0,0.0,
2.0,14.0,2020-11-11,mixed use,1245.0,,,192.4359,,0.15456698795180723,,22.498402777777777,61.16111111111111,1.7103631547321874,1.836857441547824e-133,,0.18080012227361208,0.0,0.0,0.0,
2.0,14.0,2020-11-12,mixed use,1245.0,,,171.5494,,0.13779068273092368,,21.690277777777776,73.66527777777777,1.236970020153838,4.6869781933334616e-119,,0.290262376015993,0.0,0.0,0.0,
2.0,14.0,2020-11-13,mixed use,1245.0,,,16.7153,,0.013425943775100401,,18.642916666666665,60.578472222222224,1.2481184110313814,2.9535099404047105e-12,,0.2870443886111651,0.0,0.0,0.0,
2.0,14.0,2020-11-14,mixed use,1245.0,,,132.1435,,0.10613935742971886,,18.09888888888889,58.49444444444445,1.32712174663824,7.108542075065277e-92,,0.26523959042817463,0.0,0.0,0.0,
2.0,14.0,2020-11-15,mixed use,1245.0,,,106.23,,0.08532530120481928,,22.54083333333333,53.946527777777774,2.0538355222252154,5.32177484123502e-74,,0.1282420837188778,0.0,0.0,0.0,
2.0,14.0,2020-11-17,mixed use,1245.0,,,23.055600000000002,,0.01851855421686747,,17.889166666666668,45.730555555555554,2.1544857807194724,1.2502849963180184e-16,,0.11596280559443942,0.0,0.0,0.0,
2.0,14.0,2020-11-18,mixed use,1245.0,,,197.6681,,0.15876955823293173,,19.61138888888889,55.56597222222222,1.6388192527635177,4.519358531045238e-137,,0.1942092189629949,0.0,0.0,0.0,
2.0,14.0,2020-11-19,mixed use,1245.0,,,201.3568,,0.16173236947791164,,22.012291666666666,64.90972222222223,1.4918424349461203,1.290426977346582e-139,,0.2249578033693943,0.0,0.0,0.0,
2.0,14.0,2020-11-20,mixed use,1245.0,,,196.2033,,0.1575930120481928,,25.83895833333333,50.770833333333336,2.6435756610385903,4.628576331430723e-136,,0.07110656149139867,0.0,0.0,0.0,
2.0,14.0,2020-11-21,mixed use,1245.0,,,127.95739999999999,,0.10277702811244979,,26.40090277777778,42.59375,3.116829592889452,5.485471761397939e-89,,0.044297386777621676,0.0,0.0,0.0,
2.0,14.0,2020-11-22,mixed use,1245.0,,,126.0712,,0.10126200803212852,,25.028402777777778,63.10625,2.0417869649118017,1.0971156545882034e-87,,0.1297965616176268,0.0,0.0,0.0,
2.0,14.0,2020-11-23,mixed use,1245.0,,,146.4946,,0.1176663453815261,,20.81284722222222,83.21666666666667,1.1880081517480576,8.971519540941263e-102,,0.30482783055339313,0.0,0.0,0.0,
2.0,14.0,2020-11-24,mixed use,1245.0,,,189.429,,0.15215180722891566,,20.068819444444443,58.27638888888889,1.530045551083788,2.178390355004554e-131,,0.21652580410632372,0.0,0.0,0.0,
2.0,14.0,2020-11-25,mixed use,1245.0,,,166.9944,,0.1341320481927711,,22.525902777777777,62.82083333333333,1.6487209748282965,6.498025444006296e-116,,0.19229570244283822,0.0,0.0,0.0,
2.0,14.0,2020-11-26,mixed use,1245.0,,,51.1525,,0.041086345381526106,,25.513125000000002,54.43888888888889,2.435289202723113,5.208298837803935e-36,,0.08757241720397926,0.0,0.0,0.0,
2.0,14.0,2020-11-27,mixed use,1245.0,,,186.936,,0.15014939759036144,,26.030347222222222,52.420833333333334,2.596922283110574,1.1421541479619831e-129,,0.07450252339394473,0.0,0.0,0.0,
2.0,14.0,2020-11-28,mixed use,1245.0,,,128.3426,,0.10308642570281125,,28.302430555555556,54.2125,2.8680386508307487,2.975197175740949e-89,,0.05681024210100933,0.0,0.0,0.0,
2.0,14.0,2020-11-29,mixed use,1245.0,,,119.27250000000001,,0.09580120481927712,,23.960972222222225,50.015277777777776,2.432303616372953,5.367486995664301e-83,,0.08783426290440681,0.0,0.0,0.0,
2.0,14.0,2020-11-30,mixed use,1245.0,,,187.8762,,0.15090457831325302,,22.828055555555558,45.59861111111111,2.543352039636185,2.5656997469121076e-130,,0.07860247907608289,0.0,0.0,0.0,
2.0,14.0,2020-12-01,mixed use,1245.0,,,190.1282,,0.15271341365461846,,22.583898305084745,62.82203389830509,1.6576378171545176,7.175474928911745e-132,,0.1905886540355054,0.0,0.0,0.0,
2.0,14.0,2020-12-02,mixed use,1245.0,,,191.7509,,0.15401678714859438,,12.821597222222222,62.7875,0.9870742203715664,5.452125139588038e-133,,0.3726654344700854,0.0,0.0,0.0,
2.0,14.0,2020-12-03,mixed use,1245.0,,,190.1806,,0.15275550200803212,,15.507847222222221,49.39375,1.8356682521643417,6.60247648273348e-132,,0.15950687533074503,0.0,0.0,0.0,
2.0,14.0,2020-12-04,mixed use,1245.0,,,188.2297,,0.1511885140562249,,17.56861111111111,43.27361111111111,2.3080022598715,1.4634342439171376e-130,,0.09945974795117885,0.0,0.0,0.0,
2.0,14.0,2020-12-05,mixed use,1245.0,,,112.2614,,0.09016979919678715,,19.43097222222222,44.775,2.3032616267889967,3.679561709336133e-78,,0.09993236950024376,0.0,0.0,0.0,
2.0,14.0,2020-12-06,mixed use,1245.0,,,114.7567,,0.09217405622489959,,19.417569444444442,40.949305555555554,2.5534992388351254,6.99230898085419e-80,,0.07780891708827475,0.0,0.0,0.0,
2.0,14.0,2020-12-07,mixed use,1245.0,,,184.844,,0.14846907630522088,,19.06548611111111,42.06736111111111,2.459367520042289,3.167504121939945e-128,,0.08548900395340935,0.0,0.0,0.0,
2.0,14.0,2020-12-08,mixed use,1245.0,,,199.5841,,0.1603085140562249,,22.282430555555557,35.86736111111111,3.080978290502025,2.1551788318333088e-138,,0.045914317130320605,0.0,0.0,0.0,
2.0,14.0,2020-12-09,mixed use,1245.0,,,191.2388,,0.15360546184738955,,25.660555555555554,36.19305555555555,3.3789623342686963,1.2296895218636826e-132,,0.03408280294825877,0.0,0.0,0.0,
2.0,14.0,2020-12-10,mixed use,1245.0,,,192.4159,,0.1545509236947791,,26.276805555555555,33.92777777777778,3.5732708018932544,1.8961417076920103e-133,,0.028063911904410897,0.0,0.0,0.0,
2.0,14.0,2020-12-11,mixed use,1245.0,,,182.5091,,0.1465936546184739,,22.440277777777776,38.356944444444444,2.9391588302712903,1.2919748189254184e-126,,0.05291021649730614,0.0,0.0,0.0,
2.0,14.0,2020-12-12,mixed use,1245.0,,,99.2861,,0.07974787148594378,,21.564722222222223,36.44166666666667,2.9893164175115814,3.2789081155929413e-69,,0.05032182408668414,0.0,0.0,0.0,
2.0,14.0,2020-12-13,mixed use,1245.0,,,55.082,,0.0442425702811245,,21.683958333333333,50.864583333333336,2.122054679269274,1.0145107420293471e-38,,0.11978525520843247,0.0,0.0,0.0,
2.0,14.0,2020-12-14,mixed use,1245.0,,,26.8794,,0.02158987951807229,,24.916319444444444,42.76875,2.9304829520092643,2.880568064626042e-19,,0.0533712561645669,0.0,0.0,0.0,
2.0,14.0,2020-12-15,mixed use,1245.0,,,28.677599999999998,,0.023034216867469877,,25.015208333333334,53.56597222222222,2.4018107355905753,1.6563007755970794e-20,,0.09055383569431436,0.0,0.0,0.0,
2.0,14.0,2020-12-16,mixed use,1245.0,,,38.7132,,0.031094939759036145,,25.01958333333333,74.18888888888888,1.8446112816244864,1.9811345115965876e-27,,0.15808676017619022,0.0,0.0,0.0,
2.0,14.0,2020-12-17,mixed use,1245.0,,,33.484,,0.026894779116465865,,24.7975,76.49444444444444,1.8014521305212576,8.013888919858636e-24,,0.16505902685802276,0.0,0.0,0.0,
2.0,14.0,2020-12-18,mixed use,1245.0,,,26.005599999999998,,0.020888032128514054,,21.55090277777778,51.17986111111111,2.089988925020152,1.1539752805044382e-18,,0.12368850565757691,0.0,0.0,0.0,
2.0,14.0,2020-12-19,mixed use,1245.0,,,27.297,,0.021925301204819277,,19.275277777777777,46.34722222222222,2.1907304284041187,1.483991664927099e-19,,0.11183503129320269,0.0,0.0,0.0,
2.0,14.0,2020-12-20,mixed use,1245.0,,,26.19,,0.021036144578313255,,20.240625,44.553472222222226,2.3740755654788717,8.610006504429511e-19,,0.09310051477182786,0.0,0.0,0.0,
2.0,14.0,2020-12-21,mixed use,1245.0,,,25.4506,,0.020442248995983937,,19.784305555555555,55.52777777777778,1.6577309736060608,2.7862312903475155e-18,,0.1905709002997414,0.0,0.0,0.0,
2.0,14.0,2020-12-22,mixed use,1245.0,,,25.993,,0.020877911646586342,,17.396944444444443,78.54930555555555,0.48058847747839284,1.177301153256593e-18,,0.6184193588391662,0.0,0.0,0.0,
2.0,14.0,2020-12-23,mixed use,1245.0,,,30.8308,,0.024763694779116465,,19.68347222222222,61.62430555555556,1.3045992310189045,5.419172809746094e-22,,0.2712812343663743,0.0,0.0,0.0,
2.0,14.0,2020-12-24,mixed use,1245.0,,,27.073,,0.021745381526104418,,19.783958333333334,54.31875,1.7296992077512356,2.1180648807469979e-19,,0.17733774376701777,0.0,0.0,0.0,
2.0,14.0,2020-12-25,mixed use,1245.0,,,26.3986,,0.021203694779116464,,20.509930555555556,46.795833333333334,2.2540031405283303,6.181844734671544e-19,,0.10497814004693777,0.0,0.0,0.0,
2.0,14.0,2020-12-26,mixed use,1245.0,,,27.3638,,0.021978955823293175,,22.980277777777776,46.27291666666667,2.520953205359828,1.3346120114124333e-19,,0.08038294876233557,0.0,0.0,0.0,
2.0,14.0,2020-12-27,mixed use,1245.0,,,27.6398,,0.022200642570281124,,25.11826388888889,41.225,3.0380263068509183,8.609528140959902e-20,,0.0479293941187669,0.0,0.0,0.0,
2.0,14.0,2020-12-28,mixed use,1245.0,,,27.5712,,0.0221455421686747,,22.323541666666667,43.33680555555556,2.6259888493739276,9.600577613819063e-20,,0.07236816043082298,0.0,0.0,0.0,
2.0,14.0,2020-12-29,mixed use,1245.0,,,27.5288,,0.0221114859437751,,20.975069444444443,44.769444444444446,2.4185770519604852,1.0269362438704163e-19,,0.08904823836674162,0.0,0.0,0.0,
2.0,14.0,2020-12-30,mixed use,1245.0,,,28.4536,,0.02285429718875502,,23.52375,48.89652777777778,2.4377321635669915,2.3639974453081082e-20,,0.08735874232369772,0.0,0.0,0.0,
2.0,14.0,2020-12-31,mixed use,1245.0,,,26.7046,,0.021449477911646586,,24.904375,53.19027777777778,2.4032106932308688,3.8023264892266775e-19,,0.09042715285617008,0.0,0.0,0.0,
2.0,14.0,2021-01-01,mixed use,1245.0,,,40.9557,,0.032896144578313254,,23.14486111111111,60.52569444444445,1.8327647885025249,5.624858083522098e-29,,0.15997067072779858,1.0,0.0,0.0,
2.0,14.0,2021-01-02,mixed use,1245.0,,,43.0021,,0.03453983935742972,,23.386805555555554,56.44236111111111,2.043772373292279,2.1805822634830005e-30,,0.12953911808627325,0.0,0.0,0.0,
2.0,14.0,2021-01-03,mixed use,1245.0,,,41.4913,,0.03332634538152611,,21.514375,84.06805555555556,1.3300692670633878,2.4025497481431935e-29,,0.2644589423710574,0.0,0.0,0.0,
2.0,14.0,2021-01-04,mixed use,1245.0,,,40.2519,,0.03233084337349398,,21.07638888888889,77.24930555555555,1.1207300702454719,1.7201628008991163e-28,,0.326041674386113,0.0,0.0,0.0,
2.0,14.0,2021-01-05,mixed use,1245.0,,,41.105,,0.03301606425702811,,22.663680555555555,63.261805555555554,1.65372813275921,4.437408013902529e-29,,0.1913352540563153,0.0,0.0,0.0,
2.0,14.0,2021-01-06,mixed use,1245.0,,,30.7468,,0.024696224899598395,,22.009305555555557,59.234027777777776,1.7249874032010073,6.192605645921257e-22,,0.17817529619715378,0.0,0.0,0.0,
2.0,14.0,2021-01-07,mixed use,1245.0,,,40.7462,,0.03272787148594378,,22.277291666666667,47.44305555555555,2.3801048259368778,7.845447966941696e-29,,0.09254087631782436,0.0,0.0,0.0,
2.0,14.0,2021-01-08,mixed use,1245.0,,,41.5508,,0.03337413654618474,,22.467986111111113,43.90486111111111,2.6059909917568227,2.1859048584749572e-29,,0.07382993607463523,0.0,0.0,0.0,
2.0,14.0,2021-01-09,mixed use,1245.0,,,28.3266,,0.022752289156626505,,23.46125,49.355555555555554,2.4058718254114715,2.8923270949627956e-20,,0.09018683415144416,0.0,0.0,0.0,
2.0,14.0,2021-01-10,mixed use,1245.0,,,27.1818,,0.021832771084337347,,25.920902777777776,47.7875,2.795352092701138,1.7819381043888511e-19,,0.0610933600191435,0.0,0.0,0.0,
2.0,14.0,2021-01-11,mixed use,1245.0,,,45.2117,,0.03631461847389558,,27.888194444444444,40.25277777777778,3.4228602210835337,6.523240855420318e-32,,0.032619003823432434,0.0,0.0,0.0,
2.0,14.0,2021-01-12,mixed use,1245.0,,,54.3063,,0.04361951807228916,,29.15590277777778,37.106944444444444,3.7425456380610163,3.477834216479052e-38,,0.023693710683538753,0.0,0.0,0.0,
2.0,14.0,2021-01-13,mixed use,1245.0,,,42.7331,,0.034323775100401605,,29.18409722222222,36.50555555555555,3.7763341158959194,3.342872294556678e-30,,0.022906510308087866,0.0,0.0,0.0,
2.0,14.0,2021-01-14,mixed use,1245.0,,,60.9918,,0.048989397590361444,,25.447569444444444,30.861805555555556,3.667044165453472,8.508870347258142e-43,,0.02555188557983131,0.0,0.0,0.0,
2.0,14.0,2021-01-15,mixed use,1245.0,,,41.5679,,0.03338787148594378,,18.8225,46.231944444444444,2.169896008403313,2.1273367392014398e-29,,0.1141894910409191,0.0,0.0,0.0,
2.0,14.0,2021-01-16,mixed use,1245.0,,,38.8874,,0.031234859437751002,,16.140694444444442,53.96944444444444,1.5288598907302067,1.5022996295383819e-27,,0.21678268242290463,0.0,0.0,0.0,
2.0,14.0,2021-01-17,mixed use,1245.0,,,54.8114,,0.04402522088353414,,19.32645833333333,49.36875,1.9993867064516522,1.5592206848904506e-38,,0.13541830894965023,0.0,0.0,0.0,
2.0,14.0,2021-01-18,mixed use,1245.0,,,50.0432,,0.040195341365461844,,21.714305555555555,44.325,2.5101761337807487,3.03287406098824e-35,,0.08125392641918211,0.0,0.0,0.0,
2.0,14.0,2021-01-19,mixed use,1245.0,,,18.3624,,0.014748915662650602,,22.25486111111111,39.232638888888886,2.869297150176698,2.1588540724877954e-13,,0.056738791418231176,0.0,0.0,0.0,
2.0,14.0,2021-01-20,mixed use,1245.0,,,130.43449999999999,,0.10476666666666666,,22.00263888888889,36.540277777777774,3.016513052626,1.0729815700046996e-90,,0.048971682669543035,0.0,0.0,0.0,
2.0,14.0,2021-01-21,mixed use,1245.0,,,408.275,,0.3279317269076305,,24.42048611111111,39.263194444444444,3.073020691975082,2.428828948647658e-282,,0.046281142421163574,0.0,0.0,0.0,
2.0,14.0,2021-01-22,mixed use,1245.0,,,328.92830000000004,,0.264199437751004,,27.04826388888889,35.35208333333333,3.5790550589563805,1.3065573725985218e-227,,0.027902051595863606,0.0,0.0,0.0,
2.0,14.0,2021-01-23,mixed use,1245.0,,,107.7464,,0.08654329317269076,,26.960555555555555,31.13888888888889,3.8045033648073767,4.787335754221356e-75,,0.022270254612260607,0.0,0.0,0.0,
2.0,14.0,2021-01-24,mixed use,1245.0,,,135.342,,0.10870843373493977,,28.405486111111113,36.53680555555555,3.677189811754166,4.421411500469003e-94,,0.025293955830901663,0.0,0.0,0.0,
2.0,14.0,2021-01-25,mixed use,1245.0,,,213.3056,,0.17132979919678715,,29.900555555555556,36.96875,3.845893416496778,7.393431541963744e-148,,0.02136730312989276,0.0,0.0,0.0,
2.0,14.0,2021-01-26,mixed use,1245.0,,,210.8896,,0.16938923694779118,,26.038680555555555,67.30972222222222,2.1119677968687744,3.430228227057258e-146,,0.120999629319079,0.0,0.0,0.0,
2.0,14.0,2021-01-27,mixed use,1245.0,,,200.8713,,0.1613424096385542,,24.809722222222224,60.230555555555554,2.100973492976579,2.7900712231519887e-139,,0.12233727578659523,0.0,0.0,0.0,
2.0,14.0,2021-01-28,mixed use,1245.0,,,193.4077,,0.1553475502008032,,21.67513888888889,71.27430555555556,1.2643729157120405,3.924279451495165e-134,,0.28241633947332234,0.0,0.0,0.0,
2.0,14.0,2021-01-29,mixed use,1245.0,,,60.6498,,0.04871469879518072,,19.263472222222223,94.43402777777777,1.519854915061907,1.4647793352295553e-42,,0.21874362105480794,0.0,0.0,0.0,
2.0,14.0,2021-01-30,mixed use,1245.0,,,150.3346,,0.1207506827309237,,23.639305555555556,75.45,1.587554711584626,2.0144704666535698e-104,,0.2044248788474513,0.0,0.0,0.0,
2.0,14.0,2021-01-31,mixed use,1245.0,,,151.6712,,0.12182425702811245,,23.012916666666666,57.449305555555554,1.9458285751010846,2.4111176060055557e-105,,0.14286879675449632,0.0,0.0,0.0,
2.0,14.0,2021-02-01,mixed use,1245.0,,,243.6028,,0.1956648995983936,,20.732083333333335,79.94375,1.0926162245089401,9.350583284701949e-169,,0.3353380255116648,0.0,0.0,0.0,
2.0,14.0,2021-02-02,mixed use,1245.0,,,184.8285,,0.1484566265060241,,20.602222222222224,62.074305555555554,1.4002412292814421,3.246448938488398e-128,,0.2465374847075439,0.0,0.0,0.0,
2.0,14.0,2021-02-03,mixed use,1245.0,,,15.9993,,0.012850843373493976,,20.52645833333333,50.170138888888886,2.0482164439956496,9.208980975998701e-12,,0.1289647143773541,0.0,0.0,0.0,
2.0,14.0,2021-02-04,mixed use,1245.0,,,19.453,,0.015624899598393574,,23.72416666666667,57.31527777777778,2.0524907905878824,3.819121256769274e-14,,0.12841465090836723,0.0,0.0,0.0,
2.0,14.0,2021-02-05,mixed use,1245.0,,,19.397,,0.015579919678714858,,23.956041666666664,77.00347222222223,1.6481733504431892,4.1743647730900714e-14,,0.1924010370979277,0.0,0.0,0.0,
2.0,14.0,2021-02-06,mixed use,1245.0,,,15.086500000000001,,0.012117670682730924,,22.27513888888889,69.50694444444444,1.4046343823169343,3.924920380620683e-11,,0.24545678338948512,0.0,0.0,0.0,
2.0,14.0,2021-02-07,mixed use,1245.0,,,14.731,,0.011832128514056225,,20.750069444444442,68.69791666666667,1.1633716365417042,6.903081539543879e-11,,0.3124309992638768,0.0,0.0,0.0,
2.0,14.0,2021-02-08,mixed use,1245.0,,,73.9862,,0.05942666666666666,,21.899930555555557,66.1138888888889,1.4330053513076833,9.26326741379616e-52,,0.23859079451492235,0.0,0.0,0.0,
2.0,14.0,2021-02-09,mixed use,1245.0,,,24.0232,,0.01929574297188755,,22.817013888888887,56.175,1.9786593360001044,2.6889982220567593e-17,,0.13825446590375784,0.0,0.0,0.0,
2.0,14.0,2021-02-10,mixed use,1245.0,,,74.2589,,0.059645702811244976,,22.823611111111113,68.2125,1.5294353005840635,6.0070984996571734e-52,,0.21665797941240422,0.0,0.0,0.0,
2.0,14.0,2021-02-11,mixed use,1245.0,,,50.9789,,0.04094690763052209,,24.434652777777778,64.44097222222223,1.9034871644141318,6.861821843307807e-36,,0.14904795720086586,0.0,0.0,0.0,
2.0,14.0,2021-02-12,mixed use,1245.0,,,42.660000000000004,,0.03426506024096386,,22.886319444444446,79.16388888888889,1.4685486804415453,3.754410451406609e-30,,0.23025942280684703,0.0,0.0,0.0,
2.0,14.0,2021-02-13,mixed use,1245.0,,,29.301000000000002,,0.023534939759036148,,22.07076388888889,72.15069444444444,1.3222811827535783,6.1537306931501974e-21,,0.2665266120525583,0.0,0.0,0.0,
2.0,14.0,2021-02-14,mixed use,1245.0,,,36.8501,,0.029598473895582327,,21.32298611111111,63.83888888888889,1.4257269092028173,3.8196078318433125e-26,,0.24033369891966083,0.0,0.0,0.0,
2.0,14.0,2021-02-15,mixed use,1245.0,,,50.8651,,0.040855502008032125,,22.568472222222223,60.138194444444444,1.7636828678335172,8.221194393934729e-36,,0.17141241066371032,0.0,0.0,0.0,
2.0,14.0,2021-02-16,mixed use,1245.0,,,31.8492,,0.02558168674698795,,22.82979166666667,63.41180555555555,1.6744646745206824,1.075163059611999e-22,,0.1874084771664761,0.0,0.0,0.0,
2.0,14.0,2021-02-17,mixed use,1245.0,,,32.5348,,0.026132369477911643,,23.786319444444448,66.22847222222222,1.7445855029085309,3.6188460738847715e-23,,0.1747173938115394,0.0,0.0,0.0,
2.0,14.0,2021-02-18,mixed use,1245.0,,,75.1752,,0.060381686746987955,,22.678333333333335,54.21597222222222,2.0572915440048503,1.4016232516783242e-52,,0.1277996412702298,0.0,0.0,0.0,
2.0,14.0,2021-02-19,mixed use,1245.0,,,25.379199999999997,,0.020384899598393572,,23.576041666666665,62.49583333333333,1.8251921977500034,3.1208042281360477e-18,,0.1611866614388113,0.0,0.0,0.0,
2.0,14.0,2021-02-20,mixed use,1245.0,,,50.2266,,0.04034265060240964,,24.84541666666667,64.97222222222223,1.9581706736751152,2.2664759624868283e-35,,0.14111633276906035,0.0,0.0,0.0,
2.0,14.0,2021-02-21,mixed use,1245.0,,,125.6372,,0.10091341365461848,,25.718888888888888,65.25069444444445,2.1008370009453237,2.1858042695874697e-87,,0.12235397498949371,0.0,0.0,0.0,
2.0,14.0,2021-02-22,mixed use,1245.0,,,51.306200000000004,,0.041209799196787154,,22.062013888888888,65.01875,1.4959542828936,4.0801742819815474e-36,,0.22403471019730636,0.0,0.0,0.0,
2.0,14.0,2021-02-23,mixed use,1245.0,,,28.1372,,0.022600160642570283,,18.082222222222224,49.47430555555555,1.91300258665823,3.9074125501300573e-20,,0.1476364292460748,0.0,0.0,0.0,
2.0,14.0,2021-02-24,mixed use,1245.0,,,46.8344,,0.03761799196787149,,18.99277777777778,52.609722222222224,1.7681491060124224,4.956539575676475e-33,,0.170648549074509,0.0,0.0,0.0,
2.0,14.0,2021-02-25,mixed use,1245.0,,,29.1718,,0.02343116465863454,,19.688402777777778,58.43958333333333,1.4792504540517013,7.555381121428329e-21,,0.2278083772524045,0.0,0.0,0.0,
2.0,14.0,2021-02-26,mixed use,1245.0,,,31.8418,,0.025575742971887548,,18.006736111111113,53.74027777777778,1.6267405619755928,1.0878740316720276e-22,,0.19656923633427445,0.0,0.0,0.0,
2.0,14.0,2021-02-27,mixed use,1245.0,,,28.1436,,0.022605301204819277,,19.076875,54.924305555555556,1.6298382245716796,3.867895735565272e-20,,0.19596127328168741,0.0,0.0,0.0,
2.0,14.0,2021-02-28,mixed use,1245.0,,,26.8862,,0.021595341365461845,,20.307986111111113,54.99444444444445,1.7413927713979886,2.8496250922315383e-19,,0.17527611098255153,0.0,0.0,0.0,
2.0,14.0,2021-03-01,mixed use,1245.0,,,50.147400000000005,,0.04027903614457832,,21.097708333333333,55.06319444444444,1.8229182532881383,2.5702813214944026e-35,,0.16155360800485447,0.0,0.0,0.0,
2.0,14.0,2021-03-02,mixed use,1245.0,,,49.6142,,0.03985076305220883,,17.15,50.71527777777778,1.7851672999470014,5.994657843371485e-35,,0.16776899090890143,0.0,0.0,0.0,
2.0,14.0,2021-03-03,mixed use,1245.0,,,27.8038,,0.022332369477911646,,17.296458333333334,43.575694444444444,2.2776444100171536,6.635254259709623e-20,,0.10252543036874866,0.0,0.0,0.0,
2.0,14.0,2021-03-04,mixed use,1245.0,,,29.3878,,0.023604658634538152,,18.282569444444444,56.44305555555555,1.4710387228892223,5.361258090491804e-21,,0.22968678031801273,0.0,0.0,0.0,
2.0,14.0,2021-03-05,mixed use,1245.0,,,47.783,,0.03837991967871486,,19.43861111111111,56.859722222222224,1.5453543311551796,1.0986659013418765e-33,,0.21323630157030307,0.0,0.0,0.0,
2.0,14.0,2021-03-06,mixed use,1245.0,,,29.1142,,0.023384899598393575,,17.84347222222222,49.81458333333333,1.87771767363378,8.279172915539551e-21,,0.15293876390296984,0.0,0.0,0.0,
2.0,14.0,2021-03-07,mixed use,1245.0,,,27.748,,0.022287550200803214,,19.851875,58.41736111111111,1.4981931518014495,7.250142881879549e-20,,0.22353368692236575,0.0,0.0,0.0,
2.0,14.0,2021-03-08,mixed use,1245.0,,,40.2191,,0.03230449799196787,,21.715138888888887,57.09375,1.789852552491902,1.812149016801081e-28,,0.16698478934302005,0.0,0.0,0.0,
2.0,14.0,2021-03-09,mixed use,1245.0,,,41.1933,,0.03308698795180723,,19.812916666666666,67.5375,1.050982562183334,3.8567629047065824e-29,,0.34959408237697487,0.0,0.0,0.0,
2.0,14.0,2021-03-10,mixed use,1245.0,,,26.1968,,0.02104160642570281,,20.39611111111111,61.613194444444446,1.3950435052058876,8.517518082838326e-19,,0.24782225457448961,0.0,0.0,0.0,
2.0,14.0,2021-03-11,mixed use,1245.0,,,31.756,,0.025506827309236948,,19.051944444444445,84.62152777777777,0.9676453060689469,1.2466961393507056e-22,,0.37997671438672453,0.0,0.0,0.0,
2.0,14.0,2021-03-12,mixed use,1245.0,,,34.664,,0.0278425702811245,,22.29986111111111,75.96527777777777,1.340985596617597,1.2300373894740732e-24,,0.26158772151180076,0.0,0.0,0.0,
2.0,14.0,2021-03-13,mixed use,1245.0,,,32.4508,,0.026064899598393577,,22.50784722222222,70.87013888888889,1.4199213392701795,4.13533345689871e-23,,0.24173303104583702,0.0,0.0,0.0,
2.0,14.0,2021-03-14,mixed use,1245.0,,,29.5882,,0.02376562248995984,,17.244375,64.81388888888888,0.8632540534268404,3.899755839713564e-21,,0.4217873282683267,0.0,0.0,0.0,
2.0,14.0,2021-03-15,mixed use,1245.0,,,47.861599999999996,,0.038443052208835336,,15.955069444444444,55.990972222222226,1.384823936992113,9.697280615498993e-34,,0.2503678764328523,0.0,0.0,0.0,
2.0,14.0,2021-03-16,mixed use,1245.0,,,27.6626,,0.022218955823293175,,19.51902777777778,61.78819444444444,1.276164643375485,8.303336976184153e-20,,0.27910572023108526,0.0,0.0,0.0,
2.0,14.0,2021-03-17,mixed use,1245.0,,,71.6773,,0.05757212851405623,,19.86236111111111,63.138888888888886,1.2504754805889016,3.6254934195391977e-50,,0.2863686017722821,0.0,0.0,0.0,
2.0,14.0,2021-03-18,mixed use,1245.0,,,23.4961,,0.018872369477911644,,20.395138888888887,64.99791666666667,1.2402395196908471,6.211073612128672e-17,,0.28931491302091145,0.0,0.0,0.0,
2.0,14.0,2021-03-19,mixed use,1245.0,,,28.2122,,0.0226604016064257,,20.624236111111113,69.83611111111111,1.1107750889449273,3.468620172781551e-20,,0.32930362253558076,0.0,0.0,0.0,
2.0,14.0,2021-03-21,mixed use,1245.0,,,50.0648,,0.04021269076305221,,21.042916666666667,78.10277777777777,1.121836817165148,2.9305923430124893e-35,,0.32568102837604307,0.0,0.0,0.0,
2.0,14.0,2021-03-22,mixed use,1245.0,,,34.226800000000004,,0.027491405622489962,,19.577430555555555,83.61666666666666,1.0037783032764938,2.4631135032070984e-24,,0.366492103614947,0.0,0.0,0.0,
2.0,14.0,2021-03-23,mixed use,1245.0,,,31.3662,,0.025193734939759037,,17.56673611111111,99.98055555555555,1.7535989057038317,2.315430625079073e-22,,0.17314967143604448,0.0,0.0,0.0,
2.0,14.0,2021-03-24,mixed use,1245.0,,,29.598,,0.023773493975903615,,18.154305555555556,93.39097222222222,1.359512957012102,3.8395267788851035e-21,,0.2567858122315456,0.0,0.0,0.0,
2.0,14.0,2021-03-25,mixed use,1245.0,,,29.5832,,0.02376160642570281,,18.217291666666668,79.43680555555555,0.6436879030374001,3.9308480110668125e-21,,0.5253514020611796,0.0,0.0,0.0,
2.0,14.0,2021-03-26,mixed use,1245.0,,,293.265,,0.23555421686746986,,16.015625,77.85277777777777,0.23651615764543882,5.193908433867179e-203,,0.78937312778781,0.0,0.0,0.0,
2.0,14.0,2021-03-27,mixed use,1245.0,,,345.1629,,0.2772392771084337,,16.001875000000002,85.59166666666667,0.711041045079021,8.280144129784605e-239,,0.49113264001195267,0.0,0.0,0.0,
2.0,14.0,2021-03-28,mixed use,1245.0,,,355.4444,,0.2854975100401606,,14.171805555555556,78.16527777777777,0.23049682249878073,6.701915700685939e-246,,0.7941389583757315,0.0,0.0,0.0,
2.0,14.0,2021-03-29,mixed use,1245.0,,,438.4758,,0.35218939759036144,,15.002569444444445,74.36666666666666,0.09428993028769053,3.580000700932503e-303,,0.9100188819529231,0.0,0.0,0.0,
2.0,14.0,2021-03-30,mixed use,1245.0,,,453.9394,,0.3646099598393574,,15.551597222222222,70.56805555555556,0.37211747990417565,7.7197430402e-314,,0.6892732620107522,0.0,0.0,0.0,
2.0,14.0,2021-03-31,mixed use,1245.0,,,416.9189,,0.3348746184738956,,16.464583333333334,68.64375,0.5603603143318789,2.649234233654362e-288,,0.5710032861111713,0.0,0.0,0.0,
2.0,14.0,2021-04-01,mixed use,1245.0,,,434.9866,,0.349386827309237,,17.642847222222223,74.35694444444445,0.49283923761535364,9.133094828525153e-301,,0.6108894692200545,0.0,0.0,0.0,
2.0,14.0,2021-04-02,mixed use,1245.0,,,386.0237,,0.3100591967871486,,20.120625,72.53402777777778,0.9655618736813325,5.4151233023907165e-267,,0.3807691954336975,0.0,0.0,0.0,
2.0,14.0,2021-04-03,mixed use,1245.0,,,430.6075,,0.3458694779116466,,20.111597222222223,72.7875,0.9600349188839933,9.575830153613544e-298,,0.3828795160162782,0.0,0.0,0.0,
2.0,14.0,2021-04-04,mixed use,1245.0,,,426.8803,,0.34287574297188755,,19.79798611111111,75.27361111111111,0.8808782642302875,3.565133726331992e-295,,0.4144187826110917,0.0,0.0,0.0,
2.0,14.0,2021-04-05,mixed use,1245.0,,,355.8842,,0.28585076305220886,,20.396458333333335,76.05208333333333,0.9907663057352335,3.3330317792389983e-246,,0.37129205874423843,0.0,0.0,0.0,
2.0,14.0,2021-04-06,mixed use,1245.0,,,387.9605,,0.311614859437751,,19.960069444444443,80.74791666666667,0.975194279263219,2.4984330360538775e-268,,0.37711908002860944,0.0,0.0,0.0,
2.0,14.0,2021-04-07,mixed use,1245.0,,,478.5881,,0.3844081124497992,,20.315555555555555,80.01875,1.0205011420109926,0.0,,0.3604142761725475,0.0,0.0,0.0,
2.0,14.0,2021-04-08,mixed use,1245.0,,,477.5138,,0.38354522088353415,,20.029930555555556,77.88125,0.935215621320419,0.0,,0.3925012247743185,0.0,0.0,0.0,
2.0,14.0,2021-04-09,mixed use,1245.0,,,461.3562,,0.3705672289156626,,17.60673611111111,70.28472222222223,0.6089180857355783,5.9121e-319,,0.5439390462516027,0.0,0.0,0.0,
2.0,14.0,2021-04-10,mixed use,1245.0,,,332.4174,,0.26700192771084336,,13.258194444444444,74.82986111111111,0.32940989658268727,5.122271645444022e-230,,0.7193480979809824,0.0,0.0,0.0,
2.0,14.0,2021-04-11,mixed use,1245.0,,,353.2638,,0.28374602409638555,,10.203333333333333,73.13819444444445,0.9039293817420435,2.1394630006411406e-244,,0.40497522696177896,0.0,0.0,0.0,
2.0,14.0,2021-04-12,mixed use,1245.0,,,480.6152,,0.38603630522088356,,10.397430555555555,76.2125,0.8508260103890379,0.0,,0.42706202854551106,0.0,0.0,0.0,
2.0,14.0,2021-04-13,mixed use,1245.0,,,477.2541,,0.38333662650602407,,12.542986111111112,74.06180555555555,0.46960157638974886,0.0,,0.6252513335562931,0.0,0.0,0.0,
2.0,14.0,2021-04-14,mixed use,1245.0,,,462.65840000000003,,0.37161317269076305,,15.863402777777777,67.8013888888889,0.5731327608139438,7.4737e-320,,0.5637565549574066,0.0,0.0,0.0,
2.0,14.0,2021-04-15,mixed use,1245.0,,,471.6853,,0.37886369477911647,,12.801319444444445,73.23958333333333,0.44271980687442286,0.0,,0.6422871463207956,0.0,0.0,0.0,
2.0,14.0,2021-04-16,mixed use,1245.0,,,480.7411,,0.3861374297188755,,11.732430555555556,75.62013888888889,0.6044267288502199,0.0,,0.5463875651021821,0.0,0.0,0.0,
2.0,14.0,2021-04-17,mixed use,1245.0,,,356.4691,,0.286320562248996,,11.033819444444445,75.02847222222222,0.734568710959452,1.3164208834199582e-246,,0.4797123090271068,0.0,0.0,0.0,
2.0,14.0,2021-04-18,mixed use,1245.0,,,353.8873,,0.28424682730923695,,11.162013888888888,75.87152777777777,0.7094678375504913,7.947583228068313e-245,,0.49190590166977294,0.0,0.0,0.0,
2.0,14.0,2021-04-19,mixed use,1245.0,,,478.7675,,0.38455220883534136,,12.147708333333334,75.28888888888889,0.5287954118609439,0.0,,0.5893144234574362,0.0,0.0,0.0,
2.0,14.0,2021-04-20,mixed use,1245.0,,,503.7624,,0.4046284337349398,,14.530694444444444,68.34583333333333,0.5212663977698465,0.0,,0.5937681250080566,0.0,0.0,0.0,
2.0,14.0,2021-04-21,mixed use,1245.0,,,561.6564,,0.45112963855421684,,9.606597222222222,73.94722222222222,1.0033382500414705,0.0,,0.3666534151409796,0.0,0.0,0.0,
2.0,14.0,2021-04-22,mixed use,1245.0,,,574.057,,0.46108995983935747,,9.320902777777778,80.01319444444445,1.090104376743137,0.0,,0.3361814023555236,0.0,0.0,0.0,
2.0,14.0,2021-04-23,mixed use,1245.0,,,550.2932,,0.44200257028112444,,12.089722222222223,75.67847222222223,0.5386238040125844,0.0,,0.5835507802717566,0.0,0.0,0.0,
2.0,14.0,2021-04-24,mixed use,1245.0,,,408.3498,,0.3279918072289157,,9.719097222222222,80.3638888888889,1.0272388316595822,2.1567626916309194e-282,,0.3579940790589875,0.0,0.0,0.0,
2.0,14.0,2021-04-25,mixed use,1245.0,,,402.2067,,0.32305759036144577,,10.785486111111112,76.64444444444445,0.7813571719625131,3.724858130655152e-278,,0.4577842975009333,0.0,0.0,0.0,
2.0,14.0,2021-04-26,mixed use,1245.0,,,548.8986,,0.4408824096385542,,11.009166666666667,77.99513888888889,0.7543515949068397,0.0,,0.47031547083141206,0.0,0.0,0.0,
2.0,14.0,2021-04-27,mixed use,1245.0,,,550.4303,,0.4421126907630522,,12.175208333333332,78.92986111111111,0.5686562221950084,0.0,,0.566285890056616,0.0,0.0,0.0,
2.0,14.0,2021-04-28,mixed use,1245.0,,,539.7842,,0.43356160642570285,,12.267222222222221,79.9173611111111,0.5843104932321035,0.0,,0.5574901225342888,0.0,0.0,0.0,
2.0,14.0,2021-04-29,mixed use,1245.0,,,543.9808,,0.4369323694779117,,12.420347222222222,78.04027777777777,0.5043383145099682,0.0,,0.6039050384543236,0.0,0.0,0.0,
2.0,14.0,2021-04-30,mixed use,1245.0,,,553.4329,,0.44452441767068274,,12.820902777777777,76.05208333333333,0.40468034654625734,0.0,,0.6671900463785512,0.0,0.0,0.0,
2.0,14.0,2021-05-01,mixed use,1245.0,,,384.2722,,0.30865236947791164,,13.280069444444443,79.82847222222222,0.4288806974390352,8.744503774977279e-266,,0.6512376188623783,0.0,0.0,0.0,
2.0,14.0,2021-05-02,mixed use,1245.0,,,371.9097,,0.2987226506024096,,15.88736111111111,76.90902777777778,0.1805599311791695,2.9442801847221915e-257,,0.834802648490616,0.0,0.0,0.0,
2.0,14.0,2021-05-03,mixed use,1245.0,,,488.55310000000003,,0.39241212851405627,,15.683055555555555,91.00347222222223,1.071433167218878,0.0,,0.34251728095182876,0.0,0.0,0.0,
2.0,14.0,2021-05-04,mixed use,1245.0,,,518.565,,0.41651807228915666,,12.640208333333334,97.57569444444445,1.5836409536016436,0.0,,0.205226516032671,0.0,0.0,0.0,
2.0,14.0,2021-05-05,mixed use,1245.0,,,518.2459,,0.4162617670682731,,15.680069444444444,74.61805555555556,0.14438775118882818,0.0,,0.8655520641406285,0.0,0.0,0.0,
2.0,14.0,2021-05-06,mixed use,1245.0,,,539.7516,,0.433535421686747,,17.753611111111113,71.40625,0.5867472077539794,0.0,,0.5561333319838632,0.0,0.0,0.0,
2.0,14.0,2021-05-07,mixed use,1245.0,,,520.5746,,0.4181322088353414,,16.44263888888889,80.54583333333333,0.4265467646543249,0.0,,0.6527593387969354,0.0,0.0,0.0,
2.0,14.0,2021-05-08,mixed use,1245.0,,,371.757,,0.2986,,15.16423611111111,78.78819444444444,0.21540909615297144,3.752377731519464e-257,,0.8062115546589873,0.0,0.0,0.0,
2.0,14.0,2021-05-09,mixed use,1245.0,,,372.4328,,0.29914281124497993,,13.342569444444443,91.38888888888889,1.1338403568639766,1.2828091310748045e-257,,0.3217950724944948,0.0,0.0,0.0,
2.0,14.0,2021-05-10,mixed use,1245.0,,,521.2097,,0.4186423293172691,,13.322638888888887,94.43958333333333,1.340401560191361,0.0,,0.2617405428921022,0.0,0.0,0.0,
2.0,14.0,2021-05-11,mixed use,1245.0,,,521.6338,,0.4189829718875502,,13.887847222222222,88.29513888888889,0.900025769821202,0.0,,0.40655918264815843,0.0,0.0,0.0,
2.0,14.0,2021-05-12,mixed use,1245.0,,,570.6591,,0.45836072289156626,,13.584513888888889,80.29861111111111,0.41361385830643227,0.0,,0.6612562405784358,0.0,0.0,0.0,
2.0,14.0,2021-05-13,mixed use,1245.0,,,441.9168,,0.3549532530120482,,11.567986111111113,88.88333333333334,1.1149699470501166,1.5149385728603846e-305,,0.32792513386911604,0.0,0.0,0.0,
2.0,14.0,2021-05-14,mixed use,1245.0,,,554.592,,0.44545542168674696,,9.189583333333333,87.2701388888889,1.3406026456897568,0.0,,0.26168791595601854,0.0,0.0,0.0,
2.0,14.0,2021-05-15,mixed use,1245.0,,,417.917,,0.3356763052208835,,9.371875,73.65833333333333,1.0487958738324743,5.428301505712004e-289,,0.3503593721045614,0.0,0.0,0.0,
2.0,14.0,2021-05-16,mixed use,1245.0,,,433.1059,,0.3478762248995984,,6.877152777777778,82.60069444444444,1.5729171663917485,1.8107674411353882e-299,,0.20743916430059753,0.0,0.0,0.0,
2.0,14.0,2021-05-17,mixed use,1245.0,,,552.2358,,0.4435628915662651,,10.342986111111111,80.85555555555555,0.931546094240718,0.0,,0.3939441644814587,0.0,0.0,0.0,
2.0,14.0,2021-05-18,mixed use,1245.0,,,594.0562,,0.47715357429718874,,6.620555555555556,90.19652777777777,1.845162126588019,0.0,,0.1579997028602893,0.0,0.0,0.0,
2.0,14.0,2021-05-19,mixed use,1245.0,,,584.2109,,0.469245702811245,,8.021527777777777,90.32916666666667,1.6409619215584756,0.0,,0.19379353842172542,0.0,0.0,0.0,
2.0,14.0,2021-05-20,mixed use,1245.0,,,577.5717,,0.46391301204819274,,8.449722222222222,89.43958333333333,1.5407070376615561,0.0,,0.2142295794865146,0.0,0.0,0.0,
2.0,14.0,2021-05-21,mixed use,1245.0,,,587.8875,,0.47219879518072294,,8.455347222222223,85.62291666666667,1.3906847917314824,0.0,,0.24890479830986273,0.0,0.0,0.0,
2.0,14.0,2021-05-22,mixed use,1245.0,,,455.5221,,0.3658812048192771,,8.784097222222222,85.46458333333334,1.332822107079007,6.2504126e-315,,0.2637319303450244,0.0,0.0,0.0,
2.0,14.0,2021-05-23,mixed use,1245.0,,,450.8342,,0.3621158232931727,,8.742847222222222,86.26527777777778,1.3684612451744411,1.070205527247e-311,,0.2544982688503445,0.0,0.0,0.0,
2.0,14.0,2021-05-24,mixed use,1245.0,,,564.0571,,0.4530579116465863,,9.749375,87.53819444444444,1.27168531623088,0.0,,0.2803587302858353,0.0,0.0,0.0,
2.0,14.0,2021-05-25,mixed use,1245.0,,,559.4242,,0.44933670682730925,,12.685138888888888,86.06458333333333,0.8384765628989553,0.0,,0.43236870848185105,0.0,0.0,0.0,
2.0,14.0,2021-05-26,mixed use,1245.0,,,538.5451,,0.43256634538152616,,10.465902777777778,90.16527777777777,1.3089994312353113,0.0,,0.2700901650137859,0.0,0.0,0.0,
2.0,14.0,2021-05-27,mixed use,1245.0,,,363.0545,,0.29161004016064257,,9.269027777777778,90.04444444444445,1.4540335970029117,3.775752038746147e-251,,0.2336260317378205,0.0,0.0,0.0,
2.0,14.0,2021-05-28,mixed use,1245.0,,,559.6819,,0.4495436947791165,,7.975972222222222,83.74097222222223,1.4111433597039675,0.0,,0.2438642990814504,0.0,0.0,0.0,
2.0,14.0,2021-05-29,mixed use,1245.0,,,464.1402,,0.3728033734939759,,4.7970138888888885,79.43541666666667,1.8987767780698708,7.105e-321,,0.14975168678102682,0.0,0.0,0.0,
2.0,14.0,2021-05-30,mixed use,1245.0,,,460.9401,,0.37023301204819276,,5.296319444444444,83.42222222222222,1.867828251905101,1.14486e-318,,0.1544587433086542,0.0,0.0,0.0,
2.0,14.0,2021-05-31,mixed use,1245.0,,,591.3024,,0.474941686746988,,5.341666666666667,86.68680555555555,1.9376717731075155,0.0,,0.14403891496429888,0.0,0.0,0.0,
2.0,14.0,2021-06-01,mixed use,1245.0,,,587.684,,0.4720353413654618,,5.866388888888889,92.9486111111111,2.0678902666514043,0.0,,0.1264522810792806,0.0,0.0,0.0,
2.0,14.0,2021-06-02,mixed use,1245.0,,,549.492,,0.4413590361445783,,10.129305555555556,89.22361111111111,1.3013309783589218,0.0,,0.27216930040380233,0.0,0.0,0.0,
2.0,14.0,2021-06-03,mixed use,1245.0,,,539.1597,,0.43306000000000006,,11.643125,95.57708333333333,1.5158473863618969,0.0,,0.2196220012855351,0.0,0.0,0.0,
2.0,14.0,2021-06-04,mixed use,1245.0,,,554.8141,,0.44563381526104423,,10.070347222222221,83.95972222222223,1.0761046165391255,0.0,,0.34092096030102925,0.0,0.0,0.0,
2.0,14.0,2021-06-05,mixed use,1245.0,,,452.4279,,0.36339590361445784,,5.261597222222222,85.80208333333333,1.9279434871682006,8.51501848956e-313,,0.14544700476047875,0.0,0.0,0.0,
2.0,14.0,2021-06-06,mixed use,1245.0,,,428.7136,,0.3443482730923695,,8.034375,97.53125,1.9896848285610742,1.938769005719373e-296,,0.13673851472935522,0.0,0.0,0.0,
2.0,14.0,2021-06-07,mixed use,1245.0,,,539.8705,,0.4336309236947791,,10.666805555555555,89.00902777777777,1.2236708940556087,0.0,,0.2941483950090438,0.0,0.0,0.0,
2.0,14.0,2021-06-08,mixed use,1245.0,,,548.8932,,0.4408780722891566,,9.511041666666667,87.94930555555555,1.3236764201633888,0.0,,0.2661550034541055,0.0,0.0,0.0,
2.0,14.0,2021-06-09,mixed use,1245.0,,,561.134,,0.4507100401606426,,6.511597222222223,97.25763888888889,2.168035375310097,0.0,,0.1144021535689637,0.0,0.0,0.0,
2.0,14.0,2021-06-10,mixed use,1245.0,,,558.4666,,0.4485675502008032,,8.117222222222221,85.76180555555555,1.4497053214627864,0.0,,0.23463942110867447,0.0,0.0,0.0,
2.0,14.0,2021-06-11,mixed use,1245.0,,,565.5204,,0.4542332530120482,,9.987430555555555,83.54166666666667,1.0739919036062187,0.0,,0.3416419898189538,0.0,0.0,0.0,
2.0,14.0,2021-06-12,mixed use,1245.0,,,446.7414,,0.3588284337349398,,9.160694444444443,98.73680555555555,1.9315899825189753,7.121072021889865e-309,,0.1449175987587203,0.0,0.0,0.0,
2.0,14.0,2021-06-13,mixed use,1245.0,,,447.0532,,0.359078875502008,,9.018819444444444,99.1986111111111,1.9728551289801064,4.339863219919736e-309,,0.1390592567723371,0.0,0.0,0.0,
2.0,14.0,2021-06-14,mixed use,1245.0,,,571.6845,,0.45918433734939756,,8.976319444444444,95.35833333333333,1.7625036983555973,0.0,,0.17161465416274826,0.0,0.0,0.0,
2.0,14.0,2021-06-15,mixed use,1245.0,,,580.1192,,0.4659591967871486,,9.037986111111111,96.7076388888889,1.8295275388407872,0.0,,0.16048937486189918,0.0,0.0,0.0,
2.0,14.0,2021-06-16,mixed use,1245.0,,,584.648,,0.4695967871485944,,10.253333333333332,91.56875,1.4095257599876607,0.0,,0.24425909312574315,0.0,0.0,0.0,
2.0,14.0,2021-06-17,mixed use,1245.0,,,598.4008,,0.4806432128514056,,8.196597222222222,97.32708333333333,1.9595894838899035,0.0,,0.14091625744267555,0.0,0.0,0.0,
2.0,14.0,2021-06-18,mixed use,1245.0,,,590.4035,,0.4742196787148594,,8.584444444444445,94.60694444444445,1.769638669649357,0.0,,0.1703945464246325,0.0,0.0,0.0,
2.0,14.0,2021-06-19,mixed use,1245.0,,,465.7584,,0.37410313253012045,,6.911944444444445,88.50763888888889,1.7373514104282275,5.43e-322,,0.1759858983037406,0.0,0.0,0.0,
2.0,14.0,2021-06-20,mixed use,1245.0,,,484.6279,,0.3892593574297189,,7.029513888888889,86.02152777777778,1.6358141642497548,0.0,,0.1947937126439324,0.0,0.0,0.0,
2.0,14.0,2021-06-21,mixed use,1245.0,,,578.9176,,0.4649940562248996,,6.237291666666668,88.09583333333333,1.831414125375262,0.0,,0.16018688319642913,0.0,0.0,0.0,
2.0,14.0,2021-06-22,mixed use,1245.0,,,577.8465,,0.464133734939759,,6.609513888888889,90.75347222222223,1.868320525284768,0.0,,0.15438272609322742,0.0,0.0,0.0,
2.0,14.0,2021-06-23,mixed use,1245.0,,,592.7941,,0.4761398393574297,,9.952708333333334,95.47361111111111,1.661659840791934,0.0,,0.18982364144459268,0.0,0.0,0.0,
2.0,14.0,2021-06-24,mixed use,1245.0,,,565.574,,0.4542763052208835,,13.091180555555555,99.9888888888889,1.7268620805221164,0.0,,0.17784158790560653,0.0,0.0,0.0,
2.0,14.0,2021-06-25,mixed use,1245.0,,,581.4732,,0.46704674698795184,,11.74201388888889,95.77152777777778,1.5209070890683856,0.0,,0.21851358574246127,0.0,0.0,0.0,
2.0,14.0,2021-06-26,mixed use,1245.0,,,451.3761,,0.3625510843373494,,9.438819444444444,93.84861111111111,1.6272156267986972,4.525665771226e-312,,0.19647587538279535,0.0,0.0,0.0,
2.0,14.0,2021-06-27,mixed use,1245.0,,,474.4153,,0.3810564658634538,,7.726666666666667,98.69027777777778,2.0879111474249274,0.0,,0.12394577003994962,0.0,0.0,0.0,
2.0,14.0,2021-06-28,mixed use,1245.0,,,615.8225,,0.49463654618473896,,7.744999999999999,91.80347222222223,1.7452471733393642,0.0,,0.17460182671618327,0.0,0.0,0.0,
2.0,14.0,2021-06-29,mixed use,1245.0,,,590.1029,,0.47397823293172686,,6.7531944444444445,91.81875,1.889527522950709,0.0,,0.15114320366372144,0.0,0.0,0.0,
2.0,14.0,2021-06-30,mixed use,1245.0,,,594.9722,,0.47788931726907635,,7.785763888888889,95.38819444444445,1.9098259040597214,0.0,,0.1481061690338474,0.0,0.0,0.0,
2.0,14.0,2021-07-01,mixed use,1245.0,,,536.9873,,0.4313151004016064,,9.608055555555556,96.35416666666667,1.74810836753532,0.0,,0.17410297098486188,0.0,0.0,0.0,
2.0,14.0,2021-07-02,mixed use,1245.0,,,528.7643,,0.42471028112449805,,9.959375,95.02777777777777,1.6353485686323432,0.0,,0.1948844288597362,0.0,0.0,0.0,
2.0,14.0,2021-07-03,mixed use,1245.0,,,417.7514,,0.33554329317269077,,7.096875,91.85694444444445,1.8406085114190998,7.061376523311329e-289,,0.1587208132875657,0.0,0.0,0.0,
2.0,14.0,2021-07-04,mixed use,1245.0,,,422.1177,,0.33905036144578315,,7.05125,98.28333333333333,2.1490953192521247,6.873214836699428e-292,,0.11658958643091479,0.0,0.0,0.0,
2.0,14.0,2021-07-05,mixed use,1245.0,,,557.2179,,0.447564578313253,,7.463402777777778,94.27847222222222,1.8982006142510042,0.0,,0.14983799314567905,0.0,0.0,0.0,
2.0,14.0,2021-07-06,mixed use,1245.0,,,541.1218,,0.434635983935743,,6.794513888888889,89.48680555555555,1.7914956516653282,0.0,,0.16671064206094008,0.0,0.0,0.0,
2.0,14.0,2021-07-07,mixed use,1245.0,,,562.3067,,0.4516519678714859,,5.5621527777777775,91.41111111111111,2.0548657760000077,0.0,,0.12811002986421072,0.0,0.0,0.0,
2.0,14.0,2021-07-08,mixed use,1245.0,,,580.7872,,0.46649574297188756,,4.944444444444445,92.25,2.182258736098046,0.0,,0.11278648780028205,0.0,0.0,0.0,
2.0,14.0,2021-07-09,mixed use,1245.0,,,565.1571,,0.45394144578313256,,7.661736111111111,83.9486111111111,1.4700189398248837,0.0,,0.2299211304795369,0.0,0.0,0.0,
2.0,14.0,2021-07-10,mixed use,1245.0,,,463.0759,,0.37194851405622487,,6.8474305555555555,86.94375,1.6946501872056063,3.8507e-320,,0.18366346562180877,0.0,0.0,0.0,
2.0,14.0,2021-07-11,mixed use,1245.0,,,462.204,,0.37124819277108434,,6.477152777777778,89.14027777777778,1.8286604830305515,1.538e-319,,0.16062858845110842,0.0,0.0,0.0,
2.0,14.0,2021-07-12,mixed use,1245.0,,,578.8679,,0.4649541365461847,,7.7555555555555555,91.45972222222223,1.7284776189672875,0.0,,0.17755450993837976,0.0,0.0,0.0,
2.0,14.0,2021-07-13,mixed use,1245.0,,,563.7756,,0.4528318072289157,,9.150625,89.15,1.4284262457042174,0.0,,0.23968583219218884,0.0,0.0,0.0,
2.0,14.0,2021-07-14,mixed use,1245.0,,,558.5903,,0.448666907630522,,8.065625,97.0375,1.9597992067438834,0.0,,0.14088670718178334,0.0,0.0,0.0,
2.0,14.0,2021-07-15,mixed use,1245.0,,,539.0231,,0.432950281124498,,10.126527777777778,94.82430555555555,1.6062770196879343,0.0,,0.20063317872706912,0.0,0.0,0.0,
2.0,14.0,2021-07-16,mixed use,1245.0,,,547.3278,,0.4396207228915663,,9.21638888888889,95.93194444444444,1.7666286288899644,0.0,,0.17090821364635245,0.0,0.0,0.0,
2.0,14.0,2021-07-17,mixed use,1245.0,,,462.6716,,0.3716237751004016,,8.057569444444445,95.29444444444445,1.8705386197611902,7.3186e-320,,0.15404067011770134,0.0,0.0,0.0,
2.0,14.0,2021-07-18,mixed use,1245.0,,,461.2674,,0.37049590361445783,,9.702708333333334,89.98055555555555,1.39385358158332,6.80753e-319,,0.2481173196470401,0.0,0.0,0.0,
2.0,14.0,2021-07-19,mixed use,1245.0,,,558.5338,,0.4486215261044177,,8.5025,93.01597222222222,1.6995200376922805,0.0,,0.18277122630372508,0.0,0.0,0.0,
2.0,14.0,2021-07-20,mixed use,1245.0,,,573.7741,,0.4608627309236948,,7.975763888888889,94.95138888888889,1.8636394091842283,0.0,,0.1551071036830227,0.0,0.0,0.0,
2.0,14.0,2021-07-21,mixed use,1245.0,,,576.297,,0.46288915662650604,,5.987847222222222,85.76180555555555,1.8030028177693382,0.0,,0.16480327028037522,0.0,0.0,0.0,
2.0,14.0,2021-07-22,mixed use,1245.0,,,572.4767,,0.45982064257028116,,4.936388888888889,92.02222222222223,2.1751972505993487,0.0,,0.11358574660433758,0.0,0.0,0.0,
2.0,14.0,2021-07-23,mixed use,1245.0,,,546.9079,,0.43928345381526107,,7.003125,98.00694444444444,2.141154783030309,0.0,,0.11751905562320544,0.0,0.0,0.0,
2.0,14.0,2021-07-24,mixed use,1245.0,,,459.4515,,0.36903734939759036,,8.471875,96.24444444444444,1.869255526957325,1.217695e-317,,0.15423844544794987,0.0,0.0,0.0,
2.0,14.0,2021-07-25,mixed use,1245.0,,,476.9378,,0.38308257028112447,,7.108333333333333,89.84027777777777,1.7566312286077506,0.0,,0.1726254209715944,0.0,0.0,0.0,
2.0,14.0,2021-07-26,mixed use,1245.0,,,542.0468,,0.43537895582329317,,10.831111111111111,94.72083333333333,1.5311315373014165,0.0,,0.21629078770268848,0.0,0.0,0.0,
2.0,14.0,2021-07-27,mixed use,1245.0,,,548.1389,,0.4402722088353414,,8.777018633540372,99.0,1.9867988549119195,0.0,,0.1371337084647498,0.0,0.0,0.0,
2.0,14.0,2021-07-31,mixed use,1245.0,,,457.7477,,0.36766883534136546,,10.767391304347827,86.32608695652173,1.075703522949869,1.82290214e-316,,0.3410577289393276,0.0,0.0,0.0,
2.0,14.0,2021-08-01,mixed use,1245.0,,,471.1597,,0.37844152610441767,,9.781132075471698,85.90566037735849,1.1965206620666686,0.0,,0.302243993572548,0.0,0.0,0.0,
2.0,14.0,2021-08-02,mixed use,1245.0,,,574.223,,0.46122329317269073,,6.4450980392156865,86.90196078431373,1.7594047848061678,0.0,,0.17214729802219045,0.0,0.0,0.0,
2.0,14.0,2021-08-03,mixed use,1245.0,,,537.4857,,0.4317154216867469,,8.763636363636364,94.35064935064935,1.7343504280120032,0.0,,0.17651482213866493,0.0,0.0,0.0,
2.0,14.0,2021-08-04,mixed use,1245.0,,,548.1001,,0.44024104417670684,,8.796363636363637,89.47272727272727,1.4926537385036858,0.0,,0.22477536831832837,0.0,0.0,0.0,
2.0,14.0,2021-08-05,mixed use,1245.0,,,529.3208,,0.4251572690763052,,10.74561403508772,87.63157894736842,1.1428025495307361,0.0,,0.31892396796899586,0.0,0.0,0.0,
2.0,14.0,2021-08-06,mixed use,1245.0,,,540.1837,,0.4338824899598394,,10.621153846153845,86.90384615384616,1.1229536094464438,0.0,,0.3253175133405632,0.0,0.0,0.0,
2.0,14.0,2021-08-07,mixed use,1245.0,,,453.964,,0.364629718875502,,9.756603773584906,88.43396226415095,1.3119392659014275,7.423942125e-314,,0.26929731058519724,0.0,0.0,0.0,
2.0,14.0,2021-08-08,mixed use,1245.0,,,467.7206,,0.37567919678714856,,7.563492063492063,87.80952380952381,1.6095687221144397,2.5e-323,,0.19997383977497477,0.0,0.0,0.0,
2.0,14.0,2021-08-09,mixed use,1245.0,,,548.9359,,0.4409123694779116,,9.065384615384614,90.59615384615384,1.5076686934067864,0.0,,0.22142558763609319,0.0,0.0,0.0,
2.0,14.0,2021-08-10,mixed use,1245.0,,,546.2737,,0.43877405622489957,,10.021153846153847,83.61538461538461,1.0712723500660628,0.0,,0.34257236803509666,0.0,0.0,0.0,
2.0,14.0,2021-08-11,mixed use,1245.0,,,547.3203,,0.4396146987951807,,12.576666666666666,80.06666666666666,0.5414892775651254,0.0,,0.581881024407479,0.0,0.0,0.0,
2.0,14.0,2021-08-12,mixed use,1245.0,,,537.5676,,0.43178120481927706,,10.108928571428573,87.73214285714286,1.2311186006847235,0.0,,0.2919658018032599,0.0,0.0,0.0,
2.0,14.0,2021-08-13,mixed use,1245.0,,,549.8618,,0.44165606425702814,,10.510416666666666,86.85416666666667,1.135360406896491,0.0,,0.3213062994579329,0.0,0.0,0.0,
2.0,14.0,2021-08-14,mixed use,1245.0,,,475.9457,,0.38228570281124497,,7.938888888888889,88.27777777777777,1.5690341374589825,0.0,,0.2082462224784305,0.0,0.0,0.0,
2.0,14.0,2021-08-15,mixed use,1245.0,,,484.7136,,0.3893281927710843,,6.445762711864407,93.64406779661017,2.011682211371319,0.0,,0.13376346687331478,0.0,0.0,0.0,
2.0,14.0,2021-08-16,mixed use,1245.0,,,564.3783,,0.4533159036144578,,7.849090909090909,89.76363636363637,1.642227171850929,0.0,,0.19354849614315892,0.0,0.0,0.0,
2.0,14.0,2021-08-17,mixed use,1245.0,,,558.8554,,0.44887983935742976,,8.966037735849056,88.9622641509434,1.4459049902679897,0.0,,0.23553282516063692,0.0,0.0,0.0,
2.0,14.0,2021-08-18,mixed use,1245.0,,,555.5068,,0.44619020080321287,,7.303174603174604,91.41269841269842,1.7916435541761924,0.0,,0.16668598696171197,0.0,0.0,0.0,
2.0,14.0,2021-08-19,mixed use,1245.0,,,552.7051,,0.44393983935742976,,7.043548387096774,92.2258064516129,1.8641224070960862,0.0,,0.1550322053651511,0.0,0.0,0.0,
2.0,14.0,2021-08-20,mixed use,1245.0,,,557.6912,,0.44794473895582326,,8.79,92.32,1.6278356265619405,0.0,,0.19635409814140636,0.0,0.0,0.0,
2.0,14.0,2021-08-21,mixed use,1245.0,,,455.9029,,0.3661870682730924,,11.551923076923078,87.26923076923077,1.026382072441625,3.41385783e-315,,0.35830092521406165,0.0,0.0,0.0,
2.0,14.0,2021-08-22,mixed use,1245.0,,,469.0982,,0.376785702811245,,11.027272727272727,85.14545454545454,0.9848356993751615,5e-324,,0.373500588275701,0.0,0.0,0.0,
2.0,14.0,2021-08-23,mixed use,1245.0,,,545.8201,,0.438409718875502,,9.6609375,96.390625,1.74467787131589,0.0,,0.1747012561894498,0.0,0.0,0.0,
2.0,14.0,2021-08-24,mixed use,1245.0,,,547.5656,,0.43981172690763054,,8.894915254237288,79.40677966101696,1.1556016417760757,0.0,,0.3148680421370446,0.0,0.0,0.0,
2.0,14.0,2021-08-25,mixed use,1245.0,,,546.0063,,0.43855927710843373,,7.797916666666667,75.27083333333333,1.3290243918686944,0.0,,0.2647354133736487,0.0,0.0,0.0,
2.0,14.0,2021-08-26,mixed use,1245.0,,,563.8981,,0.45293020080321283,,8.083333333333334,79.02083333333333,1.296654104224483,0.0,,0.2734451832110684,0.0,0.0,0.0,
2.0,14.0,2021-08-27,mixed use,1245.0,,,546.2909,,0.4387878714859437,,9.810416666666667,84.66666666666667,1.1429496136468729,0.0,,0.31887706914618313,0.0,0.0,0.0,
2.0,14.0,2021-08-28,mixed use,1245.0,,,459.22429999999997,,0.368854859437751,,9.305555555555555,86.33333333333333,1.2849826275760912,1.746841e-317,,0.2766553897649338,0.0,0.0,0.0,
2.0,14.0,2021-08-29,mixed use,1245.0,,,459.4472,,0.36903389558232935,,8.76031746031746,95.61904761904762,1.8017778416028027,1.226039e-317,,0.16500527405828253,0.0,0.0,0.0,
2.0,14.0,2021-08-30,mixed use,1245.0,,,527.8382,,0.4239664257028113,,9.639622641509433,88.86792452830188,1.3482486547654673,0.0,,0.2596946776453466,0.0,0.0,0.0,
2.0,14.0,2021-08-31,mixed use,1245.0,,,525.3638,,0.42197895582329314,,9.464285714285714,86.73214285714286,1.2776683215416682,0.0,,0.27868635043114076,0.0,0.0,0.0,
2.0,14.0,2021-09-01,mixed use,1245.0,,,529.326,,0.42516144578313253,,13.102083333333333,79.6875,0.4476900830390812,0.0,,0.6391027221160036,0.0,0.0,0.0,
2.0,14.0,2021-09-02,mixed use,1245.0,,,527.755,,0.4238995983935743,,14.078,77.42,0.20930644971767856,0.0,,0.8111466218982745,0.0,0.0,0.0,
2.0,14.0,2021-09-03,mixed use,1245.0,,,512.7370999999999,,0.41183702811244977,,18.847540983606557,76.88524590163935,0.7100218583496977,0.0,,0.49163345104762,0.0,0.0,0.0,
2.0,14.0,2021-09-04,mixed use,1245.0,,,436.1829,,0.3503477108433735,,12.775714285714285,98.1,1.6122073114865094,1.3659970457055224e-301,,0.19944688643911582,0.0,0.0,0.0,
2.0,14.0,2021-09-05,mixed use,1245.0,,,447.0976,,0.35911453815261046,,10.340000000000002,83.12727272727273,1.003452692167797,4.044365427600317e-309,,0.36661145694546426,0.0,0.0,0.0,
2.0,14.0,2021-09-06,mixed use,1245.0,,,542.7324,,0.43592963855421685,,11.17,76.36,0.7093205218457432,0.0,,0.49197837247225973,0.0,0.0,0.0,
2.0,14.0,2021-09-07,mixed use,1245.0,,,543.261,,0.43635421686746984,,9.893749999999999,84.14583333333333,1.1105350766409727,0.0,,0.32938266894240176,0.0,0.0,0.0,
2.0,14.0,2021-09-08,mixed use,1245.0,,,543.2811,,0.4363703614457832,,9.00677966101695,91.05084745762711,1.5373447896902486,0.0,,0.214951084715583,0.0,0.0,0.0,
2.0,14.0,2021-09-09,mixed use,1245.0,,,521.3649,,0.4187669879518073,,10.487037037037036,89.29629629629629,1.2605075072486323,0.0,,0.2835101065485163,0.0,0.0,0.0,
2.0,14.0,2021-09-10,mixed use,1245.0,,,513.9708,,0.412827951807229,,12.910416666666668,80.29166666666667,0.5015468394789621,0.0,,0.6055931793956982,0.0,0.0,0.0,
2.0,14.0,2021-09-11,mixed use,1245.0,,,425.4848,,0.341754859437751,,15.305769230769231,64.98076923076923,0.7498185408536612,3.270736885545555e-294,,0.47245227574981086,0.0,0.0,0.0,
2.0,14.0,2021-09-12,mixed use,1245.0,,,435.6323,,0.3499054618473895,,12.16734693877551,74.59183673469387,0.5301820250054401,3.2751820479406362e-301,,0.5884978386061103,0.0,0.0,0.0,
2.0,14.0,2021-09-13,mixed use,1245.0,,,530.9666,,0.4264791967871486,,9.46551724137931,83.43103448275862,1.154213577052867,0.0,,0.3153054028310534,0.0,0.0,0.0,
2.0,14.0,2021-09-14,mixed use,1245.0,,,539.3468,,0.433210281124498,,9.525,68.83333333333333,1.1187535294555733,0.0,,0.3266867463502595,0.0,0.0,0.0,
2.0,14.0,2021-09-15,mixed use,1245.0,,,539.0689,,0.43298706827309236,,9.160416666666666,79.625,1.111622438260579,0.0,,0.32902470552314195,0.0,0.0,0.0,
2.0,14.0,2021-09-16,mixed use,1245.0,,,530.6798,,0.4262488353413655,,10.049999999999999,83.16666666666667,1.0509520219347581,0.0,,0.34960475923018736,0.0,0.0,0.0,
2.0,14.0,2021-09-17,mixed use,1245.0,,,523.0541,,0.42012377510040155,,11.568,84.34,0.8735880044669561,0.0,,0.4174510427392927,0.0,0.0,0.0,
2.0,14.0,2021-09-18,mixed use,1245.0,,,424.9157,,0.3412977510040161,,13.660377358490566,78.83018867924528,0.330387754700936,8.07591951556899e-294,,0.7186450214141131,0.0,0.0,0.0,
2.0,14.0,2021-09-19,mixed use,1245.0,,,435.30129999999997,,0.3496395983935743,,11.014000000000001,77.98,0.7532607519678007,5.540491673883605e-301,,0.4708287910668648,0.0,0.0,0.0,
2.0,14.0,2021-09-20,mixed use,1245.0,,,525.4202,,0.42202425702811247,,10.303703703703704,81.70370370370371,0.9622935699455906,0.0,,0.38201570068689933,0.0,0.0,0.0,
2.0,14.0,2021-09-21,mixed use,1245.0,,,548.2569,,0.44036698795180723,,8.5,75.875,1.1994642470490977,0.0,,0.301355620833821,0.0,0.0,0.0,
2.0,14.0,2021-09-22,mixed use,1245.0,,,523.0404,,0.4201127710843373,,10.792,82.4,0.9060471966669953,0.0,,0.4041184719264062,0.0,0.0,0.0,
2.0,14.0,2021-09-23,mixed use,1245.0,,,526.6728,,0.42303036144578315,,11.840000000000002,88.36363636363636,1.0569106095738283,0.0,,0.3475278026423551,0.0,0.0,0.0,
2.0,14.0,2021-09-24,mixed use,1245.0,,,552.121,,0.44347068273092366,,12.720338983050848,76.01694915254237,0.42303671083291106,0.0,,0.655054585070977,0.0,0.0,0.0,
2.0,14.0,2021-09-25,mixed use,1245.0,,,472.9249,,0.3798593574297189,,10.285416666666666,67.58333333333333,1.0389050971448361,0.0,,0.35384189243947556,0.0,0.0,0.0,
2.0,14.0,2021-09-26,mixed use,1245.0,,,478.2795,,0.3841602409638554,,10.308333333333334,62.270833333333336,1.2760019554436204,0.0,,0.2791511310572778,0.0,0.0,0.0,
2.0,14.0,2021-09-27,mixed use,1245.0,,,563.6486,,0.45272979919678713,,10.660416666666666,75.9375,0.8018669247622193,0.0,,0.4484908833080576,0.0,0.0,0.0,
2.0,14.0,2021-09-28,mixed use,1245.0,,,550.0015,,0.44176827309236943,,13.838,81.8,0.4756882622235316,0.0,,0.6214571837344853,0.0,0.0,0.0,
2.0,14.0,2021-09-29,mixed use,1245.0,,,541.5692,,0.43499534136546186,,13.992105263157896,98.89473684210526,1.6248949908478776,0.0,,0.1969323538179531,0.0,0.0,0.0,
2.0,14.0,2021-09-30,mixed use,1245.0,,,524.9584,,0.4216533333333333,,14.174666666666665,97.44,1.5205240765351988,0.0,,0.2185972952143373,0.0,0.0,0.0,
2.0,14.0,2021-10-01,mixed use,1245.0,,,494.2801,,0.3970121285140562,,13.852307692307692,92.55384615384615,1.1917388697063158,0.0,,0.30369272259215846,0.0,0.0,0.0,
2.0,14.0,2021-10-02,mixed use,1245.0,,,439.557,,0.3530578313253012,,15.255999999999998,87.2,0.8007072268397011,6.4284620024764665e-304,,0.44901129895784675,0.0,0.0,0.0,
2.0,14.0,2021-10-03,mixed use,1245.0,,,470.0906,,0.3775828112449799,,13.253333333333334,92.4,1.206075502419992,0.0,,0.2993698533080816,0.0,0.0,0.0,
2.0,14.0,2021-10-04,mixed use,1245.0,,,525.3808,,0.4219926104417671,,12.217543859649123,89.54385964912281,1.0918500875352546,0.0,,0.3355950388128169,0.0,0.0,0.0,
2.0,14.0,2021-10-05,mixed use,1245.0,,,545.3952,,0.4380684337349398,,10.837037037037037,85.5,1.0274109673336294,0.0,,0.3579324608103853,0.0,0.0,0.0,
2.0,14.0,2021-10-06,mixed use,1245.0,,,532.2965,,0.42754738955823296,,11.32777777777778,84.0925925925926,0.894902811210679,0.0,,0.4086473126485146,0.0,0.0,0.0,
2.0,14.0,2021-10-07,mixed use,1245.0,,,524.856,,0.4215710843373494,,14.543750000000001,60.729166666666664,1.0476147822302462,0.0,,0.35077342308465115,0.0,0.0,0.0,
2.0,14.0,2021-10-08,mixed use,1245.0,,,495.101,,0.3976714859437751,,11.864583333333334,78.625,0.6143249796764141,0.0,,0.5410059621013021,0.0,0.0,0.0,
2.0,14.0,2021-10-09,mixed use,1245.0,,,427.9584,,0.34374168674698796,,15.208333333333334,77.41666666666667,0.12335702272877883,6.433363218610614e-296,,0.8839480166847823,0.0,0.0,0.0,
2.0,14.0,2021-10-10,mixed use,1245.0,,,474.0164,,0.3807360642570281,,14.581249999999999,83.5625,0.5519844435212921,0.0,,0.575806021334902,0.0,0.0,0.0,
2.0,14.0,2021-10-11,mixed use,1245.0,,,527.2594,,0.4235015261044177,,12.18125,64.9375,0.9144038644707774,0.0,,0.40075545946313235,0.0,0.0,0.0,
2.0,14.0,2021-10-12,mixed use,1245.0,,,499.8154,,0.40145815261044177,,14.508333333333333,63.604166666666664,0.8489377186244071,0.0,,0.42786920811242146,0.0,0.0,0.0,
2.0,14.0,2021-10-13,mixed use,1245.0,,,498.1642,,0.4001318875502008,,14.317543859649124,85.75438596491227,0.7105277338399052,0.0,,0.4913848086309236,0.0,0.0,0.0,
2.0,14.0,2021-10-14,mixed use,1245.0,,,508.3588,,0.40832032128514056,,12.97258064516129,84.12903225806451,0.6959849192867671,0.0,,0.49858314192390707,0.0,0.0,0.0,
2.0,14.0,2021-10-15,mixed use,1245.0,,,479.6907,,0.38529373493975905,,12.262745098039215,84.13725490196079,0.7748725620003317,0.0,,0.46076249590843177,0.0,0.0,0.0,
2.0,14.0,2021-10-16,mixed use,1245.0,,,434.1399,,0.34870674698795184,,13.336231884057971,77.92753623188406,0.345268837130109,3.504641882529402e-300,,0.708029983130943,0.0,0.0,0.0,
2.0,14.0,2021-10-17,mixed use,1245.0,,,481.5265,,0.3867682730923695,,12.322916666666666,78.08333333333333,0.5222967941631157,0.0,,0.5931566235721506,0.0,0.0,0.0,
2.0,14.0,2021-10-18,mixed use,1245.0,,,500.7425,,0.4022028112449799,,13.803636363636365,86.83636363636364,0.8056703329536701,0.0,,0.44678832921520056,0.0,0.0,0.0,
2.0,14.0,2021-10-19,mixed use,1245.0,,,528.4395,,0.42444939759036143,,13.70392156862745,73.47058823529412,0.28784122329318657,0.0,,0.7498806463668133,0.0,0.0,0.0,
2.0,14.0,2021-10-20,mixed use,1245.0,,,488.5342,,0.39239694779116463,,15.954166666666666,67.9375,0.5688668908770947,0.0,,0.5661666039198415,0.0,0.0,0.0,
2.0,14.0,2021-10-21,mixed use,1245.0,,,454.1291,,0.3647623293172691,,16.35625,78.77083333333333,0.32562868457442545,5.7115509265e-314,,0.7220732545977259,0.0,0.0,0.0,
2.0,14.0,2021-10-22,mixed use,1245.0,,,450.4964,,0.3618444979919679,,18.537499999999998,75.58333333333333,0.6483676072322548,1.8300816508426e-311,,0.5228986564393525,0.0,0.0,0.0,
2.0,14.0,2021-10-23,mixed use,1245.0,,,432.2389,,0.34717983935742974,,17.722916666666666,81.77083333333333,0.652622323087043,7.176135424973519e-299,,0.5206785974445247,0.0,0.0,0.0,
2.0,14.0,2021-10-24,mixed use,1245.0,,,481.1512,,0.386466827309237,,13.625,64.79166666666667,0.8029854598446526,0.0,,0.44798951097447137,0.0,0.0,0.0,
2.0,14.0,2021-10-25,mixed use,1245.0,,,497.4043,,0.39952152610441766,,12.366666666666667,64.08333333333333,0.9458118559442218,0.0,,0.38836414713837236,0.0,0.0,0.0,
2.0,14.0,2021-10-26,mixed use,1245.0,,,544.2718,,0.4371661044176707,,14.214583333333332,69.79166666666667,0.4384188113254624,0.0,,0.6450555696989362,0.0,0.0,0.0,
2.0,14.0,2021-10-27,mixed use,1245.0,,,471.7401,,0.3789077108433735,,16.35625,68.875,0.5367957606038789,0.0,,0.5846185120619676,0.0,0.0,0.0,
2.0,14.0,2021-10-28,mixed use,1245.0,,,521.0457,,0.41851060240963855,,19.220408163265304,65.87755102040816,1.0338979687315701,0.0,,0.3556180672897717,0.0,0.0,0.0,
2.0,14.0,2021-10-29,mixed use,1245.0,,,440.6682,,0.3539503614457831,,16.594545454545454,58.345454545454544,1.2444286340882764,1.1006216264083005e-304,,0.28810547475967085,0.0,0.0,0.0,
2.0,14.0,2021-10-30,mixed use,1245.0,,,396.7547,,0.31867847389558235,,11.572916666666666,55.541666666666664,1.5415705625865417,2.1464420536393255e-274,,0.2140446667548256,0.0,0.0,0.0,
2.0,14.0,2021-10-31,mixed use,1245.0,,,461.5081,,0.37068923694779116,,12.731250000000001,64.41666666666667,0.8924817765032917,4.64476e-319,,0.40963786056712853,0.0,0.0,0.0,
2.0,14.0,2021-11-01,mixed use,1245.0,,,521.9014,,0.4191979116465863,,15.456249999999999,65.91666666666667,0.6875364128003235,0.0,,0.5028132687984421,0.0,0.0,0.0,
2.0,14.0,2021-11-02,mixed use,1245.0,,,444.8988,,0.35734843373493974,,19.458333333333332,61.1875,1.3012017276911145,1.3289540570436442e-307,,0.2722044807411282,0.0,0.0,0.0,
2.0,14.0,2021-11-03,mixed use,1245.0,,,532.6179,,0.42780554216867467,,19.935185185185187,76.18518518518519,0.9061638846122101,0.0,,0.4040713189234408,0.0,0.0,0.0,
2.0,14.0,2021-11-04,mixed use,1245.0,,,549.4456,,0.4413217670682731,,19.574137931034482,85.36206896551724,1.0747193033755742,0.0,,0.3413935698756155,0.0,0.0,0.0,
2.0,14.0,2021-11-05,mixed use,1245.0,,,500.5447,,0.40204393574297187,,19.385416666666668,74.1875,0.8114337113682757,0.0,,0.444220725146874,0.0,0.0,0.0,
2.0,14.0,2021-11-06,mixed use,1245.0,,,441.6438,,0.35473397590361444,,19.086206896551722,85.67241379310344,1.0207075386975537,2.3372297300169505e-305,,0.3603398955363787,0.0,0.0,0.0,
2.0,14.0,2021-11-07,mixed use,1245.0,,,494.4479,,0.3971469076305221,,20.814583333333335,78.33333333333333,1.0828677115619458,0.0,,0.3386230586734962,0.0,0.0,0.0,
2.0,14.0,2021-11-08,mixed use,1245.0,,,522.4943,,0.4196741365461847,,18.98125,70.41666666666667,0.8181030625026262,0.0,,0.44126791874619375,0.0,0.0,0.0,
2.0,14.0,2021-11-09,mixed use,1245.0,,,462.052,,0.3711261044176707,,16.56935483870968,69.79032258064517,0.5023313716517641,1.95793e-319,,0.6051182583825991,0.0,0.0,0.0,
2.0,14.0,2021-11-10,mixed use,1245.0,,,535.47,,0.4300963855421687,,17.216666666666665,69.9375,0.5712556033710409,0.0,,0.5648158086524663,0.0,0.0,0.0,
2.0,14.0,2021-11-11,mixed use,1245.0,,,466.8119,,0.37494931726907627,,14.808163265306122,69.89795918367346,0.4072659167713378,1.04e-322,,0.6654672078799164,0.0,0.0,0.0,
2.0,14.0,2021-11-12,mixed use,1245.0,,,436.6924,,0.3507569477911647,,13.656962025316457,97.81012658227849,1.558598119016136,6.081539013426098e-302,,0.21043086354661802,0.0,0.0,0.0,
2.0,14.0,2021-11-13,mixed use,1245.0,,,406.5164,,0.3265191967871486,,13.00923076923077,89.58461538461539,1.0337874310241548,3.9666245501860594e-281,,0.35565737866830016,0.0,0.0,0.0,
2.0,14.0,2021-11-14,mixed use,1245.0,,,457.6454,,0.3675866666666667,,11.72456140350877,73.96491228070175,0.6180440117546718,2.1445023e-316,,0.5389976803206459,0.0,0.0,0.0,
2.0,14.0,2021-11-15,mixed use,1245.0,,,543.8342,,0.4368146184738956,,11.312962962962963,70.66666666666667,0.767098972726643,0.0,,0.46435823208531407,0.0,0.0,0.0,
2.0,14.0,2021-11-16,mixed use,1245.0,,,535.8394,,0.43039309236947787,,11.683333333333332,69.10416666666667,0.767190840686268,0.0,,0.4643155744014645,0.0,0.0,0.0,
2.0,14.0,2021-11-17,mixed use,1245.0,,,540.7746,,0.43435710843373493,,14.854166666666666,69.95833333333333,0.4023657732696382,0.0,,0.6687360951617102,0.0,0.0,0.0,
2.0,14.0,2021-11-18,mixed use,1245.0,,,518.5325,,0.41649196787148596,,16.912727272727274,68.49090909090908,0.6127140487120601,0.0,,0.541878187716551,0.0,0.0,0.0,
2.0,14.0,2021-11-19,mixed use,1245.0,,,540.6446,,0.4342526907630522,,18.604166666666668,73.20833333333333,0.6833389354501915,0.0,,0.5049282517968948,0.0,0.0,0.0,
2.0,14.0,2021-11-20,mixed use,1245.0,,,462.4584,,0.3714525301204819,,16.486,81.08,0.46107185455803507,1.02677e-319,,0.6306073637566614,0.0,0.0,0.0,
2.0,14.0,2021-11-21,mixed use,1245.0,,,506.3951,,0.40674305220883533,,17.822,71.78,0.5849430745389491,0.0,,0.5571375762228818,0.0,0.0,0.0,
2.0,14.0,2021-11-22,mixed use,1245.0,,,576.6996,,0.46321253012048197,,19.795833333333334,63.625,1.2181166088579372,0.0,,0.29578672474879053,0.0,0.0,0.0,
2.0,14.0,2021-11-23,mixed use,1245.0,,,618.6184,,0.4968822489959839,,20.008333333333333,67.97916666666667,1.0654957992362588,0.0,,0.3445569813230713,0.0,0.0,0.0,
2.0,14.0,2021-11-24,mixed use,1245.0,,,570.58,,0.4582971887550201,,19.061016949152542,97.0677966101695,1.6627713158754491,0.0,,0.18961277440530333,0.0,0.0,0.0,
2.0,14.0,2021-11-25,mixed use,1245.0,,,619.8446,,0.49786714859437753,,18.91296296296296,98.77777777777777,1.7587599283573778,0.0,,0.1722583441180092,0.0,0.0,0.0,
2.0,14.0,2021-11-26,mixed use,1245.0,,,482.8341,,0.38781855421686745,,16.591666666666665,79.1875,0.3774547355863101,0.0,,0.6856042343556392,0.0,0.0,0.0,
2.0,14.0,2021-11-27,mixed use,1245.0,,,463.0132,,0.37189815261044173,,17.258333333333333,56.041666666666664,1.4312836188105869,4.254e-320,,0.23900193787722582,0.0,0.0,0.0,
2.0,14.0,2021-11-28,mixed use,1245.0,,,506.5819,,0.4068930923694779,,17.833333333333332,57.520833333333336,1.3694642464033233,0.0,,0.25424313474523863,0.0,0.0,0.0,
2.0,14.0,2021-11-29,mixed use,1245.0,,,497.2498,,0.3993974297188755,,19.985416666666666,65.60416666666667,1.1546588458755525,0.0,,0.31516503841781607,0.0,0.0,0.0,
2.0,14.0,2021-11-30,mixed use,1245.0,,,598.9577,,0.48109052208835346,,21.912499999999998,60.270833333333336,1.6641595497666684,0.0,,0.18934973015138462,0.0,0.0,0.0,
2.0,14.0,2021-12-01,mixed use,1245.0,,,652.5157,,0.5241089959839358,,23.220408163265304,66.89795918367346,1.630517470773091,0.0,,0.19582821252680915,0.0,0.0,0.0,
2.0,14.0,2021-12-02,mixed use,1245.0,,,620.7319,,0.4985798393574297,,23.38490566037736,69.32075471698113,1.6037794674266552,0.0,,0.2011348968491016,0.0,0.0,0.0,
2.0,14.0,2021-12-03,mixed use,1245.0,,,523.1002,,0.4201608032128514,,23.579591836734696,66.75510204081633,1.6955842887763697,0.0,,0.18349198539252407,0.0,0.0,0.0,
2.0,14.0,2021-12-04,mixed use,1245.0,,,448.2781,,0.3600627309236948,,19.420833333333334,62.541666666666664,1.2246968316507616,6.20269605391174e-310,,0.29384677186176933,0.0,0.0,0.0,
2.0,14.0,2021-12-05,mixed use,1245.0,,,447.9311,,0.35978401606425703,,19.747916666666665,57.729166666666664,1.5260009129198864,1.076290813025566e-309,,0.21740334611070633,0.0,0.0,0.0,
2.0,14.0,2021-12-06,mixed use,1245.0,,,570.3209,,0.45808907630522094,,18.912499999999998,65.52083333333333,1.0095001214830326,0.0,,0.36440109032771817,0.0,0.0,0.0,
2.0,14.0,2021-12-07,mixed use,1245.0,,,513.2148,,0.41222072289156625,,21.352941176470587,74.86274509803921,1.168094077640196,0.0,,0.3109590406270577,0.0,0.0,0.0,
2.0,14.0,2021-12-08,mixed use,1245.0,,,582.3472,,0.46774875502008034,,16.971153846153847,66.76923076923077,0.719828973946335,0.0,,0.4868355103965569,0.0,0.0,0.0,
2.0,14.0,2021-12-09,mixed use,1245.0,,,516.0663,,0.41451108433734934,,14.937254901960783,83.45098039215686,0.538587470848221,0.0,,0.5835719829033476,0.0,0.0,0.0,
2.0,14.0,2021-12-10,mixed use,1245.0,,,522.2709,,0.4194946987951807,,16.59387755102041,73.71428571428571,0.3223539638388203,0.0,,0.7244417187699743,0.0,0.0,0.0,
2.0,14.0,2021-12-11,mixed use,1245.0,,,475.5626,,0.38197799196787147,,18.224999999999998,56.979166666666664,1.4326436804137406,0.0,,0.23867710146727658,0.0,0.0,0.0,
2.0,14.0,2021-12-12,mixed use,1245.0,,,502.9543,,0.40397935742971885,,19.747916666666665,58.041666666666664,1.5081832341244157,0.0,,0.22131168446175298,0.0,0.0,0.0,
2.0,14.0,2021-12-13,mixed use,1245.0,,,566.5931,,0.455094859437751,,22.193749999999998,59.458333333333336,1.7402669126753194,0.0,,0.17547355824898403,0.0,0.0,0.0,
2.0,14.0,2021-12-14,mixed use,1245.0,,,586.4447,,0.4710399196787149,,24.92,57.86,2.20706411836892,0.0,,0.11002318987435493,0.0,0.0,0.0,
2.0,14.0,2021-12-15,mixed use,1245.0,,,573.0249,,0.4602609638554217,,21.958000000000002,70.08,1.336949466553875,0.0,,0.2626456571255855,0.0,0.0,0.0,
2.0,14.0,2021-12-16,mixed use,1245.0,,,469.0766,,0.3767683534136546,,19.59107142857143,74.08928571428571,0.8498635321476321,5e-324,,0.42747326432671634,0.0,0.0,0.0,
2.0,14.0,2021-12-17,mixed use,1245.0,,,514.2051,,0.41301614457831326,,22.85625,58.0,1.8989579614064422,0.0,,0.14972455672858956,0.0,0.0,0.0,
2.0,14.0,2021-12-18,mixed use,1245.0,,,503.2175,,0.4041907630522088,,26.229411764705883,62.490196078431374,2.2605239199514986,0.0,,0.10429582777304529,0.0,0.0,0.0,
2.0,14.0,2021-12-19,mixed use,1245.0,,,506.1246,,0.4065257831325301,,21.099999999999998,84.85915492957747,1.2882143481015644,0.0,,0.2757627600051924,0.0,0.0,0.0,
2.0,14.0,2021-12-20,mixed use,1245.0,,,532.3612,,0.42759935742971894,,18.2,63.208333333333336,1.0501660958791166,0.0,,0.3498796307198269,0.0,0.0,0.0,
2.0,14.0,2021-12-21,mixed use,1245.0,,,578.8858,,0.4649685140562249,,21.618750000000002,59.729166666666664,1.64852876255449,0.0,,0.19233266758951162,0.0,0.0,0.0,
2.0,14.0,2021-12-22,mixed use,1245.0,,,582.3023,,0.46771269076305216,,23.0625,50.145833333333336,2.3165273147008647,0.0,,0.09861545209418711,0.0,0.0,0.0,
2.0,14.0,2021-12-23,mixed use,1245.0,,,587.4761,,0.4718683534136546,,22.320833333333336,58.479166666666664,1.8027765704689245,0.0,,0.16484056079365544,0.0,0.0,0.0,
2.0,14.0,2021-12-24,mixed use,1245.0,,,477.0226,,0.38315068273092373,,23.944000000000003,57.46,2.078067220891182,0.0,,0.1251719082000305,0.0,0.0,0.0,
2.0,14.0,2021-12-25,mixed use,1245.0,,,490.223,,0.39375341365461847,,24.708333333333332,59.791666666666664,2.100956427239625,0.0,,0.12233936358017827,0.0,0.0,0.0,
2.0,14.0,2021-12-26,mixed use,1245.0,,,479.8186,,0.38539646586345383,,24.364583333333332,56.354166666666664,2.1864694505626505,0.0,,0.11231257456156529,0.0,0.0,0.0,
2.0,14.0,2021-12-27,mixed use,1245.0,,,552.2337,,0.44356120481927713,,20.258333333333333,49.291666666666664,2.078208503715057,0.0,,0.12515422480857938,0.0,0.0,0.0,
2.0,14.0,2021-12-28,mixed use,1245.0,,,552.631,,0.44388032128514054,,20.533333333333335,49.604166666666664,2.0831665204222176,0.0,,0.12453524379808087,0.0,0.0,0.0,
2.0,14.0,2021-12-29,mixed use,1245.0,,,534.2925,,0.4291506024096386,,21.70625,53.958333333333336,1.9528748085464909,0.0,,0.14186564822034978,0.0,0.0,0.0,
2.0,14.0,2021-12-30,mixed use,1245.0,,,553.0536,,0.4442197590361445,,24.354166666666668,53.833333333333336,2.297480441091996,0.0,,0.10051177028349437,0.0,0.0,0.0,
2.0,14.0,2021-12-31,mixed use,1245.0,,,518.4766,,0.41644706827309236,,25.358333333333334,50.291666666666664,2.6001641545035263,0.0,,0.07426138687263618,0.0,0.0,0.0,
2.0,14.0,2022-01-01,mixed use,1245.0,,,597.3324,,0.47978506024096385,,26.316666666666666,49.479166666666664,2.768992360059504,0.0,,0.06272517730313557,1.0,0.0,0.0,
2.0,14.0,2022-01-02,mixed use,1245.0,,,581.5984,,0.46714730923694775,,26.986,53.42,2.6958029707521014,0.0,,0.06748816898568719,0.0,0.0,0.0,
2.0,14.0,2022-01-03,mixed use,1245.0,,,554.1745,,0.44512008032128514,,27.43958333333333,54.5,2.7229270528865124,0.0,,0.06568221745672287,0.0,0.0,0.0,
2.0,14.0,2022-01-04,mixed use,1245.0,,,482.5846,,0.3876181526104418,,26.664583333333336,60.166666666666664,2.4023886373274195,0.0,,0.09050151959362744,0.0,0.0,0.0,
2.0,14.0,2022-01-05,mixed use,1245.0,,,564.2059,,0.45317742971887554,,19.265714285714285,91.68571428571428,1.359538748984144,0.0,,0.2567791893044653,0.0,0.0,0.0,
2.0,14.0,2022-01-06,mixed use,1245.0,,,592.3545,,0.4757867469879518,,19.36875,97.1,1.6908750682825484,0.0,,0.18435812743683472,0.0,0.0,0.0,
2.0,14.0,2022-01-07,mixed use,1245.0,,,613.5175,,0.49278514056224904,,20.16829268292683,95.53658536585365,1.6745804434285096,0.0,,0.18738678234757394,0.0,0.0,0.0,
2.0,14.0,2022-01-08,mixed use,1245.0,,,598.118,,0.48041606425702815,,22.0864406779661,82.38983050847457,1.3819880236431445,0.0,,0.2510789057680406,0.0,0.0,0.0,
2.0,14.0,2022-01-09,mixed use,1245.0,,,544.8343,,0.4376179116465863,,25.170833333333334,69.1875,1.9239325133946334,0.0,,0.14603156041703103,0.0,0.0,0.0,
2.0,14.0,2022-01-10,mixed use,1245.0,,,517.1159,,0.41535413654618475,,26.889583333333334,66.47916666666667,2.278532436305555,0.0,,0.10243442550468783,0.0,0.0,0.0,
2.0,14.0,2022-01-11,mixed use,1245.0,,,595.6692,,0.47844915662650606,,24.331578947368424,74.54385964912281,1.71683313304356,0.0,,0.1796341254583043,0.0,0.0,0.0,
2.0,14.0,2022-01-12,mixed use,1245.0,,,563.9507,,0.45297244979919676,,25.21875,59.916666666666664,2.1769000787954904,0.0,,0.11339249417687775,0.0,0.0,0.0,
2.0,14.0,2022-01-13,mixed use,1245.0,,,535.0521,,0.42976072289156625,,25.650000000000002,60.458333333333336,2.227506179536777,0.0,,0.10779692138057734,0.0,0.0,0.0,
2.0,14.0,2022-01-14,mixed use,1245.0,,,489.0814,,0.3928364658634538,,24.98888888888889,74.20370370370371,1.838910954715101,0.0,,0.15899047969047309,0.0,0.0,0.0,
2.0,14.0,2022-01-15,mixed use,1245.0,,,524.4655,,0.42125742971887553,,24.220754716981133,77.77358490566037,1.7005008787142681,0.0,,0.18259204467603796,0.0,0.0,0.0,
2.0,14.0,2022-01-16,mixed use,1245.0,,,522.9065,,0.4200052208835342,,24.323076923076922,68.51923076923077,1.7851975462085214,0.0,,0.16776391660086726,0.0,0.0,0.0,
2.0,14.0,2022-01-17,mixed use,1245.0,,,597.3937,,0.479834297188755,,22.849999999999998,79.4375,1.4651996263567848,0.0,,0.2310318668237599,0.0,0.0,0.0,
2.0,14.0,2022-01-18,mixed use,1245.0,,,543.6672,,0.4366804819277108,,24.329166666666666,73.64583333333333,1.7205089514062835,0.0,,0.1789750351316514,0.0,0.0,0.0,
2.0,14.0,2022-01-19,mixed use,1245.0,,,580.2744,,0.46608385542168673,,22.93469387755102,54.795918367346935,2.0611804103289533,0.0,,0.12730361067253915,0.0,0.0,0.0,
2.0,14.0,2022-01-20,mixed use,1245.0,,,591.8259,,0.4753621686746988,,21.614583333333332,53.916666666666664,1.9445421703797987,0.0,,0.1430527021121648,0.0,0.0,0.0,
2.0,14.0,2022-01-21,mixed use,1245.0,,,513.2343,,0.4122363855421686,,21.93541666666667,59.833333333333336,1.6872013228243607,0.0,,0.18503665788111137,0.0,0.0,0.0,
2.0,14.0,2022-01-22,mixed use,1245.0,,,576.7388,,0.463244016064257,,23.297916666666666,57.541666666666664,1.981701095746939,0.0,,0.13783456797261587,0.0,0.0,0.0,
2.0,14.0,2022-01-23,mixed use,1245.0,,,592.0677000000001,,0.4755563855421687,,23.5,66.33333333333333,1.693093923866456,0.0,,0.1839495168678974,0.0,0.0,0.0,
2.0,14.0,2022-01-24,mixed use,1245.0,,,557.9535,,0.44815542168674694,,24.15416666666667,70.8125,1.716588275286513,0.0,,0.1796781156528035,0.0,0.0,0.0,
2.0,14.0,2022-01-25,mixed use,1245.0,,,446.7407,,0.3588278714859438,,25.12291666666667,70.54166666666667,1.895178188140584,7.128993439902295e-309,,0.15029155248802073,0.0,0.0,0.0,
2.0,14.0,2022-01-26,mixed use,1245.0,,,591.5547,,0.4751443373493976,,25.810204081632655,68.93877551020408,2.0424162650246203,0.0,,0.1297149063222954,0.0,0.0,0.0,
2.0,14.0,2022-01-27,mixed use,1245.0,,,500.1335,,0.4017136546184739,,26.302083333333332,59.979166666666664,2.3490853154147517,0.0,,0.09545643482550704,0.0,0.0,0.0,
2.0,14.0,2022-01-28,mixed use,1245.0,,,588.9276,,0.4730342168674699,,26.60181818181818,75.63636363636364,2.132793599362125,0.0,,0.11850577334744672,0.0,0.0,0.0,
2.0,14.0,2022-01-29,mixed use,1245.0,,,575.3451,,0.462124578313253,,24.60566037735849,87.84905660377359,1.9570098894006631,0.0,,0.14128023349729738,0.0,0.0,0.0,
2.0,14.0,2022-01-30,mixed use,1245.0,,,613.956,,0.49313734939759035,,23.252380952380953,87.61904761904762,1.727890812277914,0.0,,0.17765873068826601,0.0,0.0,0.0,
2.0,14.0,2022-01-31,mixed use,1245.0,,,326.0045,,0.26185100401606426,,25.4375,78.20833333333333,1.9262667118007135,1.3579041152053098e-225,,0.14569109129729316,0.0,0.0,0.0,
2.0,14.0,2022-02-01,mixed use,1245.0,,,490.8375,,0.39424698795180724,,24.66792452830189,84.0,1.8680183062037061,0.0,,0.15442939054992857,0.0,0.0,0.0,
2.0,14.0,2022-02-02,mixed use,1245.0,,,516.3828,,0.41476530120481925,,18.920833333333334,63.145833333333336,1.132969615205358,0.0,,0.3220753948961389,0.0,0.0,0.0,
2.0,14.0,2022-02-03,mixed use,1245.0,,,523.2437,,0.4202760642570281,,17.722916666666666,55.458333333333336,1.4964947091028764,0.0,,0.22391366867807877,0.0,0.0,0.0,
2.0,14.0,2022-02-04,mixed use,1245.0,,,435.4953,,0.349795421686747,,19.445833333333333,54.625,1.6802815153543664,4.0713038652112454e-301,,0.18632151628795976,0.0,0.0,0.0,
2.0,14.0,2022-02-05,mixed use,1245.0,,,347.2739,,0.27893485943775104,,20.929166666666667,55.3125,1.7902149557208147,2.896942378445399e-240,,0.16692428448042385,0.0,0.0,0.0,
2.0,14.0,2022-02-06,mixed use,1245.0,,,405.8358,,0.32597253012048194,,20.918000000000003,60.84,1.501459230967529,1.1691668262279475e-280,,0.22280479915510418,0.0,0.0,0.0,
2.0,14.0,2022-02-07,mixed use,1245.0,,,481.43399999999997,,0.38669397590361443,,20.425,60.854166666666664,1.4364426443443399,0.0,,0.23777209589792922,0.0,0.0,0.0,
2.0,14.0,2022-02-08,mixed use,1245.0,,,486.4509,,0.3907236144578313,,20.75,66.1875,1.2469855383533583,0.0,,0.2873697576224359,0.0,0.0,0.0,
2.0,14.0,2022-02-09,mixed use,1245.0,,,481.6285,,0.3868502008032128,,21.220833333333335,73.79166666666667,1.150116831570151,0.0,,0.31659977836902004,0.0,0.0,0.0,
2.0,14.0,2022-02-10,mixed use,1245.0,,,482.1124,,0.38723887550200803,,22.864583333333332,72.70833333333333,1.4599770496319746,0.0,,0.23224160469889485,0.0,0.0,0.0,
2.0,14.0,2022-02-11,mixed use,1245.0,,,418.7904,,0.3363778313253012,,23.024489795918367,62.6530612244898,1.7325137475320198,1.3558807794056673e-289,,0.17683932137640063,0.0,0.0,0.0,
2.0,14.0,2022-02-12,mixed use,1245.0,,,348.4816,,0.2799048995983936,,21.285416666666666,53.8125,1.9130577998267175,4.255085654737575e-241,,0.1476282779960622,0.0,0.0,0.0,
2.0,14.0,2022-02-13,mixed use,1245.0,,,425.1291,,0.341469156626506,,21.945833333333336,68.0625,1.3826905497996307,5.754342586558225e-294,,0.25090257821400813,0.0,0.0,0.0,
2.0,14.0,2022-02-14,mixed use,1245.0,,,557.7622,,0.4480017670682731,,24.010416666666668,66.6875,1.7712263529078571,0.0,,0.17012422850233763,0.0,0.0,0.0,
2.0,14.0,2022-02-15,mixed use,1245.0,,,557.0483,,0.44742835341365467,,25.802083333333332,65.0,2.1212877431375263,0.0,,0.11987715808601646,0.0,0.0,0.0,
2.0,14.0,2022-02-16,mixed use,1245.0,,,553.2422,,0.4443712449799197,,25.902083333333334,61.708333333333336,2.2289327896550866,0.0,,0.1076432468447005,0.0,0.0,0.0,
2.0,14.0,2022-02-17,mixed use,1245.0,,,506.819,,0.4070835341365462,,25.287499999999998,53.895833333333336,2.425979403835746,0.0,,0.08839150565458338,0.0,0.0,0.0,
2.0,14.0,2022-02-18,mixed use,1245.0,,,413.6725,,0.3322670682730924,,20.462500000000002,60.3125,1.4685689422814827,4.5959976428088625e-286,,0.23025475737454332,0.0,0.0,0.0,
2.0,14.0,2022-02-19,mixed use,1245.0,,,394.8087,,0.317115421686747,,21.641666666666666,63.479166666666664,1.488101386710039,4.720691942693048e-273,,0.22580095751969612,0.0,0.0,0.0,
2.0,14.0,2022-02-20,mixed use,1245.0,,,455.3538,,0.3657460240963855,,23.510416666666668,59.916666666666664,1.9122007289968779,8.16575725e-315,,0.14775486012396816,0.0,0.0,0.0,
2.0,14.0,2022-02-21,mixed use,1245.0,,,468.0517,,0.375945140562249,,21.072916666666668,51.145833333333336,2.0425964816692312,1.5e-323,,0.12969153164343833,0.0,0.0,0.0,
2.0,14.0,2022-02-22,mixed use,1245.0,,,514.5246,,0.4132727710843373,,22.04375,65.79166666666667,1.4669130321824093,0.0,,0.2306363544106363,0.0,0.0,0.0,
2.0,14.0,2022-02-23,mixed use,1245.0,,,563.806,,0.4528562248995984,,24.61111111111111,67.38888888888889,1.859187334275162,0.0,,0.15579919159801428,0.0,0.0,0.0,
2.0,14.0,2022-02-24,mixed use,1245.0,,,566.5131,,0.45503060240963855,,25.261224489795918,71.36734693877551,1.910214188260686,0.0,,0.14804867291148652,0.0,0.0,0.0,
2.0,14.0,2022-02-25,mixed use,1245.0,,,419.0428,,0.33658056224899596,,23.256,79.96,1.5453554843681259,9.080804485625469e-290,,0.21323605566358128,0.0,0.0,0.0,
2.0,14.0,2022-02-26,mixed use,1245.0,,,394.7545,,0.3170718875502008,,21.39375,80.52083333333333,1.2207535501663633,5.145066940554865e-273,,0.29500777998299466,0.0,0.0,0.0,
2.0,14.0,2022-02-27,mixed use,1245.0,,,468.5153,,0.3763175100401607,,21.96875,73.625,1.2882156239929492,5e-324,,0.27576240816208714,0.0,0.0,0.0,
2.0,14.0,2022-02-28,mixed use,1245.0,,,535.8635,,0.43041244979919685,,23.27777777777778,76.55555555555556,1.5220052417329035,0.0,,0.21827375617488579,0.0,0.0,0.0,
2.0,14.0,2022-03-01,mixed use,1245.0,,,563.8099,,0.45285935742971883,,21.459701492537313,91.76119402985074,1.6294510741753516,0.0,,0.19603715445406852,0.0,0.0,0.0,
2.0,14.0,2022-03-02,mixed use,1245.0,,,520.0077,,0.41767686746987953,,23.45625,67.91666666666667,1.6460459687203977,0.0,,0.1928107832363848,0.0,0.0,0.0,
2.0,14.0,2022-03-03,mixed use,1245.0,,,525.1504,,0.4218075502008032,,24.04375,64.60416666666667,1.8333541023998505,0.0,,0.159876425561095,0.0,0.0,0.0,
2.0,14.0,2022-03-04,mixed use,1245.0,,,413.1043,,0.33181068273092373,,24.079166666666666,74.64583333333333,1.6700900053566854,1.1331969069158947e-285,,0.18823012315692747,0.0,0.0,0.0,
2.0,14.0,2022-03-05,mixed use,1245.0,,,374.4058,,0.3007275502008032,,19.030136986301372,96.26027397260275,1.6100683188724585,5.587941395254455e-259,,0.1998739584452064,0.0,0.0,0.0,
2.0,14.0,2022-03-06,mixed use,1245.0,,,435.858,,0.35008674698795184,,21.01,76.16,1.1038630799780262,2.2885217451491012e-301,,0.3315876566661063,0.0,0.0,0.0,
2.0,14.0,2022-03-07,mixed use,1245.0,,,554.303,,0.44522329317269077,,23.735416666666666,63.104166666666664,1.8298655808231508,0.0,,0.16043513188419098,0.0,0.0,0.0,
2.0,14.0,2022-03-08,mixed use,1245.0,,,494.5844,,0.397256546184739,,22.23,62.14,1.6303609112567679,0.0,,0.19585887369713115,0.0,0.0,0.0,
2.0,14.0,2022-03-09,mixed use,1245.0,,,494.5033,,0.39719140562249,,20.224,55.1,1.7266724403187432,0.0,,0.177875317018602,0.0,0.0,0.0,
2.0,14.0,2022-03-10,mixed use,1245.0,,,477.3611,,0.38342257028112453,,17.827083333333334,53.9375,1.602841531306677,0.0,,0.20132363703312578,0.0,0.0,0.0,
2.0,14.0,2022-03-11,mixed use,1245.0,,,445.6719,,0.35796939759036145,,17.58125,63.270833333333336,0.9872820776109795,3.8927017946593796e-308,,0.3725879813115305,0.0,0.0,0.0,
2.0,14.0,2022-03-12,mixed use,1245.0,,,373.4621,,0.29996955823293175,,19.366666666666667,71.5625,0.8516625326888093,2.501410203393897e-258,,0.42670493101609425,0.0,0.0,0.0,
2.0,14.0,2022-03-13,mixed use,1245.0,,,433.6495,,0.34831285140562246,,20.839583333333334,68.95833333333333,1.1709325258687737,7.636693507231273e-300,,0.31007765097024875,0.0,0.0,0.0,
2.0,14.0,2022-03-14,mixed use,1245.0,,,492.521,,0.3955991967871486,,21.179166666666667,70.33333333333333,1.1949917623002697,0.0,,0.3027064477766953,0.0,0.0,0.0,
2.0,14.0,2022-03-15,mixed use,1245.0,,,486.9356,,0.39111293172690764,,21.429166666666664,73.79166666666667,1.1882131150764748,0.0,,0.3047653584291147,0.0,0.0,0.0,
2.0,14.0,2022-03-16,mixed use,1245.0,,,539.7573,,0.43354,,21.172916666666666,70.04166666666667,1.2004369589282071,0.0,,0.30106263116196813,0.0,0.0,0.0,
2.0,14.0,2022-03-17,mixed use,1245.0,,,509.2539,,0.40903927710843374,,21.78301886792453,84.52830188679245,1.3885761619439838,0.0,,0.24943020012611497,0.0,0.0,0.0,
2.0,14.0,2022-03-18,mixed use,1245.0,,,453.7395,,0.3644493975903615,,22.43333333333333,78.43137254901961,1.3784397751286368,1.0604428267e-313,,0.251971378543699,0.0,0.0,0.0,
2.0,14.0,2022-03-19,mixed use,1245.0,,,368.9675,,0.296359437751004,,22.724999999999998,66.52083333333333,1.5570473106513285,3.1507320277075094e-255,,0.21075745466468418,0.0,0.0,0.0,
2.0,14.0,2022-03-20,mixed use,1245.0,,,450.1377,,0.3615563855421687,,21.806382978723406,79.06382978723404,1.271541314521331,3.235116114626e-311,,0.28039910532925133,0.0,0.0,0.0,
2.0,14.0,2022-03-21,mixed use,1245.0,,,537.7029,,0.4318898795180723,,21.929166666666664,73.95833333333333,1.2785400509475056,0.0,,0.2784435172022752,0.0,0.0,0.0,
2.0,14.0,2022-03-22,mixed use,1245.0,,,541.3252,,0.43479935742971887,,22.524489795918367,74.55102040816327,1.3846227530650508,0.0,,0.25041825149259955,0.0,0.0,0.0,
2.0,14.0,2022-03-23,mixed use,1245.0,,,501.6923,,0.402965702811245,,19.988,65.62,1.1543634232066478,0.0,,0.3152581590689093,0.0,0.0,0.0,
2.0,14.0,2022-03-24,mixed use,1245.0,,,455.12489999999997,,0.36556216867469876,,17.58125,76.22916666666667,0.47359872915294293,1.1745841087e-314,,0.6227570967044554,0.0,0.0,0.0,
2.0,14.0,2022-03-25,mixed use,1245.0,,,427.8892,,0.3436861044176707,,18.618750000000002,72.5625,0.6987592446463881,7.180752282636915e-296,,0.4972018270637957,0.0,0.0,0.0,
2.0,14.0,2022-03-26,mixed use,1245.0,,,368.4309,,0.29592843373493977,,18.979166666666668,70.85416666666667,0.8044590302157236,7.388230140234591e-255,,0.44732985305010065,0.0,0.0,0.0,
2.0,14.0,2022-03-27,mixed use,1245.0,,,405.7572,,0.32590939759036147,,19.17,72.54,0.7961533813273867,1.3246226193596142e-280,,0.45106068980964725,0.0,0.0,0.0,
2.0,14.0,2022-03-28,mixed use,1245.0,,,485.5198,,0.38997574297188753,,19.845833333333335,73.35416666666667,0.904275555801254,0.0,,0.40483505930618485,0.0,0.0,0.0,
2.0,14.0,2022-03-29,mixed use,1245.0,,,449.4751,,0.3610241767068273,,20.777083333333334,65.08333333333333,1.2936521224127275,9.266792885287e-311,,0.2742672940410617,0.0,0.0,0.0,
2.0,14.0,2022-03-30,mixed use,1245.0,,,469.9394,,0.3774613654618474,,20.28125,69.20833333333333,1.0701312256240874,0.0,,0.3429635088651435,0.0,0.0,0.0,
2.0,14.0,2022-03-31,mixed use,1245.0,,,512.2488,,0.4114448192771084,,18.812962962962963,53.94444444444444,1.6698537642577487,0.0,,0.1882745961010368,0.0,0.0,0.0,
2.0,14.0,2022-04-01,mixed use,1245.0,,,393.1803,,0.3158074698795181,,16.82,48.763636363636365,1.9064688125859366,6.269344981205732e-272,,0.14860421050877393,0.0,0.0,0.0,
2.0,14.0,2022-04-02,mixed use,1245.0,,,318.1934,,0.2555770281124498,,16.073469387755104,66.24489795918367,0.6880067816997887,3.3167119645763183e-220,,0.5025768166887797,0.0,0.0,0.0,
2.0,14.0,2022-04-03,mixed use,1245.0,,,423.5365,,0.3401899598393574,,14.820833333333333,95.27083333333333,1.362028502894234,7.219690243571804e-293,,0.2561406675247566,0.0,0.0,0.0,
2.0,14.0,2022-04-04,mixed use,1245.0,,,438.8707,,0.3525065863453815,,17.472916666666666,81.60416666666667,0.6103426788488701,1.912027532258854e-303,,0.5431647061230275,0.0,0.0,0.0,
2.0,14.0,2022-04-05,mixed use,1245.0,,,447.5146,,0.35944947791164655,,16.75,77.20833333333333,0.3356543618899056,2.08553541696329e-309,,0.7148701494871758,0.0,0.0,0.0,
2.0,14.0,2022-04-06,mixed use,1245.0,,,405.8144,,0.32595534136546184,,15.787037037037036,84.66666666666667,0.639031455585192,1.2095880763243472e-280,,0.5278033775759784,0.0,0.0,0.0,
2.0,14.0,2022-04-07,mixed use,1245.0,,,394.9696,,0.31724465863453816,,18.077083333333334,78.89583333333333,0.6053878085166424,3.656134448269785e-273,,0.5458626953845835,0.0,0.0,0.0,
2.0,14.0,2022-04-08,mixed use,1245.0,,,415.1988,,0.33349301204819276,,16.918,89.54,1.0241728277512905,4.069944581325435e-287,,0.35909337466569136,0.0,0.0,0.0,
2.0,14.0,2022-04-09,mixed use,1245.0,,,335.1039,,0.2691597590361446,,18.618750000000002,89.25,1.1522774764035983,7.184618047945012e-232,,0.3159164571666631,0.0,0.0,0.0,
2.0,14.0,2022-04-10,mixed use,1245.0,,,366.2143,,0.29414803212851404,,18.917857142857144,85.39285714285714,0.9847606555577412,2.4973409865314014e-253,,0.37352861823737843,0.0,0.0,0.0,
2.0,14.0,2022-04-11,mixed use,1245.0,,,465.2941,,0.37373020080321284,,17.92542372881356,86.22033898305085,0.9064403793080574,1.136e-321,,0.40395961079107917,0.0,0.0,0.0,
2.0,14.0,2022-04-12,mixed use,1245.0,,,450.1318,,0.36155164658634537,,15.606250000000001,72.85416666666667,0.22727791267739939,3.2655737623027e-311,,0.7966993386742776,0.0,0.0,0.0,
2.0,14.0,2022-04-13,mixed use,1245.0,,,448.1333,,0.35994642570281127,,15.789583333333333,65.0625,0.755770590930184,7.80654298125573e-310,,0.46964856832648966,0.0,0.0,0.0,
2.0,14.0,2022-04-14,mixed use,1245.0,,,432.0612,,0.3470371084337349,,15.627083333333333,79.14583333333333,0.26378713616005645,9.51617047795915e-299,,0.7681370308533971,0.0,0.0,0.0,
2.0,14.0,2022-04-15,mixed use,1245.0,,,350.8627,,0.2818174297188755,,15.872549019607844,85.29411764705883,0.6851570796290534,9.694026734722423e-243,,0.5040110534871926,0.0,0.0,0.0,
2.0,14.0,2022-04-16,mixed use,1245.0,,,297.9105,,0.2392855421686747,,17.17,78.12,0.4303467265394007,3.244754960177579e-206,,0.6502835850534074,0.0,0.0,0.0,
2.0,14.0,2022-04-17,mixed use,1245.0,,,320.6518,,0.2575516465863454,,17.139583333333334,72.64583333333333,0.44575251402167726,6.683203389325708e-222,,0.6403422281758065,0.0,0.0,0.0,
2.0,14.0,2022-04-18,mixed use,1245.0,,,406.7359,,0.32669550200803216,,16.73125,85.875,0.7745153118817457,2.7990924905717375e-281,,0.4609271327712534,0.0,0.0,0.0,
2.0,14.0,2022-04-19,mixed use,1245.0,,,384.9969,,0.3092344578313253,,15.472881355932204,97.44067796610169,1.5150084928798053,2.766056571936929e-266,,0.21980631805119483,0.0,0.0,0.0,
2.0,14.0,2022-04-20,mixed use,1245.0,,,407.3633,,0.327199437751004,,13.733333333333334,90.81159420289855,1.0771877573751258,1.0333738380280147e-281,,0.3405518947981196,0.0,0.0,0.0,
2.0,14.0,2022-04-21,mixed use,1245.0,,,412.2048,,0.3310881927710843,,14.349180327868853,85.0,0.6578145474426129,4.728797920866374e-285,,0.5179821237555241,0.0,0.0,0.0,
2.0,14.0,2022-04-22,mixed use,1245.0,,,334.4445,,0.2686301204819277,,14.625,74.125,0.13233750917961723,2.047557064822126e-231,,0.8760452718565175,0.0,0.0,0.0,
2.0,14.0,2022-04-23,mixed use,1245.0,,,218.7955,,0.17573935742971888,,14.664583333333333,79.75,0.28799521808347156,1.2080765552757464e-151,,0.749765177544964,0.0,0.0,0.0,
2.0,14.0,2022-04-24,mixed use,1245.0,,,278.2709,,0.22351076305220882,,14.520833333333334,80.125,0.3200044944581836,1.1426914324298473e-192,,0.7261457734345429,0.0,0.0,0.0,
2.0,14.0,2022-04-25,mixed use,1245.0,,,386.4963,,0.3104387951807229,,14.34375,81.6875,0.43359810981929725,2.5563745636035758e-267,,0.6481726973898037,0.0,0.0,0.0,
2.0,14.0,2022-04-26,mixed use,1245.0,,,376.5395,,0.30244136546184736,,15.856250000000001,79.625,0.3128814960860659,1.885802005881862e-260,,0.7313365736803245,0.0,0.0,0.0,
2.0,14.0,2022-04-27,mixed use,1245.0,,,377.12239999999997,,0.3029095582329317,,16.056603773584907,88.56603773584905,0.9149082901246148,7.4718980228284705e-261,,0.40055335910505163,0.0,0.0,0.0,
2.0,14.0,2022-04-28,mixed use,1245.0,,,408.5369,,0.32814208835341363,,17.394202898550724,94.17391304347827,1.3576998377229568,1.6023115575855362e-282,,0.2572518178751298,0.0,0.0,0.0,
2.0,14.0,2022-04-29,mixed use,1245.0,,,339.799,,0.2729309236947791,,18.77258064516129,89.56451612903226,1.1865351326719944,4.148383135529035e-235,,0.30527717863060894,0.0,0.0,0.0,
2.0,14.0,2022-04-30,mixed use,1245.0,,,264.1551,,0.21217277108433735,,14.62280701754386,84.96491228070175,0.6478770434762422,6.2307645148341905e-183,,0.5231552344970717,0.0,0.0,0.0,
